wavelength,co2,humidity,sensor_type,predicted_transmittance
550.0,0.0,20.0,Ag/MOF,52.786816
550.6265664160401,0.0,20.0,Ag/MOF,52.788525
551.2531328320802,0.0,20.0,Ag/MOF,52.790226
551.8796992481203,0.0,20.0,Ag/MOF,52.79193
552.5062656641604,0.0,20.0,Ag/MOF,52.793636
553.1328320802005,0.0,20.0,Ag/MOF,52.79534
553.7593984962406,0.0,20.0,Ag/MOF,52.797043
554.3859649122807,0.0,20.0,Ag/MOF,52.79875
555.0125313283208,0.0,20.0,Ag/MOF,52.80046
555.6390977443609,0.0,20.0,Ag/MOF,52.802177
556.265664160401,0.0,20.0,Ag/MOF,52.803875
556.8922305764411,0.0,20.0,Ag/MOF,52.805588
557.5187969924812,0.0,20.0,Ag/MOF,52.807285
558.1453634085213,0.0,20.0,Ag/MOF,52.809002
558.7719298245614,0.0,20.0,Ag/MOF,52.810696
559.3984962406015,0.0,20.0,Ag/MOF,52.812405
560.0250626566416,0.0,20.0,Ag/MOF,52.814117
560.6516290726817,0.0,20.0,Ag/MOF,52.815823
561.2781954887218,0.0,20.0,Ag/MOF,52.817524
561.9047619047619,0.0,20.0,Ag/MOF,52.819233
562.531328320802,0.0,20.0,Ag/MOF,52.82095
563.1578947368421,0.0,20.0,Ag/MOF,52.82265
563.7844611528822,0.0,20.0,Ag/MOF,52.82436
564.4110275689223,0.0,20.0,Ag/MOF,52.82606
565.0375939849624,0.0,20.0,Ag/MOF,52.827763
565.6641604010025,0.0,20.0,Ag/MOF,52.829483
566.2907268170426,0.0,20.0,Ag/MOF,52.831177
566.9172932330827,0.0,20.0,Ag/MOF,52.832886
567.5438596491229,0.0,20.0,Ag/MOF,52.83459
568.1704260651629,0.0,20.0,Ag/MOF,52.8363
568.796992481203,0.0,20.0,Ag/MOF,52.83801
569.4235588972431,0.0,20.0,Ag/MOF,52.839706
570.0501253132832,0.0,20.0,Ag/MOF,52.84142
570.6766917293234,0.0,20.0,Ag/MOF,52.84312
571.3032581453634,0.0,20.0,Ag/MOF,52.84483
571.9298245614035,0.0,20.0,Ag/MOF,52.84654
572.5563909774436,0.0,20.0,Ag/MOF,52.84824
573.1829573934837,0.0,20.0,Ag/MOF,52.849957
573.8095238095239,0.0,20.0,Ag/MOF,52.851658
574.4360902255639,0.0,20.0,Ag/MOF,52.853374
575.062656641604,0.0,20.0,Ag/MOF,52.85507
575.6892230576441,0.0,20.0,Ag/MOF,52.85677
576.3157894736842,0.0,20.0,Ag/MOF,52.858486
576.9423558897244,0.0,20.0,Ag/MOF,52.860188
577.5689223057644,0.0,20.0,Ag/MOF,52.86189
578.1954887218045,0.0,20.0,Ag/MOF,52.863598
578.8220551378446,0.0,20.0,Ag/MOF,52.86481
579.4486215538847,0.0,20.0,Ag/MOF,52.865788
580.0751879699249,0.0,20.0,Ag/MOF,52.866764
580.7017543859649,0.0,20.0,Ag/MOF,52.867733
581.328320802005,0.0,20.0,Ag/MOF,52.868713
581.9548872180451,0.0,20.0,Ag/MOF,52.86969
582.5814536340852,0.0,20.0,Ag/MOF,52.870663
583.2080200501254,0.0,20.0,Ag/MOF,52.871643
583.8345864661654,0.0,20.0,Ag/MOF,52.872623
584.4611528822055,0.0,20.0,Ag/MOF,52.873604
585.0877192982456,0.0,20.0,Ag/MOF,52.874573
585.7142857142857,0.0,20.0,Ag/MOF,52.87555
586.3408521303259,0.0,20.0,Ag/MOF,52.876534
586.9674185463659,0.0,20.0,Ag/MOF,52.87751
587.593984962406,0.0,20.0,Ag/MOF,52.878483
588.2205513784461,0.0,20.0,Ag/MOF,52.879467
588.8471177944862,0.0,20.0,Ag/MOF,52.880444
589.4736842105264,0.0,20.0,Ag/MOF,52.881413
590.1002506265664,0.0,20.0,Ag/MOF,52.88239
590.7268170426065,0.0,20.0,Ag/MOF,52.88337
591.3533834586466,0.0,20.0,Ag/MOF,52.88429
591.9799498746867,0.0,20.0,Ag/MOF,52.885204
592.6065162907269,0.0,20.0,Ag/MOF,52.886127
593.2330827067669,0.0,20.0,Ag/MOF,52.887035
593.859649122807,0.0,20.0,Ag/MOF,52.88796
594.4862155388471,0.0,20.0,Ag/MOF,52.888878
595.1127819548872,0.0,20.0,Ag/MOF,52.88979
595.7393483709274,0.0,20.0,Ag/MOF,52.89071
596.3659147869674,0.0,20.0,Ag/MOF,52.891624
596.9924812030075,0.0,20.0,Ag/MOF,52.892544
597.6190476190476,0.0,20.0,Ag/MOF,52.89346
598.2456140350877,0.0,20.0,Ag/MOF,52.894382
598.8721804511279,0.0,20.0,Ag/MOF,52.895298
599.4987468671679,0.0,20.0,Ag/MOF,52.896214
600.125313283208,0.0,20.0,Ag/MOF,52.897137
600.7518796992481,0.0,20.0,Ag/MOF,52.898045
601.3784461152882,0.0,20.0,Ag/MOF,52.898968
602.0050125313284,0.0,20.0,Ag/MOF,52.899883
602.6315789473684,0.0,20.0,Ag/MOF,52.900806
603.2581453634085,0.0,20.0,Ag/MOF,52.901714
603.8847117794486,0.0,20.0,Ag/MOF,52.90263
604.5112781954887,0.0,20.0,Ag/MOF,52.90355
605.1378446115289,0.0,20.0,Ag/MOF,52.904465
605.7644110275689,0.0,20.0,Ag/MOF,52.905388
606.390977443609,0.0,20.0,Ag/MOF,52.906307
607.0175438596491,0.0,20.0,Ag/MOF,52.90722
607.6441102756892,0.0,20.0,Ag/MOF,52.908142
608.2706766917294,0.0,20.0,Ag/MOF,52.909054
608.8972431077694,0.0,20.0,Ag/MOF,52.90997
609.5238095238095,0.0,20.0,Ag/MOF,52.910885
610.1503759398496,0.0,20.0,Ag/MOF,52.911808
610.7769423558897,0.0,20.0,Ag/MOF,52.912724
611.4035087719299,0.0,20.0,Ag/MOF,52.91364
612.0300751879699,0.0,20.0,Ag/MOF,52.914562
612.65664160401,0.0,20.0,Ag/MOF,52.915478
613.2832080200501,0.0,20.0,Ag/MOF,52.916393
613.9097744360902,0.0,20.0,Ag/MOF,52.91731
614.5363408521304,0.0,20.0,Ag/MOF,52.918232
615.1629072681704,0.0,20.0,Ag/MOF,52.91914
615.7894736842105,0.0,20.0,Ag/MOF,52.920063
616.4160401002506,0.0,20.0,Ag/MOF,52.92097
617.0426065162907,0.0,20.0,Ag/MOF,52.921898
617.6691729323309,0.0,20.0,Ag/MOF,52.92282
618.295739348371,0.0,20.0,Ag/MOF,52.923725
618.922305764411,0.0,20.0,Ag/MOF,52.92465
619.5488721804511,0.0,20.0,Ag/MOF,52.925564
620.1754385964912,0.0,20.0,Ag/MOF,52.92648
620.8020050125314,0.0,20.0,Ag/MOF,52.927402
621.4285714285714,0.0,20.0,Ag/MOF,52.928318
622.0551378446115,0.0,20.0,Ag/MOF,52.929234
622.6817042606516,0.0,20.0,Ag/MOF,52.93015
623.3082706766917,0.0,20.0,Ag/MOF,52.931072
623.9348370927319,0.0,20.0,Ag/MOF,52.931988
624.561403508772,0.0,20.0,Ag/MOF,52.932903
625.187969924812,0.0,20.0,Ag/MOF,52.933826
625.8145363408521,0.0,20.0,Ag/MOF,52.93474
626.4411027568922,0.0,20.0,Ag/MOF,52.935658
627.0676691729324,0.0,20.0,Ag/MOF,52.936577
627.6942355889724,0.0,20.0,Ag/MOF,52.937496
628.3208020050125,0.0,20.0,Ag/MOF,52.938404
628.9473684210526,0.0,20.0,Ag/MOF,52.93932
629.5739348370927,0.0,20.0,Ag/MOF,52.940247
630.2005012531329,0.0,20.0,Ag/MOF,52.941162
630.827067669173,0.0,20.0,Ag/MOF,52.942074
631.453634085213,0.0,20.0,Ag/MOF,52.94299
632.0802005012531,0.0,20.0,Ag/MOF,52.943913
632.7067669172932,0.0,20.0,Ag/MOF,52.944828
633.3333333333334,0.0,20.0,Ag/MOF,52.945747
633.9598997493734,0.0,20.0,Ag/MOF,52.946667
634.5864661654135,0.0,20.0,Ag/MOF,52.947582
635.2130325814536,0.0,20.0,Ag/MOF,52.948498
635.8395989974937,0.0,20.0,Ag/MOF,52.949417
636.4661654135339,0.0,20.0,Ag/MOF,52.950333
637.092731829574,0.0,20.0,Ag/MOF,52.951252
637.719298245614,0.0,20.0,Ag/MOF,52.95216
638.3458646616541,0.0,20.0,Ag/MOF,52.953075
638.9724310776942,0.0,20.0,Ag/MOF,52.954
639.5989974937344,0.0,20.0,Ag/MOF,52.954914
640.2255639097745,0.0,20.0,Ag/MOF,52.955837
640.8521303258145,0.0,20.0,Ag/MOF,52.956753
641.4786967418546,0.0,20.0,Ag/MOF,52.95767
642.1052631578947,0.0,20.0,Ag/MOF,52.95859
642.7318295739349,0.0,20.0,Ag/MOF,52.959507
643.358395989975,0.0,20.0,Ag/MOF,52.96042
643.984962406015,0.0,20.0,Ag/MOF,52.96133
644.6115288220551,0.0,20.0,Ag/MOF,52.962257
645.2380952380952,0.0,20.0,Ag/MOF,52.963177
645.8646616541354,0.0,20.0,Ag/MOF,52.964085
646.4912280701755,0.0,20.0,Ag/MOF,52.965004
647.1177944862155,0.0,20.0,Ag/MOF,52.965927
647.7443609022556,0.0,20.0,Ag/MOF,52.966835
648.3709273182957,0.0,20.0,Ag/MOF,52.967762
648.9974937343359,0.0,20.0,Ag/MOF,52.96867
649.624060150376,0.0,20.0,Ag/MOF,52.969593
650.250626566416,0.0,20.0,Ag/MOF,52.970512
650.8771929824561,0.0,20.0,Ag/MOF,52.971428
651.5037593984962,0.0,20.0,Ag/MOF,52.97235
652.1303258145364,0.0,20.0,Ag/MOF,52.973263
652.7568922305765,0.0,20.0,Ag/MOF,52.974186
653.3834586466165,0.0,20.0,Ag/MOF,52.9751
654.0100250626566,0.0,20.0,Ag/MOF,52.97601
654.6365914786967,0.0,20.0,Ag/MOF,52.976933
655.2631578947369,0.0,20.0,Ag/MOF,52.977848
655.889724310777,0.0,20.0,Ag/MOF,52.978767
656.516290726817,0.0,20.0,Ag/MOF,52.979687
657.1428571428571,0.0,20.0,Ag/MOF,52.97854
657.7694235588972,0.0,20.0,Ag/MOF,52.976685
658.3959899749374,0.0,20.0,Ag/MOF,52.974823
659.0225563909775,0.0,20.0,Ag/MOF,52.97298
659.6491228070175,0.0,20.0,Ag/MOF,52.971127
660.2756892230576,0.0,20.0,Ag/MOF,52.96927
660.9022556390977,0.0,20.0,Ag/MOF,52.967403
661.5288220551379,0.0,20.0,Ag/MOF,52.965557
662.155388471178,0.0,20.0,Ag/MOF,52.963703
662.781954887218,0.0,20.0,Ag/MOF,52.961838
663.4085213032581,0.0,20.0,Ag/MOF,52.959988
664.0350877192982,0.0,20.0,Ag/MOF,52.958126
664.6616541353384,0.0,20.0,Ag/MOF,52.954506
665.2882205513785,0.0,20.0,Ag/MOF,52.948063
665.9147869674185,0.0,20.0,Ag/MOF,52.94162
666.5413533834586,0.0,20.0,Ag/MOF,52.935177
667.1679197994987,0.0,20.0,Ag/MOF,52.92873
667.7944862155389,0.0,20.0,Ag/MOF,52.92229
668.421052631579,0.0,20.0,Ag/MOF,52.915844
669.047619047619,0.0,20.0,Ag/MOF,52.909405
669.6741854636591,0.0,20.0,Ag/MOF,52.902966
670.3007518796992,0.0,20.0,Ag/MOF,52.89652
670.9273182957394,0.0,20.0,Ag/MOF,52.89008
671.5538847117795,0.0,20.0,Ag/MOF,52.883633
672.1804511278195,0.0,20.0,Ag/MOF,52.877193
672.8070175438596,0.0,20.0,Ag/MOF,52.870747
673.4335839598998,0.0,20.0,Ag/MOF,52.8643
674.0601503759399,0.0,20.0,Ag/MOF,52.85786
674.68671679198,0.0,20.0,Ag/MOF,52.851414
675.31328320802,0.0,20.0,Ag/MOF,52.844975
675.9398496240601,0.0,20.0,Ag/MOF,52.83853
676.5664160401002,0.0,20.0,Ag/MOF,52.83209
677.1929824561404,0.0,20.0,Ag/MOF,52.825645
677.8195488721805,0.0,20.0,Ag/MOF,52.819202
678.4461152882205,0.0,20.0,Ag/MOF,52.81306
679.0726817042606,0.0,20.0,Ag/MOF,52.807564
679.6992481203008,0.0,20.0,Ag/MOF,52.80223
680.3258145363409,0.0,20.0,Ag/MOF,52.796894
680.952380952381,0.0,20.0,Ag/MOF,52.79157
681.578947368421,0.0,20.0,Ag/MOF,52.786236
682.2055137844611,0.0,20.0,Ag/MOF,52.78091
682.8320802005012,0.0,20.0,Ag/MOF,52.77557
683.4586466165414,0.0,20.0,Ag/MOF,52.770245
684.0852130325815,0.0,20.0,Ag/MOF,52.764908
684.7117794486215,0.0,20.0,Ag/MOF,52.75958
685.3383458646616,0.0,20.0,Ag/MOF,52.754246
685.9649122807018,0.0,20.0,Ag/MOF,52.748913
686.5914786967419,0.0,20.0,Ag/MOF,52.743587
687.218045112782,0.0,20.0,Ag/MOF,52.73826
687.844611528822,0.0,20.0,Ag/MOF,52.732918
688.4711779448621,0.0,20.0,Ag/MOF,52.727592
689.0977443609022,0.0,20.0,Ag/MOF,52.722256
689.7243107769424,0.0,20.0,Ag/MOF,52.716927
690.3508771929825,0.0,20.0,Ag/MOF,52.71159
690.9774436090225,0.0,20.0,Ag/MOF,52.706264
691.6040100250626,0.0,20.0,Ag/MOF,52.70093
692.2305764411028,0.0,20.0,Ag/MOF,52.6956
692.8571428571429,0.0,20.0,Ag/MOF,52.690266
693.483709273183,0.0,20.0,Ag/MOF,52.68494
694.110275689223,0.0,20.0,Ag/MOF,52.6796
694.7368421052631,0.0,20.0,Ag/MOF,52.67427
695.3634085213032,0.0,20.0,Ag/MOF,52.668938
695.9899749373434,0.0,20.0,Ag/MOF,52.66361
696.6165413533835,0.0,20.0,Ag/MOF,52.658276
697.2431077694235,0.0,20.0,Ag/MOF,52.652943
697.8696741854636,0.0,20.0,Ag/MOF,52.647614
698.4962406015038,0.0,20.0,Ag/MOF,52.642284
699.1228070175439,0.0,20.0,Ag/MOF,52.636944
699.749373433584,0.0,20.0,Ag/MOF,52.631615
700.375939849624,0.0,20.0,Ag/MOF,52.62628
701.0025062656641,0.0,20.0,Ag/MOF,52.62096
701.6290726817042,0.0,20.0,Ag/MOF,52.61562
702.2556390977444,0.0,20.0,Ag/MOF,52.610287
702.8822055137845,0.0,20.0,Ag/MOF,52.604958
703.5087719298245,0.0,20.0,Ag/MOF,52.59962
704.1353383458646,0.0,20.0,Ag/MOF,52.5943
704.7619047619048,0.0,20.0,Ag/MOF,52.588966
705.3884711779449,0.0,20.0,Ag/MOF,52.583622
706.015037593985,0.0,20.0,Ag/MOF,52.578304
706.641604010025,0.0,20.0,Ag/MOF,52.572968
707.2681704260651,0.0,20.0,Ag/MOF,52.56764
707.8947368421052,0.0,20.0,Ag/MOF,52.562305
708.5213032581454,0.0,20.0,Ag/MOF,52.55698
709.1478696741855,0.0,20.0,Ag/MOF,52.55164
709.7744360902255,0.0,20.0,Ag/MOF,52.546307
710.4010025062656,0.0,20.0,Ag/MOF,52.54098
711.0275689223058,0.0,20.0,Ag/MOF,52.53573
711.6541353383459,0.0,20.0,Ag/MOF,52.531876
712.280701754386,0.0,20.0,Ag/MOF,52.528027
712.907268170426,0.0,20.0,Ag/MOF,52.524174
713.5338345864661,0.0,20.0,Ag/MOF,52.52033
714.1604010025062,0.0,20.0,Ag/MOF,52.516476
714.7869674185464,0.0,20.0,Ag/MOF,52.51263
715.4135338345865,0.0,20.0,Ag/MOF,52.508785
716.0401002506266,0.0,20.0,Ag/MOF,52.504925
716.6666666666666,0.0,20.0,Ag/MOF,52.50108
717.2932330827068,0.0,20.0,Ag/MOF,52.49723
717.9197994987469,0.0,20.0,Ag/MOF,52.49338
718.546365914787,0.0,20.0,Ag/MOF,52.48953
719.172932330827,0.0,20.0,Ag/MOF,52.485676
719.7994987468671,0.0,20.0,Ag/MOF,52.483242
720.4260651629072,0.0,20.0,Ag/MOF,52.4821
721.0526315789474,0.0,20.0,Ag/MOF,52.48109
721.6791979949875,0.0,20.0,Ag/MOF,52.48008
722.3057644110276,0.0,20.0,Ag/MOF,52.479076
722.9323308270676,0.0,20.0,Ag/MOF,52.47806
723.5588972431078,0.0,20.0,Ag/MOF,52.477047
724.1854636591479,0.0,20.0,Ag/MOF,52.47604
724.812030075188,0.0,20.0,Ag/MOF,52.475033
725.438596491228,0.0,20.0,Ag/MOF,52.47402
726.0651629072681,0.0,20.0,Ag/MOF,52.47302
726.6917293233082,0.0,20.0,Ag/MOF,52.472004
727.3182957393484,0.0,20.0,Ag/MOF,52.47098
727.9448621553885,0.0,20.0,Ag/MOF,52.469982
728.5714285714286,0.0,20.0,Ag/MOF,52.468964
729.1979949874686,0.0,20.0,Ag/MOF,52.467957
729.8245614035088,0.0,20.0,Ag/MOF,52.466946
730.4511278195489,0.0,20.0,Ag/MOF,52.46594
731.077694235589,0.0,20.0,Ag/MOF,52.464924
731.704260651629,0.0,20.0,Ag/MOF,52.46201
732.3308270676691,0.0,20.0,Ag/MOF,52.458076
732.9573934837092,0.0,20.0,Ag/MOF,52.454136
733.5839598997494,0.0,20.0,Ag/MOF,52.450184
734.2105263157895,0.0,20.0,Ag/MOF,52.446247
734.8370927318296,0.0,20.0,Ag/MOF,52.4423
735.4636591478696,0.0,20.0,Ag/MOF,52.43837
736.0902255639098,0.0,20.0,Ag/MOF,52.434414
736.7167919799499,0.0,20.0,Ag/MOF,52.43047
737.34335839599,0.0,20.0,Ag/MOF,52.426533
737.9699248120301,0.0,20.0,Ag/MOF,52.422585
738.5964912280701,0.0,20.0,Ag/MOF,52.41864
739.2230576441102,0.0,20.0,Ag/MOF,52.414692
739.8496240601504,0.0,20.0,Ag/MOF,52.410755
740.4761904761905,0.0,20.0,Ag/MOF,52.406815
741.1027568922306,0.0,20.0,Ag/MOF,52.40287
741.7293233082706,0.0,20.0,Ag/MOF,52.39892
742.3558897243108,0.0,20.0,Ag/MOF,52.394978
742.9824561403509,0.0,20.0,Ag/MOF,52.391033
743.609022556391,0.0,20.0,Ag/MOF,52.387096
744.2355889724311,0.0,20.0,Ag/MOF,52.383152
744.8621553884711,0.0,20.0,Ag/MOF,52.37921
745.4887218045112,0.0,20.0,Ag/MOF,52.37526
746.1152882205514,0.0,20.0,Ag/MOF,52.371323
746.7418546365915,0.0,20.0,Ag/MOF,52.367382
747.3684210526316,0.0,20.0,Ag/MOF,52.363434
747.9949874686716,0.0,20.0,Ag/MOF,52.3595
748.6215538847118,0.0,20.0,Ag/MOF,52.35555
749.2481203007519,0.0,20.0,Ag/MOF,52.3516
749.874686716792,0.0,20.0,Ag/MOF,52.347668
750.5012531328321,0.0,20.0,Ag/MOF,52.343716
751.1278195488721,0.0,20.0,Ag/MOF,52.33977
751.7543859649122,0.0,20.0,Ag/MOF,52.335827
752.3809523809524,0.0,20.0,Ag/MOF,52.33189
753.0075187969925,0.0,20.0,Ag/MOF,52.32794
753.6340852130326,0.0,20.0,Ag/MOF,52.323997
754.2606516290726,0.0,20.0,Ag/MOF,52.320065
754.8872180451128,0.0,20.0,Ag/MOF,52.316113
755.5137844611529,0.0,20.0,Ag/MOF,52.312176
756.140350877193,0.0,20.0,Ag/MOF,52.308224
756.7669172932331,0.0,20.0,Ag/MOF,52.304287
757.3934837092731,0.0,20.0,Ag/MOF,52.300335
758.0200501253132,0.0,20.0,Ag/MOF,52.2964
758.6466165413534,0.0,20.0,Ag/MOF,52.29245
759.2731829573935,0.0,20.0,Ag/MOF,52.288506
759.8997493734336,0.0,20.0,Ag/MOF,52.284557
760.5263157894736,0.0,20.0,Ag/MOF,52.28062
761.1528822055138,0.0,20.0,Ag/MOF,52.276676
761.7794486215539,0.0,20.0,Ag/MOF,52.27274
762.406015037594,0.0,20.0,Ag/MOF,52.268787
763.0325814536341,0.0,20.0,Ag/MOF,52.264843
763.6591478696741,0.0,20.0,Ag/MOF,52.260906
764.2857142857142,0.0,20.0,Ag/MOF,52.25697
764.9122807017544,0.0,20.0,Ag/MOF,52.253025
765.5388471177945,0.0,20.0,Ag/MOF,52.2488
766.1654135338346,0.0,20.0,Ag/MOF,52.244343
766.7919799498746,0.0,20.0,Ag/MOF,52.239895
767.4185463659148,0.0,20.0,Ag/MOF,52.235455
768.0451127819549,0.0,20.0,Ag/MOF,52.23099
768.671679197995,0.0,20.0,Ag/MOF,52.226543
769.2982456140351,0.0,20.0,Ag/MOF,52.222095
769.9248120300751,0.0,20.0,Ag/MOF,52.217648
770.5513784461152,0.0,20.0,Ag/MOF,52.2132
771.1779448621554,0.0,20.0,Ag/MOF,52.20874
771.8045112781955,0.0,20.0,Ag/MOF,52.204296
772.4310776942356,0.0,20.0,Ag/MOF,52.19984
773.0576441102756,0.0,20.0,Ag/MOF,52.195396
773.6842105263158,0.0,20.0,Ag/MOF,52.190937
774.3107769423559,0.0,20.0,Ag/MOF,52.18649
774.937343358396,0.0,20.0,Ag/MOF,52.18204
775.5639097744361,0.0,20.0,Ag/MOF,52.177593
776.1904761904761,0.0,20.0,Ag/MOF,52.17314
776.8170426065162,0.0,20.0,Ag/MOF,52.16869
777.4436090225564,0.0,20.0,Ag/MOF,52.164238
778.0701754385965,0.0,20.0,Ag/MOF,52.159786
778.6967418546366,0.0,20.0,Ag/MOF,52.15534
779.3233082706766,0.0,20.0,Ag/MOF,52.15089
779.9498746867168,0.0,20.0,Ag/MOF,52.146442
780.5764411027569,0.0,20.0,Ag/MOF,52.141994
781.203007518797,0.0,20.0,Ag/MOF,52.137535
781.8295739348371,0.0,20.0,Ag/MOF,52.133083
782.4561403508771,0.0,20.0,Ag/MOF,52.128635
783.0827067669172,0.0,20.0,Ag/MOF,52.12418
783.7092731829574,0.0,20.0,Ag/MOF,52.11973
784.3358395989975,0.0,20.0,Ag/MOF,52.115284
784.9624060150376,0.0,20.0,Ag/MOF,52.11083
785.5889724310777,0.0,20.0,Ag/MOF,52.10638
786.2155388471178,0.0,20.0,Ag/MOF,52.101936
786.8421052631579,0.0,20.0,Ag/MOF,52.097477
787.468671679198,0.0,20.0,Ag/MOF,52.09303
788.0952380952381,0.0,20.0,Ag/MOF,52.088577
788.7218045112782,0.0,20.0,Ag/MOF,52.084118
789.3483709273182,0.0,20.0,Ag/MOF,52.079685
789.9749373433584,0.0,20.0,Ag/MOF,52.07523
790.6015037593985,0.0,20.0,Ag/MOF,52.070778
791.2280701754386,0.0,20.0,Ag/MOF,52.066322
791.8546365914787,0.0,20.0,Ag/MOF,52.06187
792.4812030075188,0.0,20.0,Ag/MOF,52.057423
793.1077694235589,0.0,20.0,Ag/MOF,52.052975
793.734335839599,0.0,20.0,Ag/MOF,52.048523
794.3609022556391,0.0,20.0,Ag/MOF,52.044075
794.9874686716792,0.0,20.0,Ag/MOF,52.039623
795.6140350877192,0.0,20.0,Ag/MOF,52.035175
796.2406015037594,0.0,20.0,Ag/MOF,52.030724
796.8671679197995,0.0,20.0,Ag/MOF,52.026264
797.4937343358396,0.0,20.0,Ag/MOF,52.02181
798.1203007518797,0.0,20.0,Ag/MOF,52.01737
798.7468671679198,0.0,20.0,Ag/MOF,52.01292
799.3734335839599,0.0,20.0,Ag/MOF,52.008465
800.0,0.0,20.0,Ag/MOF,52.004017
550.0,20.0,20.0,Ag/MOF,50.793705
550.6265664160401,20.0,20.0,Ag/MOF,50.796337
551.2531328320802,20.0,20.0,Ag/MOF,50.798954
551.8796992481203,20.0,20.0,Ag/MOF,50.80159
552.5062656641604,20.0,20.0,Ag/MOF,50.80421
553.1328320802005,20.0,20.0,Ag/MOF,50.80684
553.7593984962406,20.0,20.0,Ag/MOF,50.809467
554.3859649122807,20.0,20.0,Ag/MOF,50.812088
555.0125313283208,20.0,20.0,Ag/MOF,50.814716
555.6390977443609,20.0,20.0,Ag/MOF,50.81734
556.265664160401,20.0,20.0,Ag/MOF,50.819973
556.8922305764411,20.0,20.0,Ag/MOF,50.822594
557.5187969924812,20.0,20.0,Ag/MOF,50.825214
558.1453634085213,20.0,20.0,Ag/MOF,50.827003
558.7719298245614,20.0,20.0,Ag/MOF,50.828342
559.3984962406015,20.0,20.0,Ag/MOF,50.829685
560.0250626566416,20.0,20.0,Ag/MOF,50.831028
560.6516290726817,20.0,20.0,Ag/MOF,50.83237
561.2781954887218,20.0,20.0,Ag/MOF,50.83371
561.9047619047619,20.0,20.0,Ag/MOF,50.835052
562.531328320802,20.0,20.0,Ag/MOF,50.836388
563.1578947368421,20.0,20.0,Ag/MOF,50.83773
563.7844611528822,20.0,20.0,Ag/MOF,50.83907
564.4110275689223,20.0,20.0,Ag/MOF,50.840412
565.0375939849624,20.0,20.0,Ag/MOF,50.841763
565.6641604010025,20.0,20.0,Ag/MOF,50.843098
566.2907268170426,20.0,20.0,Ag/MOF,50.844437
566.9172932330827,20.0,20.0,Ag/MOF,50.845776
567.5438596491229,20.0,20.0,Ag/MOF,50.847122
568.1704260651629,20.0,20.0,Ag/MOF,50.848454
568.796992481203,20.0,20.0,Ag/MOF,50.849796
569.4235588972431,20.0,20.0,Ag/MOF,50.851147
570.0501253132832,20.0,20.0,Ag/MOF,50.85277
570.6766917293234,20.0,20.0,Ag/MOF,50.854427
571.3032581453634,20.0,20.0,Ag/MOF,50.85609
571.9298245614035,20.0,20.0,Ag/MOF,50.857758
572.5563909774436,20.0,20.0,Ag/MOF,50.859413
573.1829573934837,20.0,20.0,Ag/MOF,50.86108
573.8095238095239,20.0,20.0,Ag/MOF,50.862736
574.4360902255639,20.0,20.0,Ag/MOF,50.864395
575.062656641604,20.0,20.0,Ag/MOF,50.86606
575.6892230576441,20.0,20.0,Ag/MOF,50.867718
576.3157894736842,20.0,20.0,Ag/MOF,50.86938
576.9423558897244,20.0,20.0,Ag/MOF,50.871044
577.5689223057644,20.0,20.0,Ag/MOF,50.8727
578.1954887218045,20.0,20.0,Ag/MOF,50.87436
578.8220551378446,20.0,20.0,Ag/MOF,50.87602
579.4486215538847,20.0,20.0,Ag/MOF,50.877686
580.0751879699249,20.0,20.0,Ag/MOF,50.879345
580.7017543859649,20.0,20.0,Ag/MOF,50.881
581.328320802005,20.0,20.0,Ag/MOF,50.882664
581.9548872180451,20.0,20.0,Ag/MOF,50.884323
582.5814536340852,20.0,20.0,Ag/MOF,50.88599
583.2080200501254,20.0,20.0,Ag/MOF,50.88765
583.8345864661654,20.0,20.0,Ag/MOF,50.889305
584.4611528822055,20.0,20.0,Ag/MOF,50.890965
585.0877192982456,20.0,20.0,Ag/MOF,50.892628
585.7142857142857,20.0,20.0,Ag/MOF,50.894283
586.3408521303259,20.0,20.0,Ag/MOF,50.895954
586.9674185463659,20.0,20.0,Ag/MOF,50.897614
587.593984962406,20.0,20.0,Ag/MOF,50.899277
588.2205513784461,20.0,20.0,Ag/MOF,50.900925
588.8471177944862,20.0,20.0,Ag/MOF,50.9026
589.4736842105264,20.0,20.0,Ag/MOF,50.904255
590.1002506265664,20.0,20.0,Ag/MOF,50.90592
590.7268170426065,20.0,20.0,Ag/MOF,50.90758
591.3533834586466,20.0,20.0,Ag/MOF,50.909237
591.9799498746867,20.0,20.0,Ag/MOF,50.9109
592.6065162907269,20.0,20.0,Ag/MOF,50.912563
593.2330827067669,20.0,20.0,Ag/MOF,50.914223
593.859649122807,20.0,20.0,Ag/MOF,50.915874
594.4862155388471,20.0,20.0,Ag/MOF,50.91718
595.1127819548872,20.0,20.0,Ag/MOF,50.91595
595.7393483709274,20.0,20.0,Ag/MOF,50.91473
596.3659147869674,20.0,20.0,Ag/MOF,50.913513
596.9924812030075,20.0,20.0,Ag/MOF,50.912285
597.6190476190476,20.0,20.0,Ag/MOF,50.91106
598.2456140350877,20.0,20.0,Ag/MOF,50.909832
598.8721804511279,20.0,20.0,Ag/MOF,50.90862
599.4987468671679,20.0,20.0,Ag/MOF,50.90739
600.125313283208,20.0,20.0,Ag/MOF,50.906162
600.7518796992481,20.0,20.0,Ag/MOF,50.90494
601.3784461152882,20.0,20.0,Ag/MOF,50.903713
602.0050125313284,20.0,20.0,Ag/MOF,50.902493
602.6315789473684,20.0,20.0,Ag/MOF,50.90127
603.2581453634085,20.0,20.0,Ag/MOF,50.900047
603.8847117794486,20.0,20.0,Ag/MOF,50.898827
604.5112781954887,20.0,20.0,Ag/MOF,50.897602
605.1378446115289,20.0,20.0,Ag/MOF,50.896378
605.7644110275689,20.0,20.0,Ag/MOF,50.895153
606.390977443609,20.0,20.0,Ag/MOF,50.89424
607.0175438596491,20.0,20.0,Ag/MOF,50.894478
607.6441102756892,20.0,20.0,Ag/MOF,50.89472
608.2706766917294,20.0,20.0,Ag/MOF,50.894966
608.8972431077694,20.0,20.0,Ag/MOF,50.895195
609.5238095238095,20.0,20.0,Ag/MOF,50.895443
610.1503759398496,20.0,20.0,Ag/MOF,50.89567
610.7769423558897,20.0,20.0,Ag/MOF,50.895916
611.4035087719299,20.0,20.0,Ag/MOF,50.89615
612.0300751879699,20.0,20.0,Ag/MOF,50.89639
612.65664160401,20.0,20.0,Ag/MOF,50.896633
613.2832080200501,20.0,20.0,Ag/MOF,50.896877
613.9097744360902,20.0,20.0,Ag/MOF,50.897114
614.5363408521304,20.0,20.0,Ag/MOF,50.89735
615.1629072681704,20.0,20.0,Ag/MOF,50.89759
615.7894736842105,20.0,20.0,Ag/MOF,50.897827
616.4160401002506,20.0,20.0,Ag/MOF,50.895447
617.0426065162907,20.0,20.0,Ag/MOF,50.890903
617.6691729323309,20.0,20.0,Ag/MOF,50.886364
618.295739348371,20.0,20.0,Ag/MOF,50.88183
618.922305764411,20.0,20.0,Ag/MOF,50.877285
619.5488721804511,20.0,20.0,Ag/MOF,50.872753
620.1754385964912,20.0,20.0,Ag/MOF,50.868206
620.8020050125314,20.0,20.0,Ag/MOF,50.863678
621.4285714285714,20.0,20.0,Ag/MOF,50.859142
622.0551378446115,20.0,20.0,Ag/MOF,50.854595
622.6817042606516,20.0,20.0,Ag/MOF,50.851635
623.3082706766917,20.0,20.0,Ag/MOF,50.848682
623.9348370927319,20.0,20.0,Ag/MOF,50.845722
624.561403508772,20.0,20.0,Ag/MOF,50.84277
625.187969924812,20.0,20.0,Ag/MOF,50.83981
625.8145363408521,20.0,20.0,Ag/MOF,50.836864
626.4411027568922,20.0,20.0,Ag/MOF,50.83391
627.0676691729324,20.0,20.0,Ag/MOF,50.830956
627.6942355889724,20.0,20.0,Ag/MOF,50.828
628.3208020050125,20.0,20.0,Ag/MOF,50.82504
628.9473684210526,20.0,20.0,Ag/MOF,50.82209
629.5739348370927,20.0,20.0,Ag/MOF,50.819134
630.2005012531329,20.0,20.0,Ag/MOF,50.816177
630.827067669173,20.0,20.0,Ag/MOF,50.81323
631.453634085213,20.0,20.0,Ag/MOF,50.810265
632.0802005012531,20.0,20.0,Ag/MOF,50.807316
632.7067669172932,20.0,20.0,Ag/MOF,50.804356
633.3333333333334,20.0,20.0,Ag/MOF,50.801403
633.9598997493734,20.0,20.0,Ag/MOF,50.79845
634.5864661654135,20.0,20.0,Ag/MOF,50.79549
635.2130325814536,20.0,20.0,Ag/MOF,50.792538
635.8395989974937,20.0,20.0,Ag/MOF,50.78958
636.4661654135339,20.0,20.0,Ag/MOF,50.78663
637.092731829574,20.0,20.0,Ag/MOF,50.78367
637.719298245614,20.0,20.0,Ag/MOF,50.78072
638.3458646616541,20.0,20.0,Ag/MOF,50.777763
638.9724310776942,20.0,20.0,Ag/MOF,50.774803
639.5989974937344,20.0,20.0,Ag/MOF,50.77185
640.2255639097745,20.0,20.0,Ag/MOF,50.768894
640.8521303258145,20.0,20.0,Ag/MOF,50.76594
641.4786967418546,20.0,20.0,Ag/MOF,50.76299
642.1052631578947,20.0,20.0,Ag/MOF,50.760036
642.7318295739349,20.0,20.0,Ag/MOF,50.757072
643.358395989975,20.0,20.0,Ag/MOF,50.754116
643.984962406015,20.0,20.0,Ag/MOF,50.751167
644.6115288220551,20.0,20.0,Ag/MOF,50.74821
645.2380952380952,20.0,20.0,Ag/MOF,50.745255
645.8646616541354,20.0,20.0,Ag/MOF,50.742302
646.4912280701755,20.0,20.0,Ag/MOF,50.739346
647.1177944862155,20.0,20.0,Ag/MOF,50.736393
647.7443609022556,20.0,20.0,Ag/MOF,50.733433
648.3709273182957,20.0,20.0,Ag/MOF,50.73
648.9974937343359,20.0,20.0,Ag/MOF,50.72656
649.624060150376,20.0,20.0,Ag/MOF,50.723103
650.250626566416,20.0,20.0,Ag/MOF,50.719654
650.8771929824561,20.0,20.0,Ag/MOF,50.71622
651.5037593984962,20.0,20.0,Ag/MOF,50.71277
652.1303258145364,20.0,20.0,Ag/MOF,50.709316
652.7568922305765,20.0,20.0,Ag/MOF,50.705868
653.3834586466165,20.0,20.0,Ag/MOF,50.702427
654.0100250626566,20.0,20.0,Ag/MOF,50.698986
654.6365914786967,20.0,20.0,Ag/MOF,50.695538
655.2631578947369,20.0,20.0,Ag/MOF,50.69209
655.889724310777,20.0,20.0,Ag/MOF,50.688633
656.516290726817,20.0,20.0,Ag/MOF,50.685196
657.1428571428571,20.0,20.0,Ag/MOF,50.68175
657.7694235588972,20.0,20.0,Ag/MOF,50.6783
658.3959899749374,20.0,20.0,Ag/MOF,50.674854
659.0225563909775,20.0,20.0,Ag/MOF,50.67141
659.6491228070175,20.0,20.0,Ag/MOF,50.667965
660.2756892230576,20.0,20.0,Ag/MOF,50.664825
660.9022556390977,20.0,20.0,Ag/MOF,50.662003
661.5288220551379,20.0,20.0,Ag/MOF,50.65919
662.155388471178,20.0,20.0,Ag/MOF,50.656384
662.781954887218,20.0,20.0,Ag/MOF,50.65356
663.4085213032581,20.0,20.0,Ag/MOF,50.650745
664.0350877192982,20.0,20.0,Ag/MOF,50.648052
664.6616541353384,20.0,20.0,Ag/MOF,50.644726
665.2882205513785,20.0,20.0,Ag/MOF,50.640965
665.9147869674185,20.0,20.0,Ag/MOF,50.63724
666.5413533834586,20.0,20.0,Ag/MOF,50.637005
667.1679197994987,20.0,20.0,Ag/MOF,50.63677
667.7944862155389,20.0,20.0,Ag/MOF,50.636528
668.421052631579,20.0,20.0,Ag/MOF,50.636295
669.047619047619,20.0,20.0,Ag/MOF,50.636066
669.6741854636591,20.0,20.0,Ag/MOF,50.635822
670.3007518796992,20.0,20.0,Ag/MOF,50.63558
670.9273182957394,20.0,20.0,Ag/MOF,50.635353
671.5538847117795,20.0,20.0,Ag/MOF,50.63477
672.1804511278195,20.0,20.0,Ag/MOF,50.63372
672.8070175438596,20.0,20.0,Ag/MOF,50.632668
673.4335839598998,20.0,20.0,Ag/MOF,50.631607
674.0601503759399,20.0,20.0,Ag/MOF,50.630558
674.68671679198,20.0,20.0,Ag/MOF,50.62951
675.31328320802,20.0,20.0,Ag/MOF,50.628445
675.9398496240601,20.0,20.0,Ag/MOF,50.627396
676.5664160401002,20.0,20.0,Ag/MOF,50.626347
677.1929824561404,20.0,20.0,Ag/MOF,50.62529
677.8195488721805,20.0,20.0,Ag/MOF,50.624237
678.4461152882205,20.0,20.0,Ag/MOF,50.62318
679.0726817042606,20.0,20.0,Ag/MOF,50.622128
679.6992481203008,20.0,20.0,Ag/MOF,50.621075
680.3258145363409,20.0,20.0,Ag/MOF,50.62002
680.952380952381,20.0,20.0,Ag/MOF,50.618977
681.578947368421,20.0,20.0,Ag/MOF,50.617916
682.2055137844611,20.0,20.0,Ag/MOF,50.617046
682.8320802005012,20.0,20.0,Ag/MOF,50.616207
683.4586466165414,20.0,20.0,Ag/MOF,50.615368
684.0852130325815,20.0,20.0,Ag/MOF,50.61453
684.7117794486215,20.0,20.0,Ag/MOF,50.61369
685.3383458646616,20.0,20.0,Ag/MOF,50.61285
685.9649122807018,20.0,20.0,Ag/MOF,50.612003
686.5914786967419,20.0,20.0,Ag/MOF,50.61116
687.218045112782,20.0,20.0,Ag/MOF,50.610317
687.844611528822,20.0,20.0,Ag/MOF,50.609478
688.4711779448621,20.0,20.0,Ag/MOF,50.608646
689.0977443609022,20.0,20.0,Ag/MOF,50.6078
689.7243107769424,20.0,20.0,Ag/MOF,50.606956
690.3508771929825,20.0,20.0,Ag/MOF,50.60612
690.9774436090225,20.0,20.0,Ag/MOF,50.60528
691.6040100250626,20.0,20.0,Ag/MOF,50.604435
692.2305764411028,20.0,20.0,Ag/MOF,50.603596
692.8571428571429,20.0,20.0,Ag/MOF,50.602757
693.483709273183,20.0,20.0,Ag/MOF,50.601917
694.110275689223,20.0,20.0,Ag/MOF,50.601078
694.7368421052631,20.0,20.0,Ag/MOF,50.60024
695.3634085213032,20.0,20.0,Ag/MOF,50.599392
695.9899749373434,20.0,20.0,Ag/MOF,50.598553
696.6165413533835,20.0,20.0,Ag/MOF,50.597713
697.2431077694235,20.0,20.0,Ag/MOF,50.59687
697.8696741854636,20.0,20.0,Ag/MOF,50.596035
698.4962406015038,20.0,20.0,Ag/MOF,50.595196
699.1228070175439,20.0,20.0,Ag/MOF,50.59435
699.749373433584,20.0,20.0,Ag/MOF,50.593517
700.375939849624,20.0,20.0,Ag/MOF,50.59267
701.0025062656641,20.0,20.0,Ag/MOF,50.59183
701.6290726817042,20.0,20.0,Ag/MOF,50.59099
702.2556390977444,20.0,20.0,Ag/MOF,50.590145
702.8822055137845,20.0,20.0,Ag/MOF,50.58931
703.5087719298245,20.0,20.0,Ag/MOF,50.588467
704.1353383458646,20.0,20.0,Ag/MOF,50.587627
704.7619047619048,20.0,20.0,Ag/MOF,50.586784
705.3884711779449,20.0,20.0,Ag/MOF,50.58594
706.015037593985,20.0,20.0,Ag/MOF,50.585102
706.641604010025,20.0,20.0,Ag/MOF,50.584267
707.2681704260651,20.0,20.0,Ag/MOF,50.583427
707.8947368421052,20.0,20.0,Ag/MOF,50.58258
708.5213032581454,20.0,20.0,Ag/MOF,50.58256
709.1478696741855,20.0,20.0,Ag/MOF,50.582806
709.7744360902255,20.0,20.0,Ag/MOF,50.58305
710.4010025062656,20.0,20.0,Ag/MOF,50.583294
711.0275689223058,20.0,20.0,Ag/MOF,50.583546
711.6541353383459,20.0,20.0,Ag/MOF,50.583782
712.280701754386,20.0,20.0,Ag/MOF,50.58403
712.907268170426,20.0,20.0,Ag/MOF,50.58427
713.5338345864661,20.0,20.0,Ag/MOF,50.584515
714.1604010025062,20.0,20.0,Ag/MOF,50.584755
714.7869674185464,20.0,20.0,Ag/MOF,50.585
715.4135338345865,20.0,20.0,Ag/MOF,50.585247
716.0401002506266,20.0,20.0,Ag/MOF,50.585487
716.6666666666666,20.0,20.0,Ag/MOF,50.585728
717.2932330827068,20.0,20.0,Ag/MOF,50.585976
717.9197994987469,20.0,20.0,Ag/MOF,50.586216
718.546365914787,20.0,20.0,Ag/MOF,50.586468
719.172932330827,20.0,20.0,Ag/MOF,50.586704
719.7994987468671,20.0,20.0,Ag/MOF,50.58695
720.4260651629072,20.0,20.0,Ag/MOF,50.587193
721.0526315789474,20.0,20.0,Ag/MOF,50.587437
721.6791979949875,20.0,20.0,Ag/MOF,50.587673
722.3057644110276,20.0,20.0,Ag/MOF,50.58792
722.9323308270676,20.0,20.0,Ag/MOF,50.58816
723.5588972431078,20.0,20.0,Ag/MOF,50.58842
724.1854636591479,20.0,20.0,Ag/MOF,50.58865
724.812030075188,20.0,20.0,Ag/MOF,50.5889
725.438596491228,20.0,20.0,Ag/MOF,50.58914
726.0651629072681,20.0,20.0,Ag/MOF,50.589386
726.6917293233082,20.0,20.0,Ag/MOF,50.589634
727.3182957393484,20.0,20.0,Ag/MOF,50.58987
727.9448621553885,20.0,20.0,Ag/MOF,50.590115
728.5714285714286,20.0,20.0,Ag/MOF,50.590363
729.1979949874686,20.0,20.0,Ag/MOF,50.5906
729.8245614035088,20.0,20.0,Ag/MOF,50.590847
730.4511278195489,20.0,20.0,Ag/MOF,50.59109
731.077694235589,20.0,20.0,Ag/MOF,50.589985
731.704260651629,20.0,20.0,Ag/MOF,50.588108
732.3308270676691,20.0,20.0,Ag/MOF,50.586224
732.9573934837092,20.0,20.0,Ag/MOF,50.584347
733.5839598997494,20.0,20.0,Ag/MOF,50.582466
734.2105263157895,20.0,20.0,Ag/MOF,50.58058
734.8370927318296,20.0,20.0,Ag/MOF,50.5787
735.4636591478696,20.0,20.0,Ag/MOF,50.576824
736.0902255639098,20.0,20.0,Ag/MOF,50.574944
736.7167919799499,20.0,20.0,Ag/MOF,50.573063
737.34335839599,20.0,20.0,Ag/MOF,50.571182
737.9699248120301,20.0,20.0,Ag/MOF,50.5693
738.5964912280701,20.0,20.0,Ag/MOF,50.56742
739.2230576441102,20.0,20.0,Ag/MOF,50.56554
739.8496240601504,20.0,20.0,Ag/MOF,50.56366
740.4761904761905,20.0,20.0,Ag/MOF,50.56178
741.1027568922306,20.0,20.0,Ag/MOF,50.559895
741.7293233082706,20.0,20.0,Ag/MOF,50.55801
742.3558897243108,20.0,20.0,Ag/MOF,50.55614
742.9824561403509,20.0,20.0,Ag/MOF,50.554256
743.609022556391,20.0,20.0,Ag/MOF,50.55238
744.2355889724311,20.0,20.0,Ag/MOF,50.55049
744.8621553884711,20.0,20.0,Ag/MOF,50.54862
745.4887218045112,20.0,20.0,Ag/MOF,50.54674
746.1152882205514,20.0,20.0,Ag/MOF,50.544857
746.7418546365915,20.0,20.0,Ag/MOF,50.542976
747.3684210526316,20.0,20.0,Ag/MOF,50.541096
747.9949874686716,20.0,20.0,Ag/MOF,50.53922
748.6215538847118,20.0,20.0,Ag/MOF,50.537334
749.2481203007519,20.0,20.0,Ag/MOF,50.53545
749.874686716792,20.0,20.0,Ag/MOF,50.533577
750.5012531328321,20.0,20.0,Ag/MOF,50.531693
751.1278195488721,20.0,20.0,Ag/MOF,50.52981
751.7543859649122,20.0,20.0,Ag/MOF,50.527927
752.3809523809524,20.0,20.0,Ag/MOF,50.52606
753.0075187969925,20.0,20.0,Ag/MOF,50.524166
753.6340852130326,20.0,20.0,Ag/MOF,50.52229
754.2606516290726,20.0,20.0,Ag/MOF,50.520412
754.8872180451128,20.0,20.0,Ag/MOF,50.518528
755.5137844611529,20.0,20.0,Ag/MOF,50.51665
756.140350877193,20.0,20.0,Ag/MOF,50.514774
756.7669172932331,20.0,20.0,Ag/MOF,50.512894
757.3934837092731,20.0,20.0,Ag/MOF,50.511013
758.0200501253132,20.0,20.0,Ag/MOF,50.50913
758.6466165413534,20.0,20.0,Ag/MOF,50.507248
759.2731829573935,20.0,20.0,Ag/MOF,50.505367
759.8997493734336,20.0,20.0,Ag/MOF,50.50349
760.5263157894736,20.0,20.0,Ag/MOF,50.501606
761.1528822055138,20.0,20.0,Ag/MOF,50.49973
761.7794486215539,20.0,20.0,Ag/MOF,50.497845
762.406015037594,20.0,20.0,Ag/MOF,50.495964
763.0325814536341,20.0,20.0,Ag/MOF,50.494083
763.6591478696741,20.0,20.0,Ag/MOF,50.4922
764.2857142857142,20.0,20.0,Ag/MOF,50.490322
764.9122807017544,20.0,20.0,Ag/MOF,50.488438
765.5388471177945,20.0,20.0,Ag/MOF,50.486565
766.1654135338346,20.0,20.0,Ag/MOF,50.484684
766.7919799498746,20.0,20.0,Ag/MOF,50.48279
767.4185463659148,20.0,20.0,Ag/MOF,50.480923
768.0451127819549,20.0,20.0,Ag/MOF,50.479046
768.671679197995,20.0,20.0,Ag/MOF,50.477398
769.2982456140351,20.0,20.0,Ag/MOF,50.475822
769.9248120300751,20.0,20.0,Ag/MOF,50.47424
770.5513784461152,20.0,20.0,Ag/MOF,50.472656
771.1779448621554,20.0,20.0,Ag/MOF,50.471073
771.8045112781955,20.0,20.0,Ag/MOF,50.469494
772.4310776942356,20.0,20.0,Ag/MOF,50.467907
773.0576441102756,20.0,20.0,Ag/MOF,50.466324
773.6842105263158,20.0,20.0,Ag/MOF,50.46475
774.3107769423559,20.0,20.0,Ag/MOF,50.463165
774.937343358396,20.0,20.0,Ag/MOF,50.461582
775.5639097744361,20.0,20.0,Ag/MOF,50.460003
776.1904761904761,20.0,20.0,Ag/MOF,50.458424
776.8170426065162,20.0,20.0,Ag/MOF,50.456837
777.4436090225564,20.0,20.0,Ag/MOF,50.455257
778.0701754385965,20.0,20.0,Ag/MOF,50.45368
778.6967418546366,20.0,20.0,Ag/MOF,50.45209
779.3233082706766,20.0,20.0,Ag/MOF,50.450504
779.9498746867168,20.0,20.0,Ag/MOF,50.44893
780.5764411027569,20.0,20.0,Ag/MOF,50.44734
781.203007518797,20.0,20.0,Ag/MOF,50.44576
781.8295739348371,20.0,20.0,Ag/MOF,50.444183
782.4561403508771,20.0,20.0,Ag/MOF,50.442604
783.0827067669172,20.0,20.0,Ag/MOF,50.441017
783.7092731829574,20.0,20.0,Ag/MOF,50.439426
784.3358395989975,20.0,20.0,Ag/MOF,50.437855
784.9624060150376,20.0,20.0,Ag/MOF,50.436275
785.5889724310777,20.0,20.0,Ag/MOF,50.434692
786.2155388471178,20.0,20.0,Ag/MOF,50.43311
786.8421052631579,20.0,20.0,Ag/MOF,50.43153
787.468671679198,20.0,20.0,Ag/MOF,50.429947
788.0952380952381,20.0,20.0,Ag/MOF,50.42836
788.7218045112782,20.0,20.0,Ag/MOF,50.42678
789.3483709273182,20.0,20.0,Ag/MOF,50.425198
789.9749373433584,20.0,20.0,Ag/MOF,50.42362
790.6015037593985,20.0,20.0,Ag/MOF,50.42204
791.2280701754386,20.0,20.0,Ag/MOF,50.420452
791.8546365914787,20.0,20.0,Ag/MOF,50.418873
792.4812030075188,20.0,20.0,Ag/MOF,50.41729
793.1077694235589,20.0,20.0,Ag/MOF,50.415707
793.734335839599,20.0,20.0,Ag/MOF,50.414127
794.3609022556391,20.0,20.0,Ag/MOF,50.412548
794.9874686716792,20.0,20.0,Ag/MOF,50.410957
795.6140350877192,20.0,20.0,Ag/MOF,50.409386
796.2406015037594,20.0,20.0,Ag/MOF,50.407795
796.8671679197995,20.0,20.0,Ag/MOF,50.40621
797.4937343358396,20.0,20.0,Ag/MOF,50.404636
798.1203007518797,20.0,20.0,Ag/MOF,50.40305
798.7468671679198,20.0,20.0,Ag/MOF,50.40147
799.3734335839599,20.0,20.0,Ag/MOF,50.399883
800.0,20.0,20.0,Ag/MOF,50.39831
550.0,40.0,20.0,Ag/MOF,56.708332
550.6265664160401,40.0,20.0,Ag/MOF,56.725285
551.2531328320802,40.0,20.0,Ag/MOF,56.742233
551.8796992481203,40.0,20.0,Ag/MOF,56.75919
552.5062656641604,40.0,20.0,Ag/MOF,56.77615
553.1328320802005,40.0,20.0,Ag/MOF,56.793102
553.7593984962406,40.0,20.0,Ag/MOF,56.81005
554.3859649122807,40.0,20.0,Ag/MOF,56.827007
555.0125313283208,40.0,20.0,Ag/MOF,56.84396
555.6390977443609,40.0,20.0,Ag/MOF,56.860916
556.265664160401,40.0,20.0,Ag/MOF,56.877872
556.8922305764411,40.0,20.0,Ag/MOF,56.89482
557.5187969924812,40.0,20.0,Ag/MOF,56.911777
558.1453634085213,40.0,20.0,Ag/MOF,56.928734
558.7719298245614,40.0,20.0,Ag/MOF,56.94569
559.3984962406015,40.0,20.0,Ag/MOF,56.962635
560.0250626566416,40.0,20.0,Ag/MOF,56.979588
560.6516290726817,40.0,20.0,Ag/MOF,56.996548
561.2781954887218,40.0,20.0,Ag/MOF,57.013496
561.9047619047619,40.0,20.0,Ag/MOF,57.030453
562.531328320802,40.0,20.0,Ag/MOF,57.047405
563.1578947368421,40.0,20.0,Ag/MOF,57.064358
563.7844611528822,40.0,20.0,Ag/MOF,57.081314
564.4110275689223,40.0,20.0,Ag/MOF,57.098267
565.0375939849624,40.0,20.0,Ag/MOF,57.115223
565.6641604010025,40.0,20.0,Ag/MOF,57.132175
566.2907268170426,40.0,20.0,Ag/MOF,57.14912
566.9172932330827,40.0,20.0,Ag/MOF,57.166077
567.5438596491229,40.0,20.0,Ag/MOF,57.183033
568.1704260651629,40.0,20.0,Ag/MOF,57.19521
568.796992481203,40.0,20.0,Ag/MOF,57.20548
569.4235588972431,40.0,20.0,Ag/MOF,57.215755
570.0501253132832,40.0,20.0,Ag/MOF,57.226017
570.6766917293234,40.0,20.0,Ag/MOF,57.236294
571.3032581453634,40.0,20.0,Ag/MOF,57.24596
571.9298245614035,40.0,20.0,Ag/MOF,57.25399
572.5563909774436,40.0,20.0,Ag/MOF,57.26202
573.1829573934837,40.0,20.0,Ag/MOF,57.270046
573.8095238095239,40.0,20.0,Ag/MOF,57.278072
574.4360902255639,40.0,20.0,Ag/MOF,57.2861
575.062656641604,40.0,20.0,Ag/MOF,57.29413
575.6892230576441,40.0,20.0,Ag/MOF,57.30215
576.3157894736842,40.0,20.0,Ag/MOF,57.31018
576.9423558897244,40.0,20.0,Ag/MOF,57.31821
577.5689223057644,40.0,20.0,Ag/MOF,57.326233
578.1954887218045,40.0,20.0,Ag/MOF,57.334255
578.8220551378446,40.0,20.0,Ag/MOF,57.342293
579.4486215538847,40.0,20.0,Ag/MOF,57.35032
580.0751879699249,40.0,20.0,Ag/MOF,57.35835
580.7017543859649,40.0,20.0,Ag/MOF,57.366375
581.328320802005,40.0,20.0,Ag/MOF,57.374393
581.9548872180451,40.0,20.0,Ag/MOF,57.382427
582.5814536340852,40.0,20.0,Ag/MOF,57.39046
583.2080200501254,40.0,20.0,Ag/MOF,57.398487
583.8345864661654,40.0,20.0,Ag/MOF,57.406517
584.4611528822055,40.0,20.0,Ag/MOF,57.414543
585.0877192982456,40.0,20.0,Ag/MOF,57.422565
585.7142857142857,40.0,20.0,Ag/MOF,57.43059
586.3408521303259,40.0,20.0,Ag/MOF,57.43862
586.9674185463659,40.0,20.0,Ag/MOF,57.44665
587.593984962406,40.0,20.0,Ag/MOF,57.454685
588.2205513784461,40.0,20.0,Ag/MOF,57.462704
588.8471177944862,40.0,20.0,Ag/MOF,57.470734
589.4736842105264,40.0,20.0,Ag/MOF,57.47876
590.1002506265664,40.0,20.0,Ag/MOF,57.486794
590.7268170426065,40.0,20.0,Ag/MOF,57.494816
591.3533834586466,40.0,20.0,Ag/MOF,57.50284
591.9799498746867,40.0,20.0,Ag/MOF,57.510868
592.6065162907269,40.0,20.0,Ag/MOF,57.5189
593.2330827067669,40.0,20.0,Ag/MOF,57.52692
593.859649122807,40.0,20.0,Ag/MOF,57.534946
594.4862155388471,40.0,20.0,Ag/MOF,57.54298
595.1127819548872,40.0,20.0,Ag/MOF,57.550312
595.7393483709274,40.0,20.0,Ag/MOF,57.554516
596.3659147869674,40.0,20.0,Ag/MOF,57.558704
596.9924812030075,40.0,20.0,Ag/MOF,57.56268
597.6190476190476,40.0,20.0,Ag/MOF,57.563427
598.2456140350877,40.0,20.0,Ag/MOF,57.564182
598.8721804511279,40.0,20.0,Ag/MOF,57.564922
599.4987468671679,40.0,20.0,Ag/MOF,57.565586
600.125313283208,40.0,20.0,Ag/MOF,57.566246
600.7518796992481,40.0,20.0,Ag/MOF,57.5669
601.3784461152882,40.0,20.0,Ag/MOF,57.56756
602.0050125313284,40.0,20.0,Ag/MOF,57.56822
602.6315789473684,40.0,20.0,Ag/MOF,57.568874
603.2581453634085,40.0,20.0,Ag/MOF,57.56954
603.8847117794486,40.0,20.0,Ag/MOF,57.57019
604.5112781954887,40.0,20.0,Ag/MOF,57.570843
605.1378446115289,40.0,20.0,Ag/MOF,57.5715
605.7644110275689,40.0,20.0,Ag/MOF,57.572166
606.390977443609,40.0,20.0,Ag/MOF,57.57282
607.0175438596491,40.0,20.0,Ag/MOF,57.573483
607.6441102756892,40.0,20.0,Ag/MOF,57.57413
608.2706766917294,40.0,20.0,Ag/MOF,57.574795
608.8972431077694,40.0,20.0,Ag/MOF,57.57545
609.5238095238095,40.0,20.0,Ag/MOF,57.576107
610.1503759398496,40.0,20.0,Ag/MOF,57.57677
610.7769423558897,40.0,20.0,Ag/MOF,57.57742
611.4035087719299,40.0,20.0,Ag/MOF,57.57808
612.0300751879699,40.0,20.0,Ag/MOF,57.57874
612.65664160401,40.0,20.0,Ag/MOF,57.5794
613.2832080200501,40.0,20.0,Ag/MOF,57.580055
613.9097744360902,40.0,20.0,Ag/MOF,57.580723
614.5363408521304,40.0,20.0,Ag/MOF,57.58137
615.1629072681704,40.0,20.0,Ag/MOF,57.582035
615.7894736842105,40.0,20.0,Ag/MOF,57.582695
616.4160401002506,40.0,20.0,Ag/MOF,57.58335
617.0426065162907,40.0,20.0,Ag/MOF,57.584
617.6691729323309,40.0,20.0,Ag/MOF,57.584663
618.295739348371,40.0,20.0,Ag/MOF,57.585323
618.922305764411,40.0,20.0,Ag/MOF,57.585987
619.5488721804511,40.0,20.0,Ag/MOF,57.586636
620.1754385964912,40.0,20.0,Ag/MOF,57.58729
620.8020050125314,40.0,20.0,Ag/MOF,57.58795
621.4285714285714,40.0,20.0,Ag/MOF,57.58861
622.0551378446115,40.0,20.0,Ag/MOF,57.589268
622.6817042606516,40.0,20.0,Ag/MOF,57.589924
623.3082706766917,40.0,20.0,Ag/MOF,57.590588
623.9348370927319,40.0,20.0,Ag/MOF,57.591232
624.561403508772,40.0,20.0,Ag/MOF,57.5919
625.187969924812,40.0,20.0,Ag/MOF,57.592556
625.8145363408521,40.0,20.0,Ag/MOF,57.59322
626.4411027568922,40.0,20.0,Ag/MOF,57.593872
627.0676691729324,40.0,20.0,Ag/MOF,57.59454
627.6942355889724,40.0,20.0,Ag/MOF,57.59519
628.3208020050125,40.0,20.0,Ag/MOF,57.595848
628.9473684210526,40.0,20.0,Ag/MOF,57.596508
629.5739348370927,40.0,20.0,Ag/MOF,57.597164
630.2005012531329,40.0,20.0,Ag/MOF,57.597824
630.827067669173,40.0,20.0,Ag/MOF,57.598484
631.453634085213,40.0,20.0,Ag/MOF,57.599136
632.0802005012531,40.0,20.0,Ag/MOF,57.599792
632.7067669172932,40.0,20.0,Ag/MOF,57.600456
633.3333333333334,40.0,20.0,Ag/MOF,57.60111
633.9598997493734,40.0,20.0,Ag/MOF,57.60176
634.5864661654135,40.0,20.0,Ag/MOF,57.602425
635.2130325814536,40.0,20.0,Ag/MOF,57.603085
635.8395989974937,40.0,20.0,Ag/MOF,57.603745
636.4661654135339,40.0,20.0,Ag/MOF,57.604404
637.092731829574,40.0,20.0,Ag/MOF,57.605057
637.719298245614,40.0,20.0,Ag/MOF,57.60572
638.3458646616541,40.0,20.0,Ag/MOF,57.60638
638.9724310776942,40.0,20.0,Ag/MOF,57.60703
639.5989974937344,40.0,20.0,Ag/MOF,57.60769
640.2255639097745,40.0,20.0,Ag/MOF,57.608353
640.8521303258145,40.0,20.0,Ag/MOF,57.609005
641.4786967418546,40.0,20.0,Ag/MOF,57.60966
642.1052631578947,40.0,20.0,Ag/MOF,57.610317
642.7318295739349,40.0,20.0,Ag/MOF,57.61098
643.358395989975,40.0,20.0,Ag/MOF,57.61164
643.984962406015,40.0,20.0,Ag/MOF,57.612297
644.6115288220551,40.0,20.0,Ag/MOF,57.612953
645.2380952380952,40.0,20.0,Ag/MOF,57.61361
645.8646616541354,40.0,20.0,Ag/MOF,57.61427
646.4912280701755,40.0,20.0,Ag/MOF,57.614925
647.1177944862155,40.0,20.0,Ag/MOF,57.615585
647.7443609022556,40.0,20.0,Ag/MOF,57.616238
648.3709273182957,40.0,20.0,Ag/MOF,57.6169
648.9974937343359,40.0,20.0,Ag/MOF,57.617558
649.624060150376,40.0,20.0,Ag/MOF,57.617573
650.250626566416,40.0,20.0,Ag/MOF,57.61662
650.8771929824561,40.0,20.0,Ag/MOF,57.615658
651.5037593984962,40.0,20.0,Ag/MOF,57.614708
652.1303258145364,40.0,20.0,Ag/MOF,57.613743
652.7568922305765,40.0,20.0,Ag/MOF,57.61278
653.3834586466165,40.0,20.0,Ag/MOF,57.61182
654.0100250626566,40.0,20.0,Ag/MOF,57.61087
654.6365914786967,40.0,20.0,Ag/MOF,57.609913
655.2631578947369,40.0,20.0,Ag/MOF,57.60902
655.889724310777,40.0,20.0,Ag/MOF,57.608128
656.516290726817,40.0,20.0,Ag/MOF,57.607235
657.1428571428571,40.0,20.0,Ag/MOF,57.606342
657.7694235588972,40.0,20.0,Ag/MOF,57.60497
658.3959899749374,40.0,20.0,Ag/MOF,57.60195
659.0225563909775,40.0,20.0,Ag/MOF,57.598946
659.6491228070175,40.0,20.0,Ag/MOF,57.595028
660.2756892230576,40.0,20.0,Ag/MOF,57.59081
660.9022556390977,40.0,20.0,Ag/MOF,57.58659
661.5288220551379,40.0,20.0,Ag/MOF,57.582382
662.155388471178,40.0,20.0,Ag/MOF,57.578156
662.781954887218,40.0,20.0,Ag/MOF,57.57394
663.4085213032581,40.0,20.0,Ag/MOF,57.569725
664.0350877192982,40.0,20.0,Ag/MOF,57.56551
664.6616541353384,40.0,20.0,Ag/MOF,57.56129
665.2882205513785,40.0,20.0,Ag/MOF,57.557076
665.9147869674185,40.0,20.0,Ag/MOF,57.552856
666.5413533834586,40.0,20.0,Ag/MOF,57.54864
667.1679197994987,40.0,20.0,Ag/MOF,57.544426
667.7944862155389,40.0,20.0,Ag/MOF,57.540207
668.421052631579,40.0,20.0,Ag/MOF,57.53599
669.047619047619,40.0,20.0,Ag/MOF,57.53178
669.6741854636591,40.0,20.0,Ag/MOF,57.527565
670.3007518796992,40.0,20.0,Ag/MOF,57.52334
670.9273182957394,40.0,20.0,Ag/MOF,57.51913
671.5538847117795,40.0,20.0,Ag/MOF,57.51491
672.1804511278195,40.0,20.0,Ag/MOF,57.510696
672.8070175438596,40.0,20.0,Ag/MOF,57.50648
673.4335839598998,40.0,20.0,Ag/MOF,57.502262
674.0601503759399,40.0,20.0,Ag/MOF,57.498047
674.68671679198,40.0,20.0,Ag/MOF,57.493828
675.31328320802,40.0,20.0,Ag/MOF,57.48961
675.9398496240601,40.0,20.0,Ag/MOF,57.48539
676.5664160401002,40.0,20.0,Ag/MOF,57.481174
677.1929824561404,40.0,20.0,Ag/MOF,57.47696
677.8195488721805,40.0,20.0,Ag/MOF,57.47274
678.4461152882205,40.0,20.0,Ag/MOF,57.468533
679.0726817042606,40.0,20.0,Ag/MOF,57.464314
679.6992481203008,40.0,20.0,Ag/MOF,57.4601
680.3258145363409,40.0,20.0,Ag/MOF,57.455875
680.952380952381,40.0,20.0,Ag/MOF,57.451668
681.578947368421,40.0,20.0,Ag/MOF,57.44744
682.2055137844611,40.0,20.0,Ag/MOF,57.443226
682.8320802005012,40.0,20.0,Ag/MOF,57.439007
683.4586466165414,40.0,20.0,Ag/MOF,57.434788
684.0852130325815,40.0,20.0,Ag/MOF,57.430576
684.7117794486215,40.0,20.0,Ag/MOF,57.426357
685.3383458646616,40.0,20.0,Ag/MOF,57.422146
685.9649122807018,40.0,20.0,Ag/MOF,57.417927
686.5914786967419,40.0,20.0,Ag/MOF,57.413864
687.218045112782,40.0,20.0,Ag/MOF,57.410175
687.844611528822,40.0,20.0,Ag/MOF,57.406483
688.4711779448621,40.0,20.0,Ag/MOF,57.40279
689.0977443609022,40.0,20.0,Ag/MOF,57.399105
689.7243107769424,40.0,20.0,Ag/MOF,57.395573
690.3508771929825,40.0,20.0,Ag/MOF,57.392574
690.9774436090225,40.0,20.0,Ag/MOF,57.38957
691.6040100250626,40.0,20.0,Ag/MOF,57.386578
692.2305764411028,40.0,20.0,Ag/MOF,57.383564
692.8571428571429,40.0,20.0,Ag/MOF,57.38056
693.483709273183,40.0,20.0,Ag/MOF,57.377567
694.110275689223,40.0,20.0,Ag/MOF,57.37457
694.7368421052631,40.0,20.0,Ag/MOF,57.371574
695.3634085213032,40.0,20.0,Ag/MOF,57.36857
695.9899749373434,40.0,20.0,Ag/MOF,57.36556
696.6165413533835,40.0,20.0,Ag/MOF,57.36323
697.2431077694235,40.0,20.0,Ag/MOF,57.361317
697.8696741854636,40.0,20.0,Ag/MOF,57.3594
698.4962406015038,40.0,20.0,Ag/MOF,57.35646
699.1228070175439,40.0,20.0,Ag/MOF,57.35351
699.749373433584,40.0,20.0,Ag/MOF,57.350574
700.375939849624,40.0,20.0,Ag/MOF,57.347633
701.0025062656641,40.0,20.0,Ag/MOF,57.344677
701.6290726817042,40.0,20.0,Ag/MOF,57.341736
702.2556390977444,40.0,20.0,Ag/MOF,57.3388
702.8822055137845,40.0,20.0,Ag/MOF,57.33585
703.5087719298245,40.0,20.0,Ag/MOF,57.332905
704.1353383458646,40.0,20.0,Ag/MOF,57.329967
704.7619047619048,40.0,20.0,Ag/MOF,57.327026
705.3884711779449,40.0,20.0,Ag/MOF,57.32407
706.015037593985,40.0,20.0,Ag/MOF,57.32113
706.641604010025,40.0,20.0,Ag/MOF,57.318188
707.2681704260651,40.0,20.0,Ag/MOF,57.315247
707.8947368421052,40.0,20.0,Ag/MOF,57.312305
708.5213032581454,40.0,20.0,Ag/MOF,57.309353
709.1478696741855,40.0,20.0,Ag/MOF,57.306416
709.7744360902255,40.0,20.0,Ag/MOF,57.303467
710.4010025062656,40.0,20.0,Ag/MOF,57.30053
711.0275689223058,40.0,20.0,Ag/MOF,57.29758
711.6541353383459,40.0,20.0,Ag/MOF,57.29464
712.280701754386,40.0,20.0,Ag/MOF,57.2917
712.907268170426,40.0,20.0,Ag/MOF,57.288754
713.5338345864661,40.0,20.0,Ag/MOF,57.28581
714.1604010025062,40.0,20.0,Ag/MOF,57.282864
714.7869674185464,40.0,20.0,Ag/MOF,57.27992
715.4135338345865,40.0,20.0,Ag/MOF,57.27698
716.0401002506266,40.0,20.0,Ag/MOF,57.274033
716.6666666666666,40.0,20.0,Ag/MOF,57.27109
717.2932330827068,40.0,20.0,Ag/MOF,57.26815
717.9197994987469,40.0,20.0,Ag/MOF,57.265205
718.546365914787,40.0,20.0,Ag/MOF,57.262268
719.172932330827,40.0,20.0,Ag/MOF,57.259315
719.7994987468671,40.0,20.0,Ag/MOF,57.256374
720.4260651629072,40.0,20.0,Ag/MOF,57.25343
721.0526315789474,40.0,20.0,Ag/MOF,57.25048
721.6791979949875,40.0,20.0,Ag/MOF,57.24754
722.3057644110276,40.0,20.0,Ag/MOF,57.244595
722.9323308270676,40.0,20.0,Ag/MOF,57.241653
723.5588972431078,40.0,20.0,Ag/MOF,57.238712
724.1854636591479,40.0,20.0,Ag/MOF,57.235767
724.812030075188,40.0,20.0,Ag/MOF,57.232822
725.438596491228,40.0,20.0,Ag/MOF,57.229877
726.0651629072681,40.0,20.0,Ag/MOF,57.226936
726.6917293233082,40.0,20.0,Ag/MOF,57.223995
727.3182957393484,40.0,20.0,Ag/MOF,57.221043
727.9448621553885,40.0,20.0,Ag/MOF,57.218105
728.5714285714286,40.0,20.0,Ag/MOF,57.215157
729.1979949874686,40.0,20.0,Ag/MOF,57.212215
729.8245614035088,40.0,20.0,Ag/MOF,57.20927
730.4511278195489,40.0,20.0,Ag/MOF,57.206326
731.077694235589,40.0,20.0,Ag/MOF,57.203384
731.704260651629,40.0,20.0,Ag/MOF,57.200443
732.3308270676691,40.0,20.0,Ag/MOF,57.1975
732.9573934837092,40.0,20.0,Ag/MOF,57.19455
733.5839598997494,40.0,20.0,Ag/MOF,57.19161
734.2105263157895,40.0,20.0,Ag/MOF,57.188667
734.8370927318296,40.0,20.0,Ag/MOF,57.18572
735.4636591478696,40.0,20.0,Ag/MOF,57.182785
736.0902255639098,40.0,20.0,Ag/MOF,57.179836
736.7167919799499,40.0,20.0,Ag/MOF,57.17689
737.34335839599,40.0,20.0,Ag/MOF,57.17395
737.9699248120301,40.0,20.0,Ag/MOF,57.171
738.5964912280701,40.0,20.0,Ag/MOF,57.168068
739.2230576441102,40.0,20.0,Ag/MOF,57.16512
739.8496240601504,40.0,20.0,Ag/MOF,57.162174
740.4761904761905,40.0,20.0,Ag/MOF,57.15923
741.1027568922306,40.0,20.0,Ag/MOF,57.156284
741.7293233082706,40.0,20.0,Ag/MOF,57.153343
742.3558897243108,40.0,20.0,Ag/MOF,57.150402
742.9824561403509,40.0,20.0,Ag/MOF,57.14746
743.609022556391,40.0,20.0,Ag/MOF,57.144512
744.2355889724311,40.0,20.0,Ag/MOF,57.141567
744.8621553884711,40.0,20.0,Ag/MOF,57.138622
745.4887218045112,40.0,20.0,Ag/MOF,57.135685
746.1152882205514,40.0,20.0,Ag/MOF,57.132736
746.7418546365915,40.0,20.0,Ag/MOF,57.12979
747.3684210526316,40.0,20.0,Ag/MOF,57.126846
747.9949874686716,40.0,20.0,Ag/MOF,57.123875
748.6215538847118,40.0,20.0,Ag/MOF,57.12071
749.2481203007519,40.0,20.0,Ag/MOF,57.117546
749.874686716792,40.0,20.0,Ag/MOF,57.11437
750.5012531328321,40.0,20.0,Ag/MOF,57.1112
751.1278195488721,40.0,20.0,Ag/MOF,57.10803
751.7543859649122,40.0,20.0,Ag/MOF,57.10487
752.3809523809524,40.0,20.0,Ag/MOF,57.10094
753.0075187969925,40.0,20.0,Ag/MOF,57.096954
753.6340852130326,40.0,20.0,Ag/MOF,57.09296
754.2606516290726,40.0,20.0,Ag/MOF,57.08899
754.8872180451128,40.0,20.0,Ag/MOF,57.085
755.5137844611529,40.0,20.0,Ag/MOF,57.081013
756.140350877193,40.0,20.0,Ag/MOF,57.077015
756.7669172932331,40.0,20.0,Ag/MOF,57.07303
757.3934837092731,40.0,20.0,Ag/MOF,57.06905
758.0200501253132,40.0,20.0,Ag/MOF,57.065067
758.6466165413534,40.0,20.0,Ag/MOF,57.061073
759.2731829573935,40.0,20.0,Ag/MOF,57.0571
759.8997493734336,40.0,20.0,Ag/MOF,57.05311
760.5263157894736,40.0,20.0,Ag/MOF,57.049118
761.1528822055138,40.0,20.0,Ag/MOF,57.045135
761.7794486215539,40.0,20.0,Ag/MOF,57.041145
762.406015037594,40.0,20.0,Ag/MOF,57.037167
763.0325814536341,40.0,20.0,Ag/MOF,57.033173
763.6591478696741,40.0,20.0,Ag/MOF,57.029194
764.2857142857142,40.0,20.0,Ag/MOF,57.025208
764.9122807017544,40.0,20.0,Ag/MOF,57.021217
765.5388471177945,40.0,20.0,Ag/MOF,57.017284
766.1654135338346,40.0,20.0,Ag/MOF,57.014088
766.7919799498746,40.0,20.0,Ag/MOF,57.010895
767.4185463659148,40.0,20.0,Ag/MOF,57.00771
768.0451127819549,40.0,20.0,Ag/MOF,57.004513
768.671679197995,40.0,20.0,Ag/MOF,57.001316
769.2982456140351,40.0,20.0,Ag/MOF,56.99813
769.9248120300751,40.0,20.0,Ag/MOF,56.994938
770.5513784461152,40.0,20.0,Ag/MOF,56.99175
771.1779448621554,40.0,20.0,Ag/MOF,56.988556
771.8045112781955,40.0,20.0,Ag/MOF,56.985363
772.4310776942356,40.0,20.0,Ag/MOF,56.98217
773.0576441102756,40.0,20.0,Ag/MOF,56.978985
773.6842105263158,40.0,20.0,Ag/MOF,56.97579
774.3107769423559,40.0,20.0,Ag/MOF,56.9726
774.937343358396,40.0,20.0,Ag/MOF,56.96941
775.5639097744361,40.0,20.0,Ag/MOF,56.966213
776.1904761904761,40.0,20.0,Ag/MOF,56.963017
776.8170426065162,40.0,20.0,Ag/MOF,56.95983
777.4436090225564,40.0,20.0,Ag/MOF,56.95664
778.0701754385965,40.0,20.0,Ag/MOF,56.953453
778.6967418546366,40.0,20.0,Ag/MOF,56.950268
779.3233082706766,40.0,20.0,Ag/MOF,56.947063
779.9498746867168,40.0,20.0,Ag/MOF,56.943874
780.5764411027569,40.0,20.0,Ag/MOF,56.94068
781.203007518797,40.0,20.0,Ag/MOF,56.937492
781.8295739348371,40.0,20.0,Ag/MOF,56.934303
782.4561403508771,40.0,20.0,Ag/MOF,56.931107
783.0827067669172,40.0,20.0,Ag/MOF,56.92792
783.7092731829574,40.0,20.0,Ag/MOF,56.92473
784.3358395989975,40.0,20.0,Ag/MOF,56.92154
784.9624060150376,40.0,20.0,Ag/MOF,56.918343
785.5889724310777,40.0,20.0,Ag/MOF,56.915157
786.2155388471178,40.0,20.0,Ag/MOF,56.91196
786.8421052631579,40.0,20.0,Ag/MOF,56.908764
787.468671679198,40.0,20.0,Ag/MOF,56.905582
788.0952380952381,40.0,20.0,Ag/MOF,56.90239
788.7218045112782,40.0,20.0,Ag/MOF,56.899204
789.3483709273182,40.0,20.0,Ag/MOF,56.896008
789.9749373433584,40.0,20.0,Ag/MOF,56.89282
790.6015037593985,40.0,20.0,Ag/MOF,56.889618
791.2280701754386,40.0,20.0,Ag/MOF,56.886425
791.8546365914787,40.0,20.0,Ag/MOF,56.883232
792.4812030075188,40.0,20.0,Ag/MOF,56.880043
793.1077694235589,40.0,20.0,Ag/MOF,56.877087
793.734335839599,40.0,20.0,Ag/MOF,56.87589
794.3609022556391,40.0,20.0,Ag/MOF,56.87469
794.9874686716792,40.0,20.0,Ag/MOF,56.873493
795.6140350877192,40.0,20.0,Ag/MOF,56.872295
796.2406015037594,40.0,20.0,Ag/MOF,56.871094
796.8671679197995,40.0,20.0,Ag/MOF,56.8699
797.4937343358396,40.0,20.0,Ag/MOF,56.868702
798.1203007518797,40.0,20.0,Ag/MOF,56.8675
798.7468671679198,40.0,20.0,Ag/MOF,56.8663
799.3734335839599,40.0,20.0,Ag/MOF,56.8651
800.0,40.0,20.0,Ag/MOF,56.863903
550.0,50.0,20.0,Ag/MOF,58.974773
550.6265664160401,50.0,20.0,Ag/MOF,58.9837
551.2531328320802,50.0,20.0,Ag/MOF,58.99262
551.8796992481203,50.0,20.0,Ag/MOF,59.00154
552.5062656641604,50.0,20.0,Ag/MOF,59.01047
553.1328320802005,50.0,20.0,Ag/MOF,59.019398
553.7593984962406,50.0,20.0,Ag/MOF,59.028313
554.3859649122807,50.0,20.0,Ag/MOF,59.03724
555.0125313283208,50.0,20.0,Ag/MOF,59.046165
555.6390977443609,50.0,20.0,Ag/MOF,59.05509
556.265664160401,50.0,20.0,Ag/MOF,59.063972
556.8922305764411,50.0,20.0,Ag/MOF,59.07268
557.5187969924812,50.0,20.0,Ag/MOF,59.0814
558.1453634085213,50.0,20.0,Ag/MOF,59.0901
558.7719298245614,50.0,20.0,Ag/MOF,59.098816
559.3984962406015,50.0,20.0,Ag/MOF,59.107513
560.0250626566416,50.0,20.0,Ag/MOF,59.11623
560.6516290726817,50.0,20.0,Ag/MOF,59.124935
561.2781954887218,50.0,20.0,Ag/MOF,59.133648
561.9047619047619,50.0,20.0,Ag/MOF,59.142357
562.531328320802,50.0,20.0,Ag/MOF,59.151066
563.1578947368421,50.0,20.0,Ag/MOF,59.15977
563.7844611528822,50.0,20.0,Ag/MOF,59.16618
564.4110275689223,50.0,20.0,Ag/MOF,59.17145
565.0375939849624,50.0,20.0,Ag/MOF,59.17671
565.6641604010025,50.0,20.0,Ag/MOF,59.18198
566.2907268170426,50.0,20.0,Ag/MOF,59.187237
566.9172932330827,50.0,20.0,Ag/MOF,59.192505
567.5438596491229,50.0,20.0,Ag/MOF,59.197773
568.1704260651629,50.0,20.0,Ag/MOF,59.203037
568.796992481203,50.0,20.0,Ag/MOF,59.210026
569.4235588972431,50.0,20.0,Ag/MOF,59.217922
570.0501253132832,50.0,20.0,Ag/MOF,59.22581
570.6766917293234,50.0,20.0,Ag/MOF,59.2337
571.3032581453634,50.0,20.0,Ag/MOF,59.24159
571.9298245614035,50.0,20.0,Ag/MOF,59.249485
572.5563909774436,50.0,20.0,Ag/MOF,59.257374
573.1829573934837,50.0,20.0,Ag/MOF,59.26526
573.8095238095239,50.0,20.0,Ag/MOF,59.273148
574.4360902255639,50.0,20.0,Ag/MOF,59.28104
575.062656641604,50.0,20.0,Ag/MOF,59.28893
575.6892230576441,50.0,20.0,Ag/MOF,59.296818
576.3157894736842,50.0,20.0,Ag/MOF,59.30471
576.9423558897244,50.0,20.0,Ag/MOF,59.312595
577.5689223057644,50.0,20.0,Ag/MOF,59.32049
578.1954887218045,50.0,20.0,Ag/MOF,59.32838
578.8220551378446,50.0,20.0,Ag/MOF,59.33627
579.4486215538847,50.0,20.0,Ag/MOF,59.34416
580.0751879699249,50.0,20.0,Ag/MOF,59.352047
580.7017543859649,50.0,20.0,Ag/MOF,59.359943
581.328320802005,50.0,20.0,Ag/MOF,59.367825
581.9548872180451,50.0,20.0,Ag/MOF,59.37572
582.5814536340852,50.0,20.0,Ag/MOF,59.38361
583.2080200501254,50.0,20.0,Ag/MOF,59.3915
583.8345864661654,50.0,20.0,Ag/MOF,59.399384
584.4611528822055,50.0,20.0,Ag/MOF,59.407276
585.0877192982456,50.0,20.0,Ag/MOF,59.415173
585.7142857142857,50.0,20.0,Ag/MOF,59.42306
586.3408521303259,50.0,20.0,Ag/MOF,59.430954
586.9674185463659,50.0,20.0,Ag/MOF,59.43925
587.593984962406,50.0,20.0,Ag/MOF,59.447823
588.2205513784461,50.0,20.0,Ag/MOF,59.456413
588.8471177944862,50.0,20.0,Ag/MOF,59.464993
589.4736842105264,50.0,20.0,Ag/MOF,59.473568
590.1002506265664,50.0,20.0,Ag/MOF,59.48214
590.7268170426065,50.0,20.0,Ag/MOF,59.490723
591.3533834586466,50.0,20.0,Ag/MOF,59.499306
591.9799498746867,50.0,20.0,Ag/MOF,59.50788
592.6065162907269,50.0,20.0,Ag/MOF,59.516464
593.2330827067669,50.0,20.0,Ag/MOF,59.52505
593.859649122807,50.0,20.0,Ag/MOF,59.53362
594.4862155388471,50.0,20.0,Ag/MOF,59.542202
595.1127819548872,50.0,20.0,Ag/MOF,59.55078
595.7393483709274,50.0,20.0,Ag/MOF,59.55936
596.3659147869674,50.0,20.0,Ag/MOF,59.567936
596.9924812030075,50.0,20.0,Ag/MOF,59.57652
597.6190476190476,50.0,20.0,Ag/MOF,59.585102
598.2456140350877,50.0,20.0,Ag/MOF,59.593685
598.8721804511279,50.0,20.0,Ag/MOF,59.602253
599.4987468671679,50.0,20.0,Ag/MOF,59.61084
600.125313283208,50.0,20.0,Ag/MOF,59.61941
600.7518796992481,50.0,20.0,Ag/MOF,59.62799
601.3784461152882,50.0,20.0,Ag/MOF,59.636578
602.0050125313284,50.0,20.0,Ag/MOF,59.645153
602.6315789473684,50.0,20.0,Ag/MOF,59.653732
603.2581453634085,50.0,20.0,Ag/MOF,59.662315
603.8847117794486,50.0,20.0,Ag/MOF,59.670895
604.5112781954887,50.0,20.0,Ag/MOF,59.67947
605.1378446115289,50.0,20.0,Ag/MOF,59.688053
605.7644110275689,50.0,20.0,Ag/MOF,59.696636
606.390977443609,50.0,20.0,Ag/MOF,59.70521
607.0175438596491,50.0,20.0,Ag/MOF,59.713787
607.6441102756892,50.0,20.0,Ag/MOF,59.72237
608.2706766917294,50.0,20.0,Ag/MOF,59.73095
608.8972431077694,50.0,20.0,Ag/MOF,59.739525
609.5238095238095,50.0,20.0,Ag/MOF,59.748116
610.1503759398496,50.0,20.0,Ag/MOF,59.756687
610.7769423558897,50.0,20.0,Ag/MOF,59.76527
611.4035087719299,50.0,20.0,Ag/MOF,59.773846
612.0300751879699,50.0,20.0,Ag/MOF,59.78242
612.65664160401,50.0,20.0,Ag/MOF,59.791
613.2832080200501,50.0,20.0,Ag/MOF,59.799587
613.9097744360902,50.0,20.0,Ag/MOF,59.808167
614.5363408521304,50.0,20.0,Ag/MOF,59.816742
615.1629072681704,50.0,20.0,Ag/MOF,59.825325
615.7894736842105,50.0,20.0,Ag/MOF,59.8339
616.4160401002506,50.0,20.0,Ag/MOF,59.842487
617.0426065162907,50.0,20.0,Ag/MOF,59.851063
617.6691729323309,50.0,20.0,Ag/MOF,59.85964
618.295739348371,50.0,20.0,Ag/MOF,59.868217
618.922305764411,50.0,20.0,Ag/MOF,59.8768
619.5488721804511,50.0,20.0,Ag/MOF,59.885387
620.1754385964912,50.0,20.0,Ag/MOF,59.893963
620.8020050125314,50.0,20.0,Ag/MOF,59.902542
621.4285714285714,50.0,20.0,Ag/MOF,59.91
622.0551378446115,50.0,20.0,Ag/MOF,59.91645
622.6817042606516,50.0,20.0,Ag/MOF,59.922905
623.3082706766917,50.0,20.0,Ag/MOF,59.929367
623.9348370927319,50.0,20.0,Ag/MOF,59.935818
624.561403508772,50.0,20.0,Ag/MOF,59.942276
625.187969924812,50.0,20.0,Ag/MOF,59.94872
625.8145363408521,50.0,20.0,Ag/MOF,59.95519
626.4411027568922,50.0,20.0,Ag/MOF,59.961643
627.0676691729324,50.0,20.0,Ag/MOF,59.968094
627.6942355889724,50.0,20.0,Ag/MOF,59.974556
628.3208020050125,50.0,20.0,Ag/MOF,59.981007
628.9473684210526,50.0,20.0,Ag/MOF,59.98746
629.5739348370927,50.0,20.0,Ag/MOF,59.99391
630.2005012531329,50.0,20.0,Ag/MOF,59.999683
630.827067669173,50.0,20.0,Ag/MOF,60.002296
631.453634085213,50.0,20.0,Ag/MOF,60.004925
632.0802005012531,50.0,20.0,Ag/MOF,60.00754
632.7067669172932,50.0,20.0,Ag/MOF,60.01017
633.3333333333334,50.0,20.0,Ag/MOF,60.0128
633.9598997493734,50.0,20.0,Ag/MOF,60.015415
634.5864661654135,50.0,20.0,Ag/MOF,60.01804
635.2130325814536,50.0,20.0,Ag/MOF,60.020657
635.8395989974937,50.0,20.0,Ag/MOF,60.023285
636.4661654135339,50.0,20.0,Ag/MOF,60.025906
637.092731829574,50.0,20.0,Ag/MOF,60.028522
637.719298245614,50.0,20.0,Ag/MOF,60.031155
638.3458646616541,50.0,20.0,Ag/MOF,60.03377
638.9724310776942,50.0,20.0,Ag/MOF,60.036392
639.5989974937344,50.0,20.0,Ag/MOF,60.039017
640.2255639097745,50.0,20.0,Ag/MOF,60.041637
640.8521303258145,50.0,20.0,Ag/MOF,60.04426
641.4786967418546,50.0,20.0,Ag/MOF,60.046883
642.1052631578947,50.0,20.0,Ag/MOF,60.049507
642.7318295739349,50.0,20.0,Ag/MOF,60.052128
643.358395989975,50.0,20.0,Ag/MOF,60.05475
643.984962406015,50.0,20.0,Ag/MOF,60.057373
644.6115288220551,50.0,20.0,Ag/MOF,60.059998
645.2380952380952,50.0,20.0,Ag/MOF,60.06262
645.8646616541354,50.0,20.0,Ag/MOF,60.065243
646.4912280701755,50.0,20.0,Ag/MOF,60.06786
647.1177944862155,50.0,20.0,Ag/MOF,60.070488
647.7443609022556,50.0,20.0,Ag/MOF,60.073105
648.3709273182957,50.0,20.0,Ag/MOF,60.07573
648.9974937343359,50.0,20.0,Ag/MOF,60.07835
649.624060150376,50.0,20.0,Ag/MOF,60.08097
650.250626566416,50.0,20.0,Ag/MOF,60.0836
650.8771929824561,50.0,20.0,Ag/MOF,60.08622
651.5037593984962,50.0,20.0,Ag/MOF,60.08885
652.1303258145364,50.0,20.0,Ag/MOF,60.091465
652.7568922305765,50.0,20.0,Ag/MOF,60.094086
653.3834586466165,50.0,20.0,Ag/MOF,60.096706
654.0100250626566,50.0,20.0,Ag/MOF,60.099323
654.6365914786967,50.0,20.0,Ag/MOF,60.101955
655.2631578947369,50.0,20.0,Ag/MOF,60.104572
655.889724310777,50.0,20.0,Ag/MOF,60.1072
656.516290726817,50.0,20.0,Ag/MOF,60.109825
657.1428571428571,50.0,20.0,Ag/MOF,60.112446
657.7694235588972,50.0,20.0,Ag/MOF,60.115067
658.3959899749374,50.0,20.0,Ag/MOF,60.11769
659.0225563909775,50.0,20.0,Ag/MOF,60.120316
659.6491228070175,50.0,20.0,Ag/MOF,60.122936
660.2756892230576,50.0,20.0,Ag/MOF,60.125557
660.9022556390977,50.0,20.0,Ag/MOF,60.128178
661.5288220551379,50.0,20.0,Ag/MOF,60.130795
662.155388471178,50.0,20.0,Ag/MOF,60.133423
662.781954887218,50.0,20.0,Ag/MOF,60.13604
663.4085213032581,50.0,20.0,Ag/MOF,60.138668
664.0350877192982,50.0,20.0,Ag/MOF,60.141285
664.6616541353384,50.0,20.0,Ag/MOF,60.14391
665.2882205513785,50.0,20.0,Ag/MOF,60.14653
665.9147869674185,50.0,20.0,Ag/MOF,60.14916
666.5413533834586,50.0,20.0,Ag/MOF,60.151775
667.1679197994987,50.0,20.0,Ag/MOF,60.1544
667.7944862155389,50.0,20.0,Ag/MOF,60.15702
668.421052631579,50.0,20.0,Ag/MOF,60.159637
669.047619047619,50.0,20.0,Ag/MOF,60.162163
669.6741854636591,50.0,20.0,Ag/MOF,60.16469
670.3007518796992,50.0,20.0,Ag/MOF,60.16722
670.9273182957394,50.0,20.0,Ag/MOF,60.169746
671.5538847117795,50.0,20.0,Ag/MOF,60.17228
672.1804511278195,50.0,20.0,Ag/MOF,60.1748
672.8070175438596,50.0,20.0,Ag/MOF,60.17734
673.4335839598998,50.0,20.0,Ag/MOF,60.17987
674.0601503759399,50.0,20.0,Ag/MOF,60.182392
674.68671679198,50.0,20.0,Ag/MOF,60.184715
675.31328320802,50.0,20.0,Ag/MOF,60.187023
675.9398496240601,50.0,20.0,Ag/MOF,60.189327
676.5664160401002,50.0,20.0,Ag/MOF,60.191624
677.1929824561404,50.0,20.0,Ag/MOF,60.193935
677.8195488721805,50.0,20.0,Ag/MOF,60.19624
678.4461152882205,50.0,20.0,Ag/MOF,60.198536
679.0726817042606,50.0,20.0,Ag/MOF,60.20084
679.6992481203008,50.0,20.0,Ag/MOF,60.203144
680.3258145363409,50.0,20.0,Ag/MOF,60.205452
680.952380952381,50.0,20.0,Ag/MOF,60.207752
681.578947368421,50.0,20.0,Ag/MOF,60.209145
682.2055137844611,50.0,20.0,Ag/MOF,60.20921
682.8320802005012,50.0,20.0,Ag/MOF,60.209263
683.4586466165414,50.0,20.0,Ag/MOF,60.209324
684.0852130325815,50.0,20.0,Ag/MOF,60.20939
684.7117794486215,50.0,20.0,Ag/MOF,60.209446
685.3383458646616,50.0,20.0,Ag/MOF,60.209507
685.9649122807018,50.0,20.0,Ag/MOF,60.209564
686.5914786967419,50.0,20.0,Ag/MOF,60.20963
687.218045112782,50.0,20.0,Ag/MOF,60.20969
687.844611528822,50.0,20.0,Ag/MOF,60.20975
688.4711779448621,50.0,20.0,Ag/MOF,60.209812
689.0977443609022,50.0,20.0,Ag/MOF,60.209877
689.7243107769424,50.0,20.0,Ag/MOF,60.209934
690.3508771929825,50.0,20.0,Ag/MOF,60.21005
690.9774436090225,50.0,20.0,Ag/MOF,60.211193
691.6040100250626,50.0,20.0,Ag/MOF,60.21233
692.2305764411028,50.0,20.0,Ag/MOF,60.21348
692.8571428571429,50.0,20.0,Ag/MOF,60.214626
693.483709273183,50.0,20.0,Ag/MOF,60.215767
694.110275689223,50.0,20.0,Ag/MOF,60.216915
694.7368421052631,50.0,20.0,Ag/MOF,60.218067
695.3634085213032,50.0,20.0,Ag/MOF,60.218777
695.9899749373434,50.0,20.0,Ag/MOF,60.2183
696.6165413533835,50.0,20.0,Ag/MOF,60.21783
697.2431077694235,50.0,20.0,Ag/MOF,60.217365
697.8696741854636,50.0,20.0,Ag/MOF,60.216957
698.4962406015038,50.0,20.0,Ag/MOF,60.216557
699.1228070175439,50.0,20.0,Ag/MOF,60.216152
699.749373433584,50.0,20.0,Ag/MOF,60.215755
700.375939849624,50.0,20.0,Ag/MOF,60.215343
701.0025062656641,50.0,20.0,Ag/MOF,60.21495
701.6290726817042,50.0,20.0,Ag/MOF,60.21454
702.2556390977444,50.0,20.0,Ag/MOF,60.214134
702.8822055137845,50.0,20.0,Ag/MOF,60.213726
703.5087719298245,50.0,20.0,Ag/MOF,60.213337
704.1353383458646,50.0,20.0,Ag/MOF,60.212933
704.7619047619048,50.0,20.0,Ag/MOF,60.21252
705.3884711779449,50.0,20.0,Ag/MOF,60.212124
706.015037593985,50.0,20.0,Ag/MOF,60.21171
706.641604010025,50.0,20.0,Ag/MOF,60.21132
707.2681704260651,50.0,20.0,Ag/MOF,60.21091
707.8947368421052,50.0,20.0,Ag/MOF,60.21051
708.5213032581454,50.0,20.0,Ag/MOF,60.210106
709.1478696741855,50.0,20.0,Ag/MOF,60.209698
709.7744360902255,50.0,20.0,Ag/MOF,60.209293
710.4010025062656,50.0,20.0,Ag/MOF,60.208904
711.0275689223058,50.0,20.0,Ag/MOF,60.20849
711.6541353383459,50.0,20.0,Ag/MOF,60.208088
712.280701754386,50.0,20.0,Ag/MOF,60.207684
712.907268170426,50.0,20.0,Ag/MOF,60.20728
713.5338345864661,50.0,20.0,Ag/MOF,60.20688
714.1604010025062,50.0,20.0,Ag/MOF,60.20648
714.7869674185464,50.0,20.0,Ag/MOF,60.206074
715.4135338345865,50.0,20.0,Ag/MOF,60.205677
716.0401002506266,50.0,20.0,Ag/MOF,60.20527
716.6666666666666,50.0,20.0,Ag/MOF,60.204865
717.2932330827068,50.0,20.0,Ag/MOF,60.20446
717.9197994987469,50.0,20.0,Ag/MOF,60.204052
718.546365914787,50.0,20.0,Ag/MOF,60.203655
719.172932330827,50.0,20.0,Ag/MOF,60.20325
719.7994987468671,50.0,20.0,Ag/MOF,60.202847
720.4260651629072,50.0,20.0,Ag/MOF,60.202442
721.0526315789474,50.0,20.0,Ag/MOF,60.202038
721.6791979949875,50.0,20.0,Ag/MOF,60.20163
722.3057644110276,50.0,20.0,Ag/MOF,60.201237
722.9323308270676,50.0,20.0,Ag/MOF,60.20082
723.5588972431078,50.0,20.0,Ag/MOF,60.200424
724.1854636591479,50.0,20.0,Ag/MOF,60.20002
724.812030075188,50.0,20.0,Ag/MOF,60.19962
725.438596491228,50.0,20.0,Ag/MOF,60.199223
726.0651629072681,50.0,20.0,Ag/MOF,60.198814
726.6917293233082,50.0,20.0,Ag/MOF,60.198414
727.3182957393484,50.0,20.0,Ag/MOF,60.198
727.9448621553885,50.0,20.0,Ag/MOF,60.1976
728.5714285714286,50.0,20.0,Ag/MOF,60.197197
729.1979949874686,50.0,20.0,Ag/MOF,60.1968
729.8245614035088,50.0,20.0,Ag/MOF,60.196392
730.4511278195489,50.0,20.0,Ag/MOF,60.195988
731.077694235589,50.0,20.0,Ag/MOF,60.195587
731.704260651629,50.0,20.0,Ag/MOF,60.195183
732.3308270676691,50.0,20.0,Ag/MOF,60.19478
732.9573934837092,50.0,20.0,Ag/MOF,60.19437
733.5839598997494,50.0,20.0,Ag/MOF,60.19397
734.2105263157895,50.0,20.0,Ag/MOF,60.19357
734.8370927318296,50.0,20.0,Ag/MOF,60.193165
735.4636591478696,50.0,20.0,Ag/MOF,60.19276
736.0902255639098,50.0,20.0,Ag/MOF,60.191147
736.7167919799499,50.0,20.0,Ag/MOF,60.189545
737.34335839599,50.0,20.0,Ag/MOF,60.18794
737.9699248120301,50.0,20.0,Ag/MOF,60.186333
738.5964912280701,50.0,20.0,Ag/MOF,60.184727
739.2230576441102,50.0,20.0,Ag/MOF,60.183117
739.8496240601504,50.0,20.0,Ag/MOF,60.181515
740.4761904761905,50.0,20.0,Ag/MOF,60.179905
741.1027568922306,50.0,20.0,Ag/MOF,60.178303
741.7293233082706,50.0,20.0,Ag/MOF,60.178215
742.3558897243108,50.0,20.0,Ag/MOF,60.178604
742.9824561403509,50.0,20.0,Ag/MOF,60.178997
743.609022556391,50.0,20.0,Ag/MOF,60.17938
744.2355889724311,50.0,20.0,Ag/MOF,60.179768
744.8621553884711,50.0,20.0,Ag/MOF,60.180157
745.4887218045112,50.0,20.0,Ag/MOF,60.18054
746.1152882205514,50.0,20.0,Ag/MOF,60.18092
746.7418546365915,50.0,20.0,Ag/MOF,60.18131
747.3684210526316,50.0,20.0,Ag/MOF,60.181698
747.9949874686716,50.0,20.0,Ag/MOF,60.182083
748.6215538847118,50.0,20.0,Ag/MOF,60.182476
749.2481203007519,50.0,20.0,Ag/MOF,60.182858
749.874686716792,50.0,20.0,Ag/MOF,60.183247
750.5012531328321,50.0,20.0,Ag/MOF,60.183636
751.1278195488721,50.0,20.0,Ag/MOF,60.18402
751.7543859649122,50.0,20.0,Ag/MOF,60.1844
752.3809523809524,50.0,20.0,Ag/MOF,60.18478
753.0075187969925,50.0,20.0,Ag/MOF,60.18518
753.6340852130326,50.0,20.0,Ag/MOF,60.185566
754.2606516290726,50.0,20.0,Ag/MOF,60.185947
754.8872180451128,50.0,20.0,Ag/MOF,60.186337
755.5137844611529,50.0,20.0,Ag/MOF,60.18672
756.140350877193,50.0,20.0,Ag/MOF,60.187107
756.7669172932331,50.0,20.0,Ag/MOF,60.1875
757.3934837092731,50.0,20.0,Ag/MOF,60.187878
758.0200501253132,50.0,20.0,Ag/MOF,60.188267
758.6466165413534,50.0,20.0,Ag/MOF,60.188656
759.2731829573935,50.0,20.0,Ag/MOF,60.18904
759.8997493734336,50.0,20.0,Ag/MOF,60.18943
760.5263157894736,50.0,20.0,Ag/MOF,60.189816
761.1528822055138,50.0,20.0,Ag/MOF,60.190205
761.7794486215539,50.0,20.0,Ag/MOF,60.190586
762.406015037594,50.0,20.0,Ag/MOF,60.190975
763.0325814536341,50.0,20.0,Ag/MOF,60.19136
763.6591478696741,50.0,20.0,Ag/MOF,60.19174
764.2857142857142,50.0,20.0,Ag/MOF,60.192135
764.9122807017544,50.0,20.0,Ag/MOF,60.192524
765.5388471177945,50.0,20.0,Ag/MOF,60.19322
766.1654135338346,50.0,20.0,Ag/MOF,60.195515
766.7919799498746,50.0,20.0,Ag/MOF,60.19781
767.4185463659148,50.0,20.0,Ag/MOF,60.2001
768.0451127819549,50.0,20.0,Ag/MOF,60.202393
768.671679197995,50.0,20.0,Ag/MOF,60.204685
769.2982456140351,50.0,20.0,Ag/MOF,60.206978
769.9248120300751,50.0,20.0,Ag/MOF,60.20927
770.5513784461152,50.0,20.0,Ag/MOF,60.211567
771.1779448621554,50.0,20.0,Ag/MOF,60.21386
771.8045112781955,50.0,20.0,Ag/MOF,60.216156
772.4310776942356,50.0,20.0,Ag/MOF,60.21844
773.0576441102756,50.0,20.0,Ag/MOF,60.22073
773.6842105263158,50.0,20.0,Ag/MOF,60.223026
774.3107769423559,50.0,20.0,Ag/MOF,60.225323
774.937343358396,50.0,20.0,Ag/MOF,60.227608
775.5639097744361,50.0,20.0,Ag/MOF,60.2299
776.1904761904761,50.0,20.0,Ag/MOF,60.232197
776.8170426065162,50.0,20.0,Ag/MOF,60.234486
777.4436090225564,50.0,20.0,Ag/MOF,60.236774
778.0701754385965,50.0,20.0,Ag/MOF,60.239075
778.6967418546366,50.0,20.0,Ag/MOF,60.24136
779.3233082706766,50.0,20.0,Ag/MOF,60.243656
779.9498746867168,50.0,20.0,Ag/MOF,60.24595
780.5764411027569,50.0,20.0,Ag/MOF,60.248245
781.203007518797,50.0,20.0,Ag/MOF,60.250534
781.8295739348371,50.0,20.0,Ag/MOF,60.252827
782.4561403508771,50.0,20.0,Ag/MOF,60.255116
783.0827067669172,50.0,20.0,Ag/MOF,60.257404
783.7092731829574,50.0,20.0,Ag/MOF,60.2597
784.3358395989975,50.0,20.0,Ag/MOF,60.261993
784.9624060150376,50.0,20.0,Ag/MOF,60.26428
785.5889724310777,50.0,20.0,Ag/MOF,60.266575
786.2155388471178,50.0,20.0,Ag/MOF,60.26887
786.8421052631579,50.0,20.0,Ag/MOF,60.271164
787.468671679198,50.0,20.0,Ag/MOF,60.273457
788.0952380952381,50.0,20.0,Ag/MOF,60.275745
788.7218045112782,50.0,20.0,Ag/MOF,60.27804
789.3483709273182,50.0,20.0,Ag/MOF,60.28033
789.9749373433584,50.0,20.0,Ag/MOF,60.282627
790.6015037593985,50.0,20.0,Ag/MOF,60.28491
791.2280701754386,50.0,20.0,Ag/MOF,60.287205
791.8546365914787,50.0,20.0,Ag/MOF,60.289497
792.4812030075188,50.0,20.0,Ag/MOF,60.291237
793.1077694235589,50.0,20.0,Ag/MOF,60.292706
793.734335839599,50.0,20.0,Ag/MOF,60.294186
794.3609022556391,50.0,20.0,Ag/MOF,60.29566
794.9874686716792,50.0,20.0,Ag/MOF,60.29714
795.6140350877192,50.0,20.0,Ag/MOF,60.29861
796.2406015037594,50.0,20.0,Ag/MOF,60.30009
796.8671679197995,50.0,20.0,Ag/MOF,60.301556
797.4937343358396,50.0,20.0,Ag/MOF,60.303036
798.1203007518797,50.0,20.0,Ag/MOF,60.304516
798.7468671679198,50.0,20.0,Ag/MOF,60.30599
799.3734335839599,50.0,20.0,Ag/MOF,60.30747
800.0,50.0,20.0,Ag/MOF,60.308018
550.0,60.0,20.0,Ag/MOF,60.151356
550.6265664160401,60.0,20.0,Ag/MOF,60.154797
551.2531328320802,60.0,20.0,Ag/MOF,60.158245
551.8796992481203,60.0,20.0,Ag/MOF,60.161686
552.5062656641604,60.0,20.0,Ag/MOF,60.165127
553.1328320802005,60.0,20.0,Ag/MOF,60.168568
553.7593984962406,60.0,20.0,Ag/MOF,60.17202
554.3859649122807,60.0,20.0,Ag/MOF,60.175465
555.0125313283208,60.0,20.0,Ag/MOF,60.1789
555.6390977443609,60.0,20.0,Ag/MOF,60.18234
556.265664160401,60.0,20.0,Ag/MOF,60.18579
556.8922305764411,60.0,20.0,Ag/MOF,60.189236
557.5187969924812,60.0,20.0,Ag/MOF,60.192677
558.1453634085213,60.0,20.0,Ag/MOF,60.196117
558.7719298245614,60.0,20.0,Ag/MOF,60.2
559.3984962406015,60.0,20.0,Ag/MOF,60.204887
560.0250626566416,60.0,20.0,Ag/MOF,60.209778
560.6516290726817,60.0,20.0,Ag/MOF,60.214664
561.2781954887218,60.0,20.0,Ag/MOF,60.219547
561.9047619047619,60.0,20.0,Ag/MOF,60.224876
562.531328320802,60.0,20.0,Ag/MOF,60.23083
563.1578947368421,60.0,20.0,Ag/MOF,60.236797
563.7844611528822,60.0,20.0,Ag/MOF,60.24277
564.4110275689223,60.0,20.0,Ag/MOF,60.24873
565.0375939849624,60.0,20.0,Ag/MOF,60.25469
565.6641604010025,60.0,20.0,Ag/MOF,60.260654
566.2907268170426,60.0,20.0,Ag/MOF,60.266617
566.9172932330827,60.0,20.0,Ag/MOF,60.27258
567.5438596491229,60.0,20.0,Ag/MOF,60.278545
568.1704260651629,60.0,20.0,Ag/MOF,60.284504
568.796992481203,60.0,20.0,Ag/MOF,60.290474
569.4235588972431,60.0,20.0,Ag/MOF,60.296436
570.0501253132832,60.0,20.0,Ag/MOF,60.3024
570.6766917293234,60.0,20.0,Ag/MOF,60.308357
571.3032581453634,60.0,20.0,Ag/MOF,60.31432
571.9298245614035,60.0,20.0,Ag/MOF,60.320286
572.5563909774436,60.0,20.0,Ag/MOF,60.32625
573.1829573934837,60.0,20.0,Ag/MOF,60.332333
573.8095238095239,60.0,20.0,Ag/MOF,60.33842
574.4360902255639,60.0,20.0,Ag/MOF,60.34451
575.062656641604,60.0,20.0,Ag/MOF,60.35059
575.6892230576441,60.0,20.0,Ag/MOF,60.35667
576.3157894736842,60.0,20.0,Ag/MOF,60.36275
576.9423558897244,60.0,20.0,Ag/MOF,60.36884
577.5689223057644,60.0,20.0,Ag/MOF,60.374928
578.1954887218045,60.0,20.0,Ag/MOF,60.381
578.8220551378446,60.0,20.0,Ag/MOF,60.38708
579.4486215538847,60.0,20.0,Ag/MOF,60.39317
580.0751879699249,60.0,20.0,Ag/MOF,60.399258
580.7017543859649,60.0,20.0,Ag/MOF,60.40534
581.328320802005,60.0,20.0,Ag/MOF,60.41142
581.9548872180451,60.0,20.0,Ag/MOF,60.417503
582.5814536340852,60.0,20.0,Ag/MOF,60.423584
583.2080200501254,60.0,20.0,Ag/MOF,60.429676
583.8345864661654,60.0,20.0,Ag/MOF,60.435753
584.4611528822055,60.0,20.0,Ag/MOF,60.44184
585.0877192982456,60.0,20.0,Ag/MOF,60.44617
585.7142857142857,60.0,20.0,Ag/MOF,60.45013
586.3408521303259,60.0,20.0,Ag/MOF,60.454094
586.9674185463659,60.0,20.0,Ag/MOF,60.45805
587.593984962406,60.0,20.0,Ag/MOF,60.46201
588.2205513784461,60.0,20.0,Ag/MOF,60.46597
588.8471177944862,60.0,20.0,Ag/MOF,60.46992
589.4736842105264,60.0,20.0,Ag/MOF,60.473885
590.1002506265664,60.0,20.0,Ag/MOF,60.477848
590.7268170426065,60.0,20.0,Ag/MOF,60.4818
591.3533834586466,60.0,20.0,Ag/MOF,60.485767
591.9799498746867,60.0,20.0,Ag/MOF,60.489727
592.6065162907269,60.0,20.0,Ag/MOF,60.493683
593.2330827067669,60.0,20.0,Ag/MOF,60.497646
593.859649122807,60.0,20.0,Ag/MOF,60.501606
594.4862155388471,60.0,20.0,Ag/MOF,60.50556
595.1127819548872,60.0,20.0,Ag/MOF,60.509525
595.7393483709274,60.0,20.0,Ag/MOF,60.51348
596.3659147869674,60.0,20.0,Ag/MOF,60.519466
596.9924812030075,60.0,20.0,Ag/MOF,60.52606
597.6190476190476,60.0,20.0,Ag/MOF,60.53264
598.2456140350877,60.0,20.0,Ag/MOF,60.539227
598.8721804511279,60.0,20.0,Ag/MOF,60.54581
599.4987468671679,60.0,20.0,Ag/MOF,60.5524
600.125313283208,60.0,20.0,Ag/MOF,60.558975
600.7518796992481,60.0,20.0,Ag/MOF,60.56542
601.3784461152882,60.0,20.0,Ag/MOF,60.571766
602.0050125313284,60.0,20.0,Ag/MOF,60.57813
602.6315789473684,60.0,20.0,Ag/MOF,60.58449
603.2581453634085,60.0,20.0,Ag/MOF,60.590847
603.8847117794486,60.0,20.0,Ag/MOF,60.597214
604.5112781954887,60.0,20.0,Ag/MOF,60.60356
605.1378446115289,60.0,20.0,Ag/MOF,60.60993
605.7644110275689,60.0,20.0,Ag/MOF,60.616283
606.390977443609,60.0,20.0,Ag/MOF,60.62264
607.0175438596491,60.0,20.0,Ag/MOF,60.628998
607.6441102756892,60.0,20.0,Ag/MOF,60.635212
608.2706766917294,60.0,20.0,Ag/MOF,60.641354
608.8972431077694,60.0,20.0,Ag/MOF,60.647495
609.5238095238095,60.0,20.0,Ag/MOF,60.653637
610.1503759398496,60.0,20.0,Ag/MOF,60.659782
610.7769423558897,60.0,20.0,Ag/MOF,60.66593
611.4035087719299,60.0,20.0,Ag/MOF,60.67207
612.0300751879699,60.0,20.0,Ag/MOF,60.67821
612.65664160401,60.0,20.0,Ag/MOF,60.684345
613.2832080200501,60.0,20.0,Ag/MOF,60.690495
613.9097744360902,60.0,20.0,Ag/MOF,60.696636
614.5363408521304,60.0,20.0,Ag/MOF,60.702778
615.1629072681704,60.0,20.0,Ag/MOF,60.708927
615.7894736842105,60.0,20.0,Ag/MOF,60.71507
616.4160401002506,60.0,20.0,Ag/MOF,60.721214
617.0426065162907,60.0,20.0,Ag/MOF,60.727352
617.6691729323309,60.0,20.0,Ag/MOF,60.7335
618.295739348371,60.0,20.0,Ag/MOF,60.739643
618.922305764411,60.0,20.0,Ag/MOF,60.745777
619.5488721804511,60.0,20.0,Ag/MOF,60.75192
620.1754385964912,60.0,20.0,Ag/MOF,60.75806
620.8020050125314,60.0,20.0,Ag/MOF,60.764206
621.4285714285714,60.0,20.0,Ag/MOF,60.770348
622.0551378446115,60.0,20.0,Ag/MOF,60.776497
622.6817042606516,60.0,20.0,Ag/MOF,60.78264
623.3082706766917,60.0,20.0,Ag/MOF,60.78878
623.9348370927319,60.0,20.0,Ag/MOF,60.794933
624.561403508772,60.0,20.0,Ag/MOF,60.80106
625.187969924812,60.0,20.0,Ag/MOF,60.8072
625.8145363408521,60.0,20.0,Ag/MOF,60.813343
626.4411027568922,60.0,20.0,Ag/MOF,60.819492
627.0676691729324,60.0,20.0,Ag/MOF,60.825634
627.6942355889724,60.0,20.0,Ag/MOF,60.831776
628.3208020050125,60.0,20.0,Ag/MOF,60.837925
628.9473684210526,60.0,20.0,Ag/MOF,60.844067
629.5739348370927,60.0,20.0,Ag/MOF,60.8502
630.2005012531329,60.0,20.0,Ag/MOF,60.856354
630.827067669173,60.0,20.0,Ag/MOF,60.8625
631.453634085213,60.0,20.0,Ag/MOF,60.868633
632.0802005012531,60.0,20.0,Ag/MOF,60.874775
632.7067669172932,60.0,20.0,Ag/MOF,60.880924
633.3333333333334,60.0,20.0,Ag/MOF,60.887066
633.9598997493734,60.0,20.0,Ag/MOF,60.893208
634.5864661654135,60.0,20.0,Ag/MOF,60.89935
635.2130325814536,60.0,20.0,Ag/MOF,60.90549
635.8395989974937,60.0,20.0,Ag/MOF,60.911633
636.4661654135339,60.0,20.0,Ag/MOF,60.917767
637.092731829574,60.0,20.0,Ag/MOF,60.92392
637.719298245614,60.0,20.0,Ag/MOF,60.930058
638.3458646616541,60.0,20.0,Ag/MOF,60.936203
638.9724310776942,60.0,20.0,Ag/MOF,60.942345
639.5989974937344,60.0,20.0,Ag/MOF,60.94849
640.2255639097745,60.0,20.0,Ag/MOF,60.95463
640.8521303258145,60.0,20.0,Ag/MOF,60.960766
641.4786967418546,60.0,20.0,Ag/MOF,60.966915
642.1052631578947,60.0,20.0,Ag/MOF,60.973064
642.7318295739349,60.0,20.0,Ag/MOF,60.9792
643.358395989975,60.0,20.0,Ag/MOF,60.98534
643.984962406015,60.0,20.0,Ag/MOF,60.991486
644.6115288220551,60.0,20.0,Ag/MOF,60.99763
645.2380952380952,60.0,20.0,Ag/MOF,61.003777
645.8646616541354,60.0,20.0,Ag/MOF,61.00991
646.4912280701755,60.0,20.0,Ag/MOF,61.016056
647.1177944862155,60.0,20.0,Ag/MOF,61.022198
647.7443609022556,60.0,20.0,Ag/MOF,61.028343
648.3709273182957,60.0,20.0,Ag/MOF,61.03449
648.9974937343359,60.0,20.0,Ag/MOF,61.04063
649.624060150376,60.0,20.0,Ag/MOF,61.046772
650.250626566416,60.0,20.0,Ag/MOF,61.05291
650.8771929824561,60.0,20.0,Ag/MOF,61.059048
651.5037593984962,60.0,20.0,Ag/MOF,61.0652
652.1303258145364,60.0,20.0,Ag/MOF,61.07134
652.7568922305765,60.0,20.0,Ag/MOF,61.077484
653.3834586466165,60.0,20.0,Ag/MOF,61.083626
654.0100250626566,60.0,20.0,Ag/MOF,61.089767
654.6365914786967,60.0,20.0,Ag/MOF,61.095905
655.2631578947369,60.0,20.0,Ag/MOF,61.10206
655.889724310777,60.0,20.0,Ag/MOF,61.108192
656.516290726817,60.0,20.0,Ag/MOF,61.114338
657.1428571428571,60.0,20.0,Ag/MOF,61.120483
657.7694235588972,60.0,20.0,Ag/MOF,61.12663
658.3959899749374,60.0,20.0,Ag/MOF,61.13277
659.0225563909775,60.0,20.0,Ag/MOF,61.138912
659.6491228070175,60.0,20.0,Ag/MOF,61.145054
660.2756892230576,60.0,20.0,Ag/MOF,61.151188
660.9022556390977,60.0,20.0,Ag/MOF,61.157337
661.5288220551379,60.0,20.0,Ag/MOF,61.163475
662.155388471178,60.0,20.0,Ag/MOF,61.169624
662.781954887218,60.0,20.0,Ag/MOF,61.17577
663.4085213032581,60.0,20.0,Ag/MOF,61.18191
664.0350877192982,60.0,20.0,Ag/MOF,61.18805
664.6616541353384,60.0,20.0,Ag/MOF,61.194195
665.2882205513785,60.0,20.0,Ag/MOF,61.199642
665.9147869674185,60.0,20.0,Ag/MOF,61.20195
666.5413533834586,60.0,20.0,Ag/MOF,61.204258
667.1679197994987,60.0,20.0,Ag/MOF,61.206562
667.7944862155389,60.0,20.0,Ag/MOF,61.208878
668.421052631579,60.0,20.0,Ag/MOF,61.211185
669.047619047619,60.0,20.0,Ag/MOF,61.2135
669.6741854636591,60.0,20.0,Ag/MOF,61.215813
670.3007518796992,60.0,20.0,Ag/MOF,61.21812
670.9273182957394,60.0,20.0,Ag/MOF,61.22043
671.5538847117795,60.0,20.0,Ag/MOF,61.22274
672.1804511278195,60.0,20.0,Ag/MOF,61.225048
672.8070175438596,60.0,20.0,Ag/MOF,61.22736
673.4335839598998,60.0,20.0,Ag/MOF,61.229664
674.0601503759399,60.0,20.0,Ag/MOF,61.231976
674.68671679198,60.0,20.0,Ag/MOF,61.234287
675.31328320802,60.0,20.0,Ag/MOF,61.2366
675.9398496240601,60.0,20.0,Ag/MOF,61.23891
676.5664160401002,60.0,20.0,Ag/MOF,61.241207
677.1929824561404,60.0,20.0,Ag/MOF,61.243526
677.8195488721805,60.0,20.0,Ag/MOF,61.245834
678.4461152882205,60.0,20.0,Ag/MOF,61.24815
679.0726817042606,60.0,20.0,Ag/MOF,61.250454
679.6992481203008,60.0,20.0,Ag/MOF,61.252766
680.3258145363409,60.0,20.0,Ag/MOF,61.25507
680.952380952381,60.0,20.0,Ag/MOF,61.25738
681.578947368421,60.0,20.0,Ag/MOF,61.25969
682.2055137844611,60.0,20.0,Ag/MOF,61.262005
682.8320802005012,60.0,20.0,Ag/MOF,61.26431
683.4586466165414,60.0,20.0,Ag/MOF,61.26663
684.0852130325815,60.0,20.0,Ag/MOF,61.268932
684.7117794486215,60.0,20.0,Ag/MOF,61.271763
685.3383458646616,60.0,20.0,Ag/MOF,61.275154
685.9649122807018,60.0,20.0,Ag/MOF,61.278545
686.5914786967419,60.0,20.0,Ag/MOF,61.28194
687.218045112782,60.0,20.0,Ag/MOF,61.285336
687.844611528822,60.0,20.0,Ag/MOF,61.28873
688.4711779448621,60.0,20.0,Ag/MOF,61.292118
689.0977443609022,60.0,20.0,Ag/MOF,61.295513
689.7243107769424,60.0,20.0,Ag/MOF,61.299725
690.3508771929825,60.0,20.0,Ag/MOF,61.30511
690.9774436090225,60.0,20.0,Ag/MOF,61.310497
691.6040100250626,60.0,20.0,Ag/MOF,61.315887
692.2305764411028,60.0,20.0,Ag/MOF,61.32127
692.8571428571429,60.0,20.0,Ag/MOF,61.326653
693.483709273183,60.0,20.0,Ag/MOF,61.332043
694.110275689223,60.0,20.0,Ag/MOF,61.337425
694.7368421052631,60.0,20.0,Ag/MOF,61.34281
695.3634085213032,60.0,20.0,Ag/MOF,61.348194
695.9899749373434,60.0,20.0,Ag/MOF,61.35359
696.6165413533835,60.0,20.0,Ag/MOF,61.358974
697.2431077694235,60.0,20.0,Ag/MOF,61.364353
697.8696741854636,60.0,20.0,Ag/MOF,61.36974
698.4962406015038,60.0,20.0,Ag/MOF,61.375126
699.1228070175439,60.0,20.0,Ag/MOF,61.380512
699.749373433584,60.0,20.0,Ag/MOF,61.3859
700.375939849624,60.0,20.0,Ag/MOF,61.391285
701.0025062656641,60.0,20.0,Ag/MOF,61.39667
701.6290726817042,60.0,20.0,Ag/MOF,61.402058
702.2556390977444,60.0,20.0,Ag/MOF,61.407444
702.8822055137845,60.0,20.0,Ag/MOF,61.412834
703.5087719298245,60.0,20.0,Ag/MOF,61.41822
704.1353383458646,60.0,20.0,Ag/MOF,61.423615
704.7619047619048,60.0,20.0,Ag/MOF,61.428986
705.3884711779449,60.0,20.0,Ag/MOF,61.434376
706.015037593985,60.0,20.0,Ag/MOF,61.439766
706.641604010025,60.0,20.0,Ag/MOF,61.445145
707.2681704260651,60.0,20.0,Ag/MOF,61.450527
707.8947368421052,60.0,20.0,Ag/MOF,61.455917
708.5213032581454,60.0,20.0,Ag/MOF,61.461304
709.1478696741855,60.0,20.0,Ag/MOF,61.466694
709.7744360902255,60.0,20.0,Ag/MOF,61.47208
710.4010025062656,60.0,20.0,Ag/MOF,61.477467
711.0275689223058,60.0,20.0,Ag/MOF,61.482853
711.6541353383459,60.0,20.0,Ag/MOF,61.48823
712.280701754386,60.0,20.0,Ag/MOF,61.495113
712.907268170426,60.0,20.0,Ag/MOF,61.502407
713.5338345864661,60.0,20.0,Ag/MOF,61.509697
714.1604010025062,60.0,20.0,Ag/MOF,61.516983
714.7869674185464,60.0,20.0,Ag/MOF,61.524284
715.4135338345865,60.0,20.0,Ag/MOF,61.53157
716.0401002506266,60.0,20.0,Ag/MOF,61.538864
716.6666666666666,60.0,20.0,Ag/MOF,61.546146
717.2932330827068,60.0,20.0,Ag/MOF,61.553448
717.9197994987469,60.0,20.0,Ag/MOF,61.56074
718.546365914787,60.0,20.0,Ag/MOF,61.568035
719.172932330827,60.0,20.0,Ag/MOF,61.57532
719.7994987468671,60.0,20.0,Ag/MOF,61.582615
720.4260651629072,60.0,20.0,Ag/MOF,61.589905
721.0526315789474,60.0,20.0,Ag/MOF,61.597202
721.6791979949875,60.0,20.0,Ag/MOF,61.60449
722.3057644110276,60.0,20.0,Ag/MOF,61.611782
722.9323308270676,60.0,20.0,Ag/MOF,61.619072
723.5588972431078,60.0,20.0,Ag/MOF,61.62636
724.1854636591479,60.0,20.0,Ag/MOF,61.633656
724.812030075188,60.0,20.0,Ag/MOF,61.640945
725.438596491228,60.0,20.0,Ag/MOF,61.64825
726.0651629072681,60.0,20.0,Ag/MOF,61.655533
726.6917293233082,60.0,20.0,Ag/MOF,61.66283
727.3182957393484,60.0,20.0,Ag/MOF,61.67011
727.9448621553885,60.0,20.0,Ag/MOF,61.677402
728.5714285714286,60.0,20.0,Ag/MOF,61.6847
729.1979949874686,60.0,20.0,Ag/MOF,61.69199
729.8245614035088,60.0,20.0,Ag/MOF,61.699284
730.4511278195489,60.0,20.0,Ag/MOF,61.706573
731.077694235589,60.0,20.0,Ag/MOF,61.71387
731.704260651629,60.0,20.0,Ag/MOF,61.721157
732.3308270676691,60.0,20.0,Ag/MOF,61.72845
732.9573934837092,60.0,20.0,Ag/MOF,61.735744
733.5839598997494,60.0,20.0,Ag/MOF,61.74303
734.2105263157895,60.0,20.0,Ag/MOF,61.750324
734.8370927318296,60.0,20.0,Ag/MOF,61.757618
735.4636591478696,60.0,20.0,Ag/MOF,61.76491
736.0902255639098,60.0,20.0,Ag/MOF,61.7722
736.7167919799499,60.0,20.0,Ag/MOF,61.77949
737.34335839599,60.0,20.0,Ag/MOF,61.786785
737.9699248120301,60.0,20.0,Ag/MOF,61.79407
738.5964912280701,60.0,20.0,Ag/MOF,61.801266
739.2230576441102,60.0,20.0,Ag/MOF,61.808456
739.8496240601504,60.0,20.0,Ag/MOF,61.815666
740.4761904761905,60.0,20.0,Ag/MOF,61.82294
741.1027568922306,60.0,20.0,Ag/MOF,61.829975
741.7293233082706,60.0,20.0,Ag/MOF,61.83563
742.3558897243108,60.0,20.0,Ag/MOF,61.841278
742.9824561403509,60.0,20.0,Ag/MOF,61.84692
743.609022556391,60.0,20.0,Ag/MOF,61.852573
744.2355889724311,60.0,20.0,Ag/MOF,61.858215
744.8621553884711,60.0,20.0,Ag/MOF,61.86388
745.4887218045112,60.0,20.0,Ag/MOF,61.869526
746.1152882205514,60.0,20.0,Ag/MOF,61.875168
746.7418546365915,60.0,20.0,Ag/MOF,61.880825
747.3684210526316,60.0,20.0,Ag/MOF,61.88648
747.9949874686716,60.0,20.0,Ag/MOF,61.892128
748.6215538847118,60.0,20.0,Ag/MOF,61.897774
749.2481203007519,60.0,20.0,Ag/MOF,61.903423
749.874686716792,60.0,20.0,Ag/MOF,61.909073
750.5012531328321,60.0,20.0,Ag/MOF,61.91473
751.1278195488721,60.0,20.0,Ag/MOF,61.920372
751.7543859649122,60.0,20.0,Ag/MOF,61.926025
752.3809523809524,60.0,20.0,Ag/MOF,61.931675
753.0075187969925,60.0,20.0,Ag/MOF,61.937325
753.6340852130326,60.0,20.0,Ag/MOF,61.942974
754.2606516290726,60.0,20.0,Ag/MOF,61.94862
754.8872180451128,60.0,20.0,Ag/MOF,61.95427
755.5137844611529,60.0,20.0,Ag/MOF,61.959927
756.140350877193,60.0,20.0,Ag/MOF,61.965572
756.7669172932331,60.0,20.0,Ag/MOF,61.971222
757.3934837092731,60.0,20.0,Ag/MOF,61.976868
758.0200501253132,60.0,20.0,Ag/MOF,61.982525
758.6466165413534,60.0,20.0,Ag/MOF,61.988167
759.2731829573935,60.0,20.0,Ag/MOF,61.993828
759.8997493734336,60.0,20.0,Ag/MOF,61.99947
760.5263157894736,60.0,20.0,Ag/MOF,62.005123
761.1528822055138,60.0,20.0,Ag/MOF,62.010773
761.7794486215539,60.0,20.0,Ag/MOF,62.016422
762.406015037594,60.0,20.0,Ag/MOF,62.022068
763.0325814536341,60.0,20.0,Ag/MOF,62.02772
763.6591478696741,60.0,20.0,Ag/MOF,62.03337
764.2857142857142,60.0,20.0,Ag/MOF,62.03902
764.9122807017544,60.0,20.0,Ag/MOF,62.044666
765.5388471177945,60.0,20.0,Ag/MOF,62.05032
766.1654135338346,60.0,20.0,Ag/MOF,62.055965
766.7919799498746,60.0,20.0,Ag/MOF,62.061626
767.4185463659148,60.0,20.0,Ag/MOF,62.06727
768.0451127819549,60.0,20.0,Ag/MOF,62.072914
768.671679197995,60.0,20.0,Ag/MOF,62.07857
769.2982456140351,60.0,20.0,Ag/MOF,62.084225
769.9248120300751,60.0,20.0,Ag/MOF,62.08987
770.5513784461152,60.0,20.0,Ag/MOF,62.09552
771.1779448621554,60.0,20.0,Ag/MOF,62.101162
771.8045112781955,60.0,20.0,Ag/MOF,62.106823
772.4310776942356,60.0,20.0,Ag/MOF,62.11247
773.0576441102756,60.0,20.0,Ag/MOF,62.11812
773.6842105263158,60.0,20.0,Ag/MOF,62.12376
774.3107769423559,60.0,20.0,Ag/MOF,62.129414
774.937343358396,60.0,20.0,Ag/MOF,62.135063
775.5639097744361,60.0,20.0,Ag/MOF,62.140713
776.1904761904761,60.0,20.0,Ag/MOF,62.14637
776.8170426065162,60.0,20.0,Ag/MOF,62.15201
777.4436090225564,60.0,20.0,Ag/MOF,62.15767
778.0701754385965,60.0,20.0,Ag/MOF,62.16332
778.6967418546366,60.0,20.0,Ag/MOF,62.168964
779.3233082706766,60.0,20.0,Ag/MOF,62.17461
779.9498746867168,60.0,20.0,Ag/MOF,62.180267
780.5764411027569,60.0,20.0,Ag/MOF,62.18591
781.203007518797,60.0,20.0,Ag/MOF,62.191563
781.8295739348371,60.0,20.0,Ag/MOF,62.19721
782.4561403508771,60.0,20.0,Ag/MOF,62.20286
783.0827067669172,60.0,20.0,Ag/MOF,62.208515
783.7092731829574,60.0,20.0,Ag/MOF,62.21417
784.3358395989975,60.0,20.0,Ag/MOF,62.219814
784.9624060150376,60.0,20.0,Ag/MOF,62.225456
785.5889724310777,60.0,20.0,Ag/MOF,62.23111
786.2155388471178,60.0,20.0,Ag/MOF,62.236763
786.8421052631579,60.0,20.0,Ag/MOF,62.242405
787.468671679198,60.0,20.0,Ag/MOF,62.24806
788.0952380952381,60.0,20.0,Ag/MOF,62.25371
788.7218045112782,60.0,20.0,Ag/MOF,62.25936
789.3483709273182,60.0,20.0,Ag/MOF,62.26501
789.9749373433584,60.0,20.0,Ag/MOF,62.270657
790.6015037593985,60.0,20.0,Ag/MOF,62.27631
791.2280701754386,60.0,20.0,Ag/MOF,62.28196
791.8546365914787,60.0,20.0,Ag/MOF,62.286373
792.4812030075188,60.0,20.0,Ag/MOF,62.289783
793.1077694235589,60.0,20.0,Ag/MOF,62.2932
793.734335839599,60.0,20.0,Ag/MOF,62.29661
794.3609022556391,60.0,20.0,Ag/MOF,62.30001
794.9874686716792,60.0,20.0,Ag/MOF,62.303425
795.6140350877192,60.0,20.0,Ag/MOF,62.306835
796.2406015037594,60.0,20.0,Ag/MOF,62.31023
796.8671679197995,60.0,20.0,Ag/MOF,62.31364
797.4937343358396,60.0,20.0,Ag/MOF,62.317043
798.1203007518797,60.0,20.0,Ag/MOF,62.32046
798.7468671679198,60.0,20.0,Ag/MOF,62.323864
799.3734335839599,60.0,20.0,Ag/MOF,62.32727
800.0,60.0,20.0,Ag/MOF,62.330673
550.0,80.0,20.0,Ag/MOF,59.071987
550.6265664160401,80.0,20.0,Ag/MOF,59.065327
551.2531328320802,80.0,20.0,Ag/MOF,59.058678
551.8796992481203,80.0,20.0,Ag/MOF,59.052006
552.5062656641604,80.0,20.0,Ag/MOF,59.045345
553.1328320802005,80.0,20.0,Ag/MOF,59.03868
553.7593984962406,80.0,20.0,Ag/MOF,59.032017
554.3859649122807,80.0,20.0,Ag/MOF,59.025364
555.0125313283208,80.0,20.0,Ag/MOF,59.018696
555.6390977443609,80.0,20.0,Ag/MOF,59.01203
556.265664160401,80.0,20.0,Ag/MOF,59.005367
556.8922305764411,80.0,20.0,Ag/MOF,58.998707
557.5187969924812,80.0,20.0,Ag/MOF,58.99204
558.1453634085213,80.0,20.0,Ag/MOF,58.98538
558.7719298245614,80.0,20.0,Ag/MOF,58.978718
559.3984962406015,80.0,20.0,Ag/MOF,58.972054
560.0250626566416,80.0,20.0,Ag/MOF,58.965393
560.6516290726817,80.0,20.0,Ag/MOF,58.95873
561.2781954887218,80.0,20.0,Ag/MOF,58.952065
561.9047619047619,80.0,20.0,Ag/MOF,58.945396
562.531328320802,80.0,20.0,Ag/MOF,58.938744
563.1578947368421,80.0,20.0,Ag/MOF,58.93208
563.7844611528822,80.0,20.0,Ag/MOF,58.925415
564.4110275689223,80.0,20.0,Ag/MOF,58.91876
565.0375939849624,80.0,20.0,Ag/MOF,58.91209
565.6641604010025,80.0,20.0,Ag/MOF,58.905422
566.2907268170426,80.0,20.0,Ag/MOF,58.89876
566.9172932330827,80.0,20.0,Ag/MOF,58.8921
567.5438596491229,80.0,20.0,Ag/MOF,58.885437
568.1704260651629,80.0,20.0,Ag/MOF,58.878773
568.796992481203,80.0,20.0,Ag/MOF,58.87211
569.4235588972431,80.0,20.0,Ag/MOF,58.865448
570.0501253132832,80.0,20.0,Ag/MOF,58.85879
570.6766917293234,80.0,20.0,Ag/MOF,58.852123
571.3032581453634,80.0,20.0,Ag/MOF,58.845463
571.9298245614035,80.0,20.0,Ag/MOF,58.8388
572.5563909774436,80.0,20.0,Ag/MOF,58.832134
573.1829573934837,80.0,20.0,Ag/MOF,58.825474
573.8095238095239,80.0,20.0,Ag/MOF,58.818813
574.4360902255639,80.0,20.0,Ag/MOF,58.81306
575.062656641604,80.0,20.0,Ag/MOF,58.807934
575.6892230576441,80.0,20.0,Ag/MOF,58.802795
576.3157894736842,80.0,20.0,Ag/MOF,58.797653
576.9423558897244,80.0,20.0,Ag/MOF,58.792522
577.5689223057644,80.0,20.0,Ag/MOF,58.78738
578.1954887218045,80.0,20.0,Ag/MOF,58.78225
578.8220551378446,80.0,20.0,Ag/MOF,58.77711
579.4486215538847,80.0,20.0,Ag/MOF,58.771976
580.0751879699249,80.0,20.0,Ag/MOF,58.76684
580.7017543859649,80.0,20.0,Ag/MOF,58.7617
581.328320802005,80.0,20.0,Ag/MOF,58.75657
581.9548872180451,80.0,20.0,Ag/MOF,58.75143
582.5814536340852,80.0,20.0,Ag/MOF,58.746296
583.2080200501254,80.0,20.0,Ag/MOF,58.741158
583.8345864661654,80.0,20.0,Ag/MOF,58.73602
584.4611528822055,80.0,20.0,Ag/MOF,58.73089
585.0877192982456,80.0,20.0,Ag/MOF,58.72575
585.7142857142857,80.0,20.0,Ag/MOF,58.720615
586.3408521303259,80.0,20.0,Ag/MOF,58.716866
586.9674185463659,80.0,20.0,Ag/MOF,58.713726
587.593984962406,80.0,20.0,Ag/MOF,58.710583
588.2205513784461,80.0,20.0,Ag/MOF,58.70744
588.8471177944862,80.0,20.0,Ag/MOF,58.704296
589.4736842105264,80.0,20.0,Ag/MOF,58.701157
590.1002506265664,80.0,20.0,Ag/MOF,58.69801
590.7268170426065,80.0,20.0,Ag/MOF,58.69486
591.3533834586466,80.0,20.0,Ag/MOF,58.691723
591.9799498746867,80.0,20.0,Ag/MOF,58.688576
592.6065162907269,80.0,20.0,Ag/MOF,58.685436
593.2330827067669,80.0,20.0,Ag/MOF,58.68229
593.859649122807,80.0,20.0,Ag/MOF,58.67915
594.4862155388471,80.0,20.0,Ag/MOF,58.676003
595.1127819548872,80.0,20.0,Ag/MOF,58.672863
595.7393483709274,80.0,20.0,Ag/MOF,58.669716
596.3659147869674,80.0,20.0,Ag/MOF,58.666576
596.9924812030075,80.0,20.0,Ag/MOF,58.66343
597.6190476190476,80.0,20.0,Ag/MOF,58.660282
598.2456140350877,80.0,20.0,Ag/MOF,58.657135
598.8721804511279,80.0,20.0,Ag/MOF,58.654003
599.4987468671679,80.0,20.0,Ag/MOF,58.650852
600.125313283208,80.0,20.0,Ag/MOF,58.647705
600.7518796992481,80.0,20.0,Ag/MOF,58.644566
601.3784461152882,80.0,20.0,Ag/MOF,58.641415
602.0050125313284,80.0,20.0,Ag/MOF,58.63827
602.6315789473684,80.0,20.0,Ag/MOF,58.635136
603.2581453634085,80.0,20.0,Ag/MOF,58.63199
603.8847117794486,80.0,20.0,Ag/MOF,58.628845
604.5112781954887,80.0,20.0,Ag/MOF,58.62573
605.1378446115289,80.0,20.0,Ag/MOF,58.62449
605.7644110275689,80.0,20.0,Ag/MOF,58.623257
606.390977443609,80.0,20.0,Ag/MOF,58.622017
607.0175438596491,80.0,20.0,Ag/MOF,58.620777
607.6441102756892,80.0,20.0,Ag/MOF,58.619537
608.2706766917294,80.0,20.0,Ag/MOF,58.618298
608.8972431077694,80.0,20.0,Ag/MOF,58.617065
609.5238095238095,80.0,20.0,Ag/MOF,58.615818
610.1503759398496,80.0,20.0,Ag/MOF,58.61459
610.7769423558897,80.0,20.0,Ag/MOF,58.613346
611.4035087719299,80.0,20.0,Ag/MOF,58.612106
612.0300751879699,80.0,20.0,Ag/MOF,58.610867
612.65664160401,80.0,20.0,Ag/MOF,58.610798
613.2832080200501,80.0,20.0,Ag/MOF,58.612713
613.9097744360902,80.0,20.0,Ag/MOF,58.614624
614.5363408521304,80.0,20.0,Ag/MOF,58.616535
615.1629072681704,80.0,20.0,Ag/MOF,58.61845
615.7894736842105,80.0,20.0,Ag/MOF,58.620365
616.4160401002506,80.0,20.0,Ag/MOF,58.622265
617.0426065162907,80.0,20.0,Ag/MOF,58.624184
617.6691729323309,80.0,20.0,Ag/MOF,58.62609
618.295739348371,80.0,20.0,Ag/MOF,58.627995
618.922305764411,80.0,20.0,Ag/MOF,58.62991
619.5488721804511,80.0,20.0,Ag/MOF,58.631817
620.1754385964912,80.0,20.0,Ag/MOF,58.633728
620.8020050125314,80.0,20.0,Ag/MOF,58.635635
621.4285714285714,80.0,20.0,Ag/MOF,58.637547
622.0551378446115,80.0,20.0,Ag/MOF,58.639454
622.6817042606516,80.0,20.0,Ag/MOF,58.64137
623.3082706766917,80.0,20.0,Ag/MOF,58.64328
623.9348370927319,80.0,20.0,Ag/MOF,58.64519
624.561403508772,80.0,20.0,Ag/MOF,58.6471
625.187969924812,80.0,20.0,Ag/MOF,58.649014
625.8145363408521,80.0,20.0,Ag/MOF,58.650913
626.4411027568922,80.0,20.0,Ag/MOF,58.652832
627.0676691729324,80.0,20.0,Ag/MOF,58.65474
627.6942355889724,80.0,20.0,Ag/MOF,58.65666
628.3208020050125,80.0,20.0,Ag/MOF,58.65857
628.9473684210526,80.0,20.0,Ag/MOF,58.660477
629.5739348370927,80.0,20.0,Ag/MOF,58.66238
630.2005012531329,80.0,20.0,Ag/MOF,58.66429
630.827067669173,80.0,20.0,Ag/MOF,58.667072
631.453634085213,80.0,20.0,Ag/MOF,58.67043
632.0802005012531,80.0,20.0,Ag/MOF,58.67378
632.7067669172932,80.0,20.0,Ag/MOF,58.677135
633.3333333333334,80.0,20.0,Ag/MOF,58.682205
633.9598997493734,80.0,20.0,Ag/MOF,58.687447
634.5864661654135,80.0,20.0,Ag/MOF,58.692707
635.2130325814536,80.0,20.0,Ag/MOF,58.69795
635.8395989974937,80.0,20.0,Ag/MOF,58.703194
636.4661654135339,80.0,20.0,Ag/MOF,58.708454
637.092731829574,80.0,20.0,Ag/MOF,58.713703
637.719298245614,80.0,20.0,Ag/MOF,58.71896
638.3458646616541,80.0,20.0,Ag/MOF,58.724213
638.9724310776942,80.0,20.0,Ag/MOF,58.729713
639.5989974937344,80.0,20.0,Ag/MOF,58.73615
640.2255639097745,80.0,20.0,Ag/MOF,58.742588
640.8521303258145,80.0,20.0,Ag/MOF,58.749027
641.4786967418546,80.0,20.0,Ag/MOF,58.755463
642.1052631578947,80.0,20.0,Ag/MOF,58.761898
642.7318295739349,80.0,20.0,Ag/MOF,58.76833
643.358395989975,80.0,20.0,Ag/MOF,58.774776
643.984962406015,80.0,20.0,Ag/MOF,58.78121
644.6115288220551,80.0,20.0,Ag/MOF,58.78764
645.2380952380952,80.0,20.0,Ag/MOF,58.794083
645.8646616541354,80.0,20.0,Ag/MOF,58.80052
646.4912280701755,80.0,20.0,Ag/MOF,58.806953
647.1177944862155,80.0,20.0,Ag/MOF,58.81339
647.7443609022556,80.0,20.0,Ag/MOF,58.819828
648.3709273182957,80.0,20.0,Ag/MOF,58.826263
648.9974937343359,80.0,20.0,Ag/MOF,58.8327
649.624060150376,80.0,20.0,Ag/MOF,58.839138
650.250626566416,80.0,20.0,Ag/MOF,58.845577
650.8771929824561,80.0,20.0,Ag/MOF,58.852024
651.5037593984962,80.0,20.0,Ag/MOF,58.861084
652.1303258145364,80.0,20.0,Ag/MOF,58.870144
652.7568922305765,80.0,20.0,Ag/MOF,58.879208
653.3834586466165,80.0,20.0,Ag/MOF,58.88827
654.0100250626566,80.0,20.0,Ag/MOF,58.897324
654.6365914786967,80.0,20.0,Ag/MOF,58.90639
655.2631578947369,80.0,20.0,Ag/MOF,58.915455
655.889724310777,80.0,20.0,Ag/MOF,58.924515
656.516290726817,80.0,20.0,Ag/MOF,58.93358
657.1428571428571,80.0,20.0,Ag/MOF,58.94264
657.7694235588972,80.0,20.0,Ag/MOF,58.951702
658.3959899749374,80.0,20.0,Ag/MOF,58.960766
659.0225563909775,80.0,20.0,Ag/MOF,58.969822
659.6491228070175,80.0,20.0,Ag/MOF,58.978886
660.2756892230576,80.0,20.0,Ag/MOF,58.98794
660.9022556390977,80.0,20.0,Ag/MOF,58.997005
661.5288220551379,80.0,20.0,Ag/MOF,59.006065
662.155388471178,80.0,20.0,Ag/MOF,59.01513
662.781954887218,80.0,20.0,Ag/MOF,59.02419
663.4085213032581,80.0,20.0,Ag/MOF,59.033253
664.0350877192982,80.0,20.0,Ag/MOF,59.042316
664.6616541353384,80.0,20.0,Ag/MOF,59.05137
665.2882205513785,80.0,20.0,Ag/MOF,59.060436
665.9147869674185,80.0,20.0,Ag/MOF,59.069492
666.5413533834586,80.0,20.0,Ag/MOF,59.078552
667.1679197994987,80.0,20.0,Ag/MOF,59.087612
667.7944862155389,80.0,20.0,Ag/MOF,59.096676
668.421052631579,80.0,20.0,Ag/MOF,59.105736
669.047619047619,80.0,20.0,Ag/MOF,59.114796
669.6741854636591,80.0,20.0,Ag/MOF,59.123863
670.3007518796992,80.0,20.0,Ag/MOF,59.13292
670.9273182957394,80.0,20.0,Ag/MOF,59.141983
671.5538847117795,80.0,20.0,Ag/MOF,59.151043
672.1804511278195,80.0,20.0,Ag/MOF,59.16011
672.8070175438596,80.0,20.0,Ag/MOF,59.169537
673.4335839598998,80.0,20.0,Ag/MOF,59.179684
674.0601503759399,80.0,20.0,Ag/MOF,59.189827
674.68671679198,80.0,20.0,Ag/MOF,59.19997
675.31328320802,80.0,20.0,Ag/MOF,59.210114
675.9398496240601,80.0,20.0,Ag/MOF,59.22026
676.5664160401002,80.0,20.0,Ag/MOF,59.230408
677.1929824561404,80.0,20.0,Ag/MOF,59.240555
677.8195488721805,80.0,20.0,Ag/MOF,59.250698
678.4461152882205,80.0,20.0,Ag/MOF,59.26084
679.0726817042606,80.0,20.0,Ag/MOF,59.27099
679.6992481203008,80.0,20.0,Ag/MOF,59.28113
680.3258145363409,80.0,20.0,Ag/MOF,59.29127
680.952380952381,80.0,20.0,Ag/MOF,59.301426
681.578947368421,80.0,20.0,Ag/MOF,59.311565
682.2055137844611,80.0,20.0,Ag/MOF,59.32172
682.8320802005012,80.0,20.0,Ag/MOF,59.33187
683.4586466165414,80.0,20.0,Ag/MOF,59.342003
684.0852130325815,80.0,20.0,Ag/MOF,59.35215
684.7117794486215,80.0,20.0,Ag/MOF,59.3623
685.3383458646616,80.0,20.0,Ag/MOF,59.37244
685.9649122807018,80.0,20.0,Ag/MOF,59.382587
686.5914786967419,80.0,20.0,Ag/MOF,59.392735
687.218045112782,80.0,20.0,Ag/MOF,59.402878
687.844611528822,80.0,20.0,Ag/MOF,59.413017
688.4711779448621,80.0,20.0,Ag/MOF,59.42317
689.0977443609022,80.0,20.0,Ag/MOF,59.433315
689.7243107769424,80.0,20.0,Ag/MOF,59.443462
690.3508771929825,80.0,20.0,Ag/MOF,59.4536
690.9774436090225,80.0,20.0,Ag/MOF,59.463745
691.6040100250626,80.0,20.0,Ag/MOF,59.4739
692.2305764411028,80.0,20.0,Ag/MOF,59.484035
692.8571428571429,80.0,20.0,Ag/MOF,59.494186
693.483709273183,80.0,20.0,Ag/MOF,59.50433
694.110275689223,80.0,20.0,Ag/MOF,59.514477
694.7368421052631,80.0,20.0,Ag/MOF,59.524624
695.3634085213032,80.0,20.0,Ag/MOF,59.534763
695.9899749373434,80.0,20.0,Ag/MOF,59.54491
696.6165413533835,80.0,20.0,Ag/MOF,59.55506
697.2431077694235,80.0,20.0,Ag/MOF,59.565205
697.8696741854636,80.0,20.0,Ag/MOF,59.57535
698.4962406015038,80.0,20.0,Ag/MOF,59.58549
699.1228070175439,80.0,20.0,Ag/MOF,59.59564
699.749373433584,80.0,20.0,Ag/MOF,59.60578
700.375939849624,80.0,20.0,Ag/MOF,59.61593
701.0025062656641,80.0,20.0,Ag/MOF,59.626072
701.6290726817042,80.0,20.0,Ag/MOF,59.636227
702.2556390977444,80.0,20.0,Ag/MOF,59.64636
702.8822055137845,80.0,20.0,Ag/MOF,59.65651
703.5087719298245,80.0,20.0,Ag/MOF,59.666653
704.1353383458646,80.0,20.0,Ag/MOF,59.6768
704.7619047619048,80.0,20.0,Ag/MOF,59.686947
705.3884711779449,80.0,20.0,Ag/MOF,59.697094
706.015037593985,80.0,20.0,Ag/MOF,59.70723
706.641604010025,80.0,20.0,Ag/MOF,59.71738
707.2681704260651,80.0,20.0,Ag/MOF,59.727528
707.8947368421052,80.0,20.0,Ag/MOF,59.737675
708.5213032581454,80.0,20.0,Ag/MOF,59.74782
709.1478696741855,80.0,20.0,Ag/MOF,59.757965
709.7744360902255,80.0,20.0,Ag/MOF,59.76795
710.4010025062656,80.0,20.0,Ag/MOF,59.77788
711.0275689223058,80.0,20.0,Ag/MOF,59.78781
711.6541353383459,80.0,20.0,Ag/MOF,59.797726
712.280701754386,80.0,20.0,Ag/MOF,59.807667
712.907268170426,80.0,20.0,Ag/MOF,59.8176
713.5338345864661,80.0,20.0,Ag/MOF,59.827526
714.1604010025062,80.0,20.0,Ag/MOF,59.837456
714.7869674185464,80.0,20.0,Ag/MOF,59.84738
715.4135338345865,80.0,20.0,Ag/MOF,59.85731
716.0401002506266,80.0,20.0,Ag/MOF,59.867237
716.6666666666666,80.0,20.0,Ag/MOF,59.87717
717.2932330827068,80.0,20.0,Ag/MOF,59.887104
717.9197994987469,80.0,20.0,Ag/MOF,59.897026
718.546365914787,80.0,20.0,Ag/MOF,59.90696
719.172932330827,80.0,20.0,Ag/MOF,59.91689
719.7994987468671,80.0,20.0,Ag/MOF,59.926815
720.4260651629072,80.0,20.0,Ag/MOF,59.93674
721.0526315789474,80.0,20.0,Ag/MOF,59.946674
721.6791979949875,80.0,20.0,Ag/MOF,59.9566
722.3057644110276,80.0,20.0,Ag/MOF,59.96654
722.9323308270676,80.0,20.0,Ag/MOF,59.976463
723.5588972431078,80.0,20.0,Ag/MOF,59.98639
724.1854636591479,80.0,20.0,Ag/MOF,59.99632
724.812030075188,80.0,20.0,Ag/MOF,60.006245
725.438596491228,80.0,20.0,Ag/MOF,60.01618
726.0651629072681,80.0,20.0,Ag/MOF,60.026108
726.6917293233082,80.0,20.0,Ag/MOF,60.037098
727.3182957393484,80.0,20.0,Ag/MOF,60.048107
727.9448621553885,80.0,20.0,Ag/MOF,60.05911
728.5714285714286,80.0,20.0,Ag/MOF,60.070118
729.1979949874686,80.0,20.0,Ag/MOF,60.081112
729.8245614035088,80.0,20.0,Ag/MOF,60.09212
730.4511278195489,80.0,20.0,Ag/MOF,60.103127
731.077694235589,80.0,20.0,Ag/MOF,60.11413
731.704260651629,80.0,20.0,Ag/MOF,60.12513
732.3308270676691,80.0,20.0,Ag/MOF,60.136143
732.9573934837092,80.0,20.0,Ag/MOF,60.147137
733.5839598997494,80.0,20.0,Ag/MOF,60.158146
734.2105263157895,80.0,20.0,Ag/MOF,60.169144
734.8370927318296,80.0,20.0,Ag/MOF,60.180157
735.4636591478696,80.0,20.0,Ag/MOF,60.19047
736.0902255639098,80.0,20.0,Ag/MOF,60.197643
736.7167919799499,80.0,20.0,Ag/MOF,60.204815
737.34335839599,80.0,20.0,Ag/MOF,60.21199
737.9699248120301,80.0,20.0,Ag/MOF,60.219154
738.5964912280701,80.0,20.0,Ag/MOF,60.226322
739.2230576441102,80.0,20.0,Ag/MOF,60.233494
739.8496240601504,80.0,20.0,Ag/MOF,60.24067
740.4761904761905,80.0,20.0,Ag/MOF,60.24784
741.1027568922306,80.0,20.0,Ag/MOF,60.25501
741.7293233082706,80.0,20.0,Ag/MOF,60.26218
742.3558897243108,80.0,20.0,Ag/MOF,60.269352
742.9824561403509,80.0,20.0,Ag/MOF,60.276527
743.609022556391,80.0,20.0,Ag/MOF,60.283695
744.2355889724311,80.0,20.0,Ag/MOF,60.290867
744.8621553884711,80.0,20.0,Ag/MOF,60.298035
745.4887218045112,80.0,20.0,Ag/MOF,60.305206
746.1152882205514,80.0,20.0,Ag/MOF,60.312374
746.7418546365915,80.0,20.0,Ag/MOF,60.319553
747.3684210526316,80.0,20.0,Ag/MOF,60.326725
747.9949874686716,80.0,20.0,Ag/MOF,60.333893
748.6215538847118,80.0,20.0,Ag/MOF,60.341064
749.2481203007519,80.0,20.0,Ag/MOF,60.348244
749.874686716792,80.0,20.0,Ag/MOF,60.355404
750.5012531328321,80.0,20.0,Ag/MOF,60.362583
751.1278195488721,80.0,20.0,Ag/MOF,60.369747
751.7543859649122,80.0,20.0,Ag/MOF,60.376926
752.3809523809524,80.0,20.0,Ag/MOF,60.38409
753.0075187969925,80.0,20.0,Ag/MOF,60.391266
753.6340852130326,80.0,20.0,Ag/MOF,60.39909
754.2606516290726,80.0,20.0,Ag/MOF,60.407284
754.8872180451128,80.0,20.0,Ag/MOF,60.415493
755.5137844611529,80.0,20.0,Ag/MOF,60.4237
756.140350877193,80.0,20.0,Ag/MOF,60.431908
756.7669172932331,80.0,20.0,Ag/MOF,60.440105
757.3934837092731,80.0,20.0,Ag/MOF,60.448315
758.0200501253132,80.0,20.0,Ag/MOF,60.456516
758.6466165413534,80.0,20.0,Ag/MOF,60.46472
759.2731829573935,80.0,20.0,Ag/MOF,60.472927
759.8997493734336,80.0,20.0,Ag/MOF,60.481133
760.5263157894736,80.0,20.0,Ag/MOF,60.489338
761.1528822055138,80.0,20.0,Ag/MOF,60.497547
761.7794486215539,80.0,20.0,Ag/MOF,60.50575
762.406015037594,80.0,20.0,Ag/MOF,60.513954
763.0325814536341,80.0,20.0,Ag/MOF,60.522167
763.6591478696741,80.0,20.0,Ag/MOF,60.53037
764.2857142857142,80.0,20.0,Ag/MOF,60.538567
764.9122807017544,80.0,20.0,Ag/MOF,60.54678
765.5388471177945,80.0,20.0,Ag/MOF,60.55498
766.1654135338346,80.0,20.0,Ag/MOF,60.563187
766.7919799498746,80.0,20.0,Ag/MOF,60.571396
767.4185463659148,80.0,20.0,Ag/MOF,60.5796
768.0451127819549,80.0,20.0,Ag/MOF,60.587803
768.671679197995,80.0,20.0,Ag/MOF,60.59601
769.2982456140351,80.0,20.0,Ag/MOF,60.60422
769.9248120300751,80.0,20.0,Ag/MOF,60.612423
770.5513784461152,80.0,20.0,Ag/MOF,60.62063
771.1779448621554,80.0,20.0,Ag/MOF,60.62883
771.8045112781955,80.0,20.0,Ag/MOF,60.637043
772.4310776942356,80.0,20.0,Ag/MOF,60.645245
773.0576441102756,80.0,20.0,Ag/MOF,60.653446
773.6842105263158,80.0,20.0,Ag/MOF,60.661655
774.3107769423559,80.0,20.0,Ag/MOF,60.669857
774.937343358396,80.0,20.0,Ag/MOF,60.678066
775.5639097744361,80.0,20.0,Ag/MOF,60.686268
776.1904761904761,80.0,20.0,Ag/MOF,60.694477
776.8170426065162,80.0,20.0,Ag/MOF,60.702682
777.4436090225564,80.0,20.0,Ag/MOF,60.71089
778.0701754385965,80.0,20.0,Ag/MOF,60.71909
778.6967418546366,80.0,20.0,Ag/MOF,60.72729
779.3233082706766,80.0,20.0,Ag/MOF,60.735508
779.9498746867168,80.0,20.0,Ag/MOF,60.74371
780.5764411027569,80.0,20.0,Ag/MOF,60.75191
781.203007518797,80.0,20.0,Ag/MOF,60.76173
781.8295739348371,80.0,20.0,Ag/MOF,60.772415
782.4561403508771,80.0,20.0,Ag/MOF,60.783092
783.0827067669172,80.0,20.0,Ag/MOF,60.79377
783.7092731829574,80.0,20.0,Ag/MOF,60.80446
784.3358395989975,80.0,20.0,Ag/MOF,60.815144
784.9624060150376,80.0,20.0,Ag/MOF,60.82582
785.5889724310777,80.0,20.0,Ag/MOF,60.836502
786.2155388471178,80.0,20.0,Ag/MOF,60.847183
786.8421052631579,80.0,20.0,Ag/MOF,60.85786
787.468671679198,80.0,20.0,Ag/MOF,60.86855
788.0952380952381,80.0,20.0,Ag/MOF,60.879223
788.7218045112782,80.0,20.0,Ag/MOF,60.889904
789.3483709273182,80.0,20.0,Ag/MOF,60.900593
789.9749373433584,80.0,20.0,Ag/MOF,60.91127
790.6015037593985,80.0,20.0,Ag/MOF,60.921955
791.2280701754386,80.0,20.0,Ag/MOF,60.932636
791.8546365914787,80.0,20.0,Ag/MOF,60.943325
792.4812030075188,80.0,20.0,Ag/MOF,60.954002
793.1077694235589,80.0,20.0,Ag/MOF,60.96468
793.734335839599,80.0,20.0,Ag/MOF,60.975365
794.3609022556391,80.0,20.0,Ag/MOF,60.986042
794.9874686716792,80.0,20.0,Ag/MOF,60.996723
795.6140350877192,80.0,20.0,Ag/MOF,61.007404
796.2406015037594,80.0,20.0,Ag/MOF,61.018093
796.8671679197995,80.0,20.0,Ag/MOF,61.028774
797.4937343358396,80.0,20.0,Ag/MOF,61.039463
798.1203007518797,80.0,20.0,Ag/MOF,61.050137
798.7468671679198,80.0,20.0,Ag/MOF,61.060818
799.3734335839599,80.0,20.0,Ag/MOF,61.07149
800.0,80.0,20.0,Ag/MOF,61.08218
550.0,0.0,50.0,Ag/MOF,73.78499
550.6265664160401,0.0,50.0,Ag/MOF,73.79289
551.2531328320802,0.0,50.0,Ag/MOF,73.79966
551.8796992481203,0.0,50.0,Ag/MOF,73.80644
552.5062656641604,0.0,50.0,Ag/MOF,73.81321
553.1328320802005,0.0,50.0,Ag/MOF,73.81998
553.7593984962406,0.0,50.0,Ag/MOF,73.82675
554.3859649122807,0.0,50.0,Ag/MOF,73.83353
555.0125313283208,0.0,50.0,Ag/MOF,73.84032
555.6390977443609,0.0,50.0,Ag/MOF,73.84708
556.265664160401,0.0,50.0,Ag/MOF,73.85385
556.8922305764411,0.0,50.0,Ag/MOF,73.860634
557.5187969924812,0.0,50.0,Ag/MOF,73.86739
558.1453634085213,0.0,50.0,Ag/MOF,73.874176
558.7719298245614,0.0,50.0,Ag/MOF,73.88094
559.3984962406015,0.0,50.0,Ag/MOF,73.887726
560.0250626566416,0.0,50.0,Ag/MOF,73.8945
560.6516290726817,0.0,50.0,Ag/MOF,73.90126
561.2781954887218,0.0,50.0,Ag/MOF,73.90804
561.9047619047619,0.0,50.0,Ag/MOF,73.91482
562.531328320802,0.0,50.0,Ag/MOF,73.92159
563.1578947368421,0.0,50.0,Ag/MOF,73.92836
563.7844611528822,0.0,50.0,Ag/MOF,73.935135
564.4110275689223,0.0,50.0,Ag/MOF,73.9419
565.0375939849624,0.0,50.0,Ag/MOF,73.94869
565.6641604010025,0.0,50.0,Ag/MOF,73.95546
566.2907268170426,0.0,50.0,Ag/MOF,73.962234
566.9172932330827,0.0,50.0,Ag/MOF,73.96901
567.5438596491229,0.0,50.0,Ag/MOF,73.975784
568.1704260651629,0.0,50.0,Ag/MOF,73.98255
568.796992481203,0.0,50.0,Ag/MOF,73.98932
569.4235588972431,0.0,50.0,Ag/MOF,73.9961
570.0501253132832,0.0,50.0,Ag/MOF,74.00288
570.6766917293234,0.0,50.0,Ag/MOF,74.00966
571.3032581453634,0.0,50.0,Ag/MOF,74.01643
571.9298245614035,0.0,50.0,Ag/MOF,74.0232
572.5563909774436,0.0,50.0,Ag/MOF,74.02997
573.1829573934837,0.0,50.0,Ag/MOF,74.03674
573.8095238095239,0.0,50.0,Ag/MOF,74.04352
574.4360902255639,0.0,50.0,Ag/MOF,74.05029
575.062656641604,0.0,50.0,Ag/MOF,74.05707
575.6892230576441,0.0,50.0,Ag/MOF,74.063835
576.3157894736842,0.0,50.0,Ag/MOF,74.07062
576.9423558897244,0.0,50.0,Ag/MOF,74.07739
577.5689223057644,0.0,50.0,Ag/MOF,74.08417
578.1954887218045,0.0,50.0,Ag/MOF,74.09094
578.8220551378446,0.0,50.0,Ag/MOF,74.09771
579.4486215538847,0.0,50.0,Ag/MOF,74.10307
580.0751879699249,0.0,50.0,Ag/MOF,74.103165
580.7017543859649,0.0,50.0,Ag/MOF,74.10326
581.328320802005,0.0,50.0,Ag/MOF,74.10334
581.9548872180451,0.0,50.0,Ag/MOF,74.103424
582.5814536340852,0.0,50.0,Ag/MOF,74.10352
583.2080200501254,0.0,50.0,Ag/MOF,74.10361
583.8345864661654,0.0,50.0,Ag/MOF,74.10371
584.4611528822055,0.0,50.0,Ag/MOF,74.10379
585.0877192982456,0.0,50.0,Ag/MOF,74.10388
585.7142857142857,0.0,50.0,Ag/MOF,74.10397
586.3408521303259,0.0,50.0,Ag/MOF,74.104065
586.9674185463659,0.0,50.0,Ag/MOF,74.10415
587.593984962406,0.0,50.0,Ag/MOF,74.10424
588.2205513784461,0.0,50.0,Ag/MOF,74.10433
588.8471177944862,0.0,50.0,Ag/MOF,74.10443
589.4736842105264,0.0,50.0,Ag/MOF,74.104515
590.1002506265664,0.0,50.0,Ag/MOF,74.10461
590.7268170426065,0.0,50.0,Ag/MOF,74.104706
591.3533834586466,0.0,50.0,Ag/MOF,74.104515
591.9799498746867,0.0,50.0,Ag/MOF,74.10314
592.6065162907269,0.0,50.0,Ag/MOF,74.101776
593.2330827067669,0.0,50.0,Ag/MOF,74.1004
593.859649122807,0.0,50.0,Ag/MOF,74.09904
594.4862155388471,0.0,50.0,Ag/MOF,74.0943
595.1127819548872,0.0,50.0,Ag/MOF,74.084076
595.7393483709274,0.0,50.0,Ag/MOF,74.07385
596.3659147869674,0.0,50.0,Ag/MOF,74.063614
596.9924812030075,0.0,50.0,Ag/MOF,74.0534
597.6190476190476,0.0,50.0,Ag/MOF,74.042076
598.2456140350877,0.0,50.0,Ag/MOF,74.03023
598.8721804511279,0.0,50.0,Ag/MOF,74.018394
599.4987468671679,0.0,50.0,Ag/MOF,74.006546
600.125313283208,0.0,50.0,Ag/MOF,73.994705
600.7518796992481,0.0,50.0,Ag/MOF,73.982864
601.3784461152882,0.0,50.0,Ag/MOF,73.97102
602.0050125313284,0.0,50.0,Ag/MOF,73.95918
602.6315789473684,0.0,50.0,Ag/MOF,73.94734
603.2581453634085,0.0,50.0,Ag/MOF,73.9355
603.8847117794486,0.0,50.0,Ag/MOF,73.92365
604.5112781954887,0.0,50.0,Ag/MOF,73.911804
605.1378446115289,0.0,50.0,Ag/MOF,73.89997
605.7644110275689,0.0,50.0,Ag/MOF,73.88813
606.390977443609,0.0,50.0,Ag/MOF,73.876274
607.0175438596491,0.0,50.0,Ag/MOF,73.86444
607.6441102756892,0.0,50.0,Ag/MOF,73.8526
608.2706766917294,0.0,50.0,Ag/MOF,73.84075
608.8972431077694,0.0,50.0,Ag/MOF,73.8289
609.5238095238095,0.0,50.0,Ag/MOF,73.81707
610.1503759398496,0.0,50.0,Ag/MOF,73.80523
610.7769423558897,0.0,50.0,Ag/MOF,73.79338
611.4035087719299,0.0,50.0,Ag/MOF,73.78154
612.0300751879699,0.0,50.0,Ag/MOF,73.7697
612.65664160401,0.0,50.0,Ag/MOF,73.75784
613.2832080200501,0.0,50.0,Ag/MOF,73.74602
613.9097744360902,0.0,50.0,Ag/MOF,73.73416
614.5363408521304,0.0,50.0,Ag/MOF,73.72232
615.1629072681704,0.0,50.0,Ag/MOF,73.71049
615.7894736842105,0.0,50.0,Ag/MOF,73.69865
616.4160401002506,0.0,50.0,Ag/MOF,73.686806
617.0426065162907,0.0,50.0,Ag/MOF,73.67496
617.6691729323309,0.0,50.0,Ag/MOF,73.6631
618.295739348371,0.0,50.0,Ag/MOF,73.65127
618.922305764411,0.0,50.0,Ag/MOF,73.639435
619.5488721804511,0.0,50.0,Ag/MOF,73.62759
620.1754385964912,0.0,50.0,Ag/MOF,73.61574
620.8020050125314,0.0,50.0,Ag/MOF,73.6039
621.4285714285714,0.0,50.0,Ag/MOF,73.59205
622.0551378446115,0.0,50.0,Ag/MOF,73.580215
622.6817042606516,0.0,50.0,Ag/MOF,73.56837
623.3082706766917,0.0,50.0,Ag/MOF,73.556526
623.9348370927319,0.0,50.0,Ag/MOF,73.54469
624.561403508772,0.0,50.0,Ag/MOF,73.532845
625.187969924812,0.0,50.0,Ag/MOF,73.520996
625.8145363408521,0.0,50.0,Ag/MOF,73.50916
626.4411027568922,0.0,50.0,Ag/MOF,73.497314
627.0676691729324,0.0,50.0,Ag/MOF,73.48547
627.6942355889724,0.0,50.0,Ag/MOF,73.473625
628.3208020050125,0.0,50.0,Ag/MOF,73.461784
628.9473684210526,0.0,50.0,Ag/MOF,73.44994
629.5739348370927,0.0,50.0,Ag/MOF,73.4381
630.2005012531329,0.0,50.0,Ag/MOF,73.42626
630.827067669173,0.0,50.0,Ag/MOF,73.41441
631.453634085213,0.0,50.0,Ag/MOF,73.40257
632.0802005012531,0.0,50.0,Ag/MOF,73.39073
632.7067669172932,0.0,50.0,Ag/MOF,73.37889
633.3333333333334,0.0,50.0,Ag/MOF,73.36705
633.9598997493734,0.0,50.0,Ag/MOF,73.3552
634.5864661654135,0.0,50.0,Ag/MOF,73.34336
635.2130325814536,0.0,50.0,Ag/MOF,73.33151
635.8395989974937,0.0,50.0,Ag/MOF,73.31967
636.4661654135339,0.0,50.0,Ag/MOF,73.30784
637.092731829574,0.0,50.0,Ag/MOF,73.29598
637.719298245614,0.0,50.0,Ag/MOF,73.2852
638.3458646616541,0.0,50.0,Ag/MOF,73.274956
638.9724310776942,0.0,50.0,Ag/MOF,73.26471
639.5989974937344,0.0,50.0,Ag/MOF,73.254456
640.2255639097745,0.0,50.0,Ag/MOF,73.2442
640.8521303258145,0.0,50.0,Ag/MOF,73.23395
641.4786967418546,0.0,50.0,Ag/MOF,73.2237
642.1052631578947,0.0,50.0,Ag/MOF,73.21345
642.7318295739349,0.0,50.0,Ag/MOF,73.20319
643.358395989975,0.0,50.0,Ag/MOF,73.19295
643.984962406015,0.0,50.0,Ag/MOF,73.18269
644.6115288220551,0.0,50.0,Ag/MOF,73.17245
645.2380952380952,0.0,50.0,Ag/MOF,73.16219
645.8646616541354,0.0,50.0,Ag/MOF,73.15195
646.4912280701755,0.0,50.0,Ag/MOF,73.14169
647.1177944862155,0.0,50.0,Ag/MOF,73.13144
647.7443609022556,0.0,50.0,Ag/MOF,73.121185
648.3709273182957,0.0,50.0,Ag/MOF,73.11093
648.9974937343359,0.0,50.0,Ag/MOF,73.10068
649.624060150376,0.0,50.0,Ag/MOF,73.09043
650.250626566416,0.0,50.0,Ag/MOF,73.080185
650.8771929824561,0.0,50.0,Ag/MOF,73.06992
651.5037593984962,0.0,50.0,Ag/MOF,73.05967
652.1303258145364,0.0,50.0,Ag/MOF,73.04942
652.7568922305765,0.0,50.0,Ag/MOF,73.03918
653.3834586466165,0.0,50.0,Ag/MOF,73.02892
654.0100250626566,0.0,50.0,Ag/MOF,73.01867
654.6365914786967,0.0,50.0,Ag/MOF,73.00842
655.2631578947369,0.0,50.0,Ag/MOF,72.99817
655.889724310777,0.0,50.0,Ag/MOF,72.987915
656.516290726817,0.0,50.0,Ag/MOF,72.97768
657.1428571428571,0.0,50.0,Ag/MOF,72.96741
657.7694235588972,0.0,50.0,Ag/MOF,72.95717
658.3959899749374,0.0,50.0,Ag/MOF,72.946915
659.0225563909775,0.0,50.0,Ag/MOF,72.93666
659.6491228070175,0.0,50.0,Ag/MOF,72.92641
660.2756892230576,0.0,50.0,Ag/MOF,72.91616
660.9022556390977,0.0,50.0,Ag/MOF,72.905914
661.5288220551379,0.0,50.0,Ag/MOF,72.895645
662.155388471178,0.0,50.0,Ag/MOF,72.8854
662.781954887218,0.0,50.0,Ag/MOF,72.87515
663.4085213032581,0.0,50.0,Ag/MOF,72.8649
664.0350877192982,0.0,50.0,Ag/MOF,72.85465
664.6616541353384,0.0,50.0,Ag/MOF,72.8444
665.2882205513785,0.0,50.0,Ag/MOF,72.834145
665.9147869674185,0.0,50.0,Ag/MOF,72.82388
666.5413533834586,0.0,50.0,Ag/MOF,72.81364
667.1679197994987,0.0,50.0,Ag/MOF,72.80339
667.7944862155389,0.0,50.0,Ag/MOF,72.79314
668.421052631579,0.0,50.0,Ag/MOF,72.78288
669.047619047619,0.0,50.0,Ag/MOF,72.77264
669.6741854636591,0.0,50.0,Ag/MOF,72.762375
670.3007518796992,0.0,50.0,Ag/MOF,72.75214
670.9273182957394,0.0,50.0,Ag/MOF,72.74188
671.5538847117795,0.0,50.0,Ag/MOF,72.731636
672.1804511278195,0.0,50.0,Ag/MOF,72.721375
672.8070175438596,0.0,50.0,Ag/MOF,72.71112
673.4335839598998,0.0,50.0,Ag/MOF,72.70087
674.0601503759399,0.0,50.0,Ag/MOF,72.69061
674.68671679198,0.0,50.0,Ag/MOF,72.680374
675.31328320802,0.0,50.0,Ag/MOF,72.67012
675.9398496240601,0.0,50.0,Ag/MOF,72.659874
676.5664160401002,0.0,50.0,Ag/MOF,72.64961
677.1929824561404,0.0,50.0,Ag/MOF,72.63937
677.8195488721805,0.0,50.0,Ag/MOF,72.62911
678.4461152882205,0.0,50.0,Ag/MOF,72.618866
679.0726817042606,0.0,50.0,Ag/MOF,72.60861
679.6992481203008,0.0,50.0,Ag/MOF,72.59836
680.3258145363409,0.0,50.0,Ag/MOF,72.588104
680.952380952381,0.0,50.0,Ag/MOF,72.57786
681.578947368421,0.0,50.0,Ag/MOF,72.56761
682.2055137844611,0.0,50.0,Ag/MOF,72.55736
682.8320802005012,0.0,50.0,Ag/MOF,72.54709
683.4586466165414,0.0,50.0,Ag/MOF,72.53685
684.0852130325815,0.0,50.0,Ag/MOF,72.526596
684.7117794486215,0.0,50.0,Ag/MOF,72.51635
685.3383458646616,0.0,50.0,Ag/MOF,72.506096
685.9649122807018,0.0,50.0,Ag/MOF,72.49585
686.5914786967419,0.0,50.0,Ag/MOF,72.485596
687.218045112782,0.0,50.0,Ag/MOF,72.47534
687.844611528822,0.0,50.0,Ag/MOF,72.465096
688.4711779448621,0.0,50.0,Ag/MOF,72.454834
689.0977443609022,0.0,50.0,Ag/MOF,72.44459
689.7243107769424,0.0,50.0,Ag/MOF,72.434326
690.3508771929825,0.0,50.0,Ag/MOF,72.42409
690.9774436090225,0.0,50.0,Ag/MOF,72.41383
691.6040100250626,0.0,50.0,Ag/MOF,72.40359
692.2305764411028,0.0,50.0,Ag/MOF,72.394356
692.8571428571429,0.0,50.0,Ag/MOF,72.385666
693.483709273183,0.0,50.0,Ag/MOF,72.37698
694.110275689223,0.0,50.0,Ag/MOF,72.36829
694.7368421052631,0.0,50.0,Ag/MOF,72.35961
695.3634085213032,0.0,50.0,Ag/MOF,72.35092
695.9899749373434,0.0,50.0,Ag/MOF,72.34225
696.6165413533835,0.0,50.0,Ag/MOF,72.33356
697.2431077694235,0.0,50.0,Ag/MOF,72.324875
697.8696741854636,0.0,50.0,Ag/MOF,72.31619
698.4962406015038,0.0,50.0,Ag/MOF,72.30751
699.1228070175439,0.0,50.0,Ag/MOF,72.29883
699.749373433584,0.0,50.0,Ag/MOF,72.29013
700.375939849624,0.0,50.0,Ag/MOF,72.28145
701.0025062656641,0.0,50.0,Ag/MOF,72.272766
701.6290726817042,0.0,50.0,Ag/MOF,72.26407
702.2556390977444,0.0,50.0,Ag/MOF,72.255394
702.8822055137845,0.0,50.0,Ag/MOF,72.24671
703.5087719298245,0.0,50.0,Ag/MOF,72.23802
704.1353383458646,0.0,50.0,Ag/MOF,72.22935
704.7619047619048,0.0,50.0,Ag/MOF,72.22066
705.3884711779449,0.0,50.0,Ag/MOF,72.21197
706.015037593985,0.0,50.0,Ag/MOF,72.20329
706.641604010025,0.0,50.0,Ag/MOF,72.1946
707.2681704260651,0.0,50.0,Ag/MOF,72.18591
707.8947368421052,0.0,50.0,Ag/MOF,72.17723
708.5213032581454,0.0,50.0,Ag/MOF,72.16855
709.1478696741855,0.0,50.0,Ag/MOF,72.16031
709.7744360902255,0.0,50.0,Ag/MOF,72.1521
710.4010025062656,0.0,50.0,Ag/MOF,72.143875
711.0275689223058,0.0,50.0,Ag/MOF,72.135666
711.6541353383459,0.0,50.0,Ag/MOF,72.12744
712.280701754386,0.0,50.0,Ag/MOF,72.11922
712.907268170426,0.0,50.0,Ag/MOF,72.11148
713.5338345864661,0.0,50.0,Ag/MOF,72.10504
714.1604010025062,0.0,50.0,Ag/MOF,72.09859
714.7869674185464,0.0,50.0,Ag/MOF,72.09215
715.4135338345865,0.0,50.0,Ag/MOF,72.089325
716.0401002506266,0.0,50.0,Ag/MOF,72.08792
716.6666666666666,0.0,50.0,Ag/MOF,72.08653
717.2932330827068,0.0,50.0,Ag/MOF,72.08513
717.9197994987469,0.0,50.0,Ag/MOF,72.083725
718.546365914787,0.0,50.0,Ag/MOF,72.08232
719.172932330827,0.0,50.0,Ag/MOF,72.08092
719.7994987468671,0.0,50.0,Ag/MOF,72.07953
720.4260651629072,0.0,50.0,Ag/MOF,72.078125
721.0526315789474,0.0,50.0,Ag/MOF,72.07673
721.6791979949875,0.0,50.0,Ag/MOF,72.075325
722.3057644110276,0.0,50.0,Ag/MOF,72.07393
722.9323308270676,0.0,50.0,Ag/MOF,72.07252
723.5588972431078,0.0,50.0,Ag/MOF,72.07112
724.1854636591479,0.0,50.0,Ag/MOF,72.069725
724.812030075188,0.0,50.0,Ag/MOF,72.06832
725.438596491228,0.0,50.0,Ag/MOF,72.066925
726.0651629072681,0.0,50.0,Ag/MOF,72.06552
726.6917293233082,0.0,50.0,Ag/MOF,72.06412
727.3182957393484,0.0,50.0,Ag/MOF,72.06272
727.9448621553885,0.0,50.0,Ag/MOF,72.06132
728.5714285714286,0.0,50.0,Ag/MOF,72.05992
729.1979949874686,0.0,50.0,Ag/MOF,72.05852
729.8245614035088,0.0,50.0,Ag/MOF,72.05711
730.4511278195489,0.0,50.0,Ag/MOF,72.055725
731.077694235589,0.0,50.0,Ag/MOF,72.05431
731.704260651629,0.0,50.0,Ag/MOF,72.05292
732.3308270676691,0.0,50.0,Ag/MOF,72.05151
732.9573934837092,0.0,50.0,Ag/MOF,72.05011
733.5839598997494,0.0,50.0,Ag/MOF,72.04872
734.2105263157895,0.0,50.0,Ag/MOF,72.04732
734.8370927318296,0.0,50.0,Ag/MOF,72.04592
735.4636591478696,0.0,50.0,Ag/MOF,72.04452
736.0902255639098,0.0,50.0,Ag/MOF,72.04312
736.7167919799499,0.0,50.0,Ag/MOF,72.04172
737.34335839599,0.0,50.0,Ag/MOF,72.04031
737.9699248120301,0.0,50.0,Ag/MOF,72.038925
738.5964912280701,0.0,50.0,Ag/MOF,72.03751
739.2230576441102,0.0,50.0,Ag/MOF,72.036125
739.8496240601504,0.0,50.0,Ag/MOF,72.03472
740.4761904761905,0.0,50.0,Ag/MOF,72.03331
741.1027568922306,0.0,50.0,Ag/MOF,72.03191
741.7293233082706,0.0,50.0,Ag/MOF,72.03051
742.3558897243108,0.0,50.0,Ag/MOF,72.02912
742.9824561403509,0.0,50.0,Ag/MOF,72.02772
743.609022556391,0.0,50.0,Ag/MOF,72.02631
744.2355889724311,0.0,50.0,Ag/MOF,72.02491
744.8621553884711,0.0,50.0,Ag/MOF,72.02351
745.4887218045112,0.0,50.0,Ag/MOF,72.02212
746.1152882205514,0.0,50.0,Ag/MOF,72.02071
746.7418546365915,0.0,50.0,Ag/MOF,72.01932
747.3684210526316,0.0,50.0,Ag/MOF,72.017914
747.9949874686716,0.0,50.0,Ag/MOF,72.01651
748.6215538847118,0.0,50.0,Ag/MOF,72.015114
749.2481203007519,0.0,50.0,Ag/MOF,72.0137
749.874686716792,0.0,50.0,Ag/MOF,72.012314
750.5012531328321,0.0,50.0,Ag/MOF,72.01138
751.1278195488721,0.0,50.0,Ag/MOF,72.011986
751.7543859649122,0.0,50.0,Ag/MOF,72.012596
752.3809523809524,0.0,50.0,Ag/MOF,72.013214
753.0075187969925,0.0,50.0,Ag/MOF,72.01382
753.6340852130326,0.0,50.0,Ag/MOF,72.01443
754.2606516290726,0.0,50.0,Ag/MOF,72.01504
754.8872180451128,0.0,50.0,Ag/MOF,72.01565
755.5137844611529,0.0,50.0,Ag/MOF,72.01626
756.140350877193,0.0,50.0,Ag/MOF,72.01687
756.7669172932331,0.0,50.0,Ag/MOF,72.01748
757.3934837092731,0.0,50.0,Ag/MOF,72.01809
758.0200501253132,0.0,50.0,Ag/MOF,72.0199
758.6466165413534,0.0,50.0,Ag/MOF,72.02299
759.2731829573935,0.0,50.0,Ag/MOF,72.026085
759.8997493734336,0.0,50.0,Ag/MOF,72.029175
760.5263157894736,0.0,50.0,Ag/MOF,72.03226
761.1528822055138,0.0,50.0,Ag/MOF,72.035355
761.7794486215539,0.0,50.0,Ag/MOF,72.03845
762.406015037594,0.0,50.0,Ag/MOF,72.04154
763.0325814536341,0.0,50.0,Ag/MOF,72.04463
763.6591478696741,0.0,50.0,Ag/MOF,72.04773
764.2857142857142,0.0,50.0,Ag/MOF,72.05083
764.9122807017544,0.0,50.0,Ag/MOF,72.053925
765.5388471177945,0.0,50.0,Ag/MOF,72.05701
766.1654135338346,0.0,50.0,Ag/MOF,72.06009
766.7919799498746,0.0,50.0,Ag/MOF,72.06319
767.4185463659148,0.0,50.0,Ag/MOF,72.066284
768.0451127819549,0.0,50.0,Ag/MOF,72.06937
768.671679197995,0.0,50.0,Ag/MOF,72.072464
769.2982456140351,0.0,50.0,Ag/MOF,72.07507
769.9248120300751,0.0,50.0,Ag/MOF,72.07745
770.5513784461152,0.0,50.0,Ag/MOF,72.079834
771.1779448621554,0.0,50.0,Ag/MOF,72.082214
771.8045112781955,0.0,50.0,Ag/MOF,72.084595
772.4310776942356,0.0,50.0,Ag/MOF,72.08697
773.0576441102756,0.0,50.0,Ag/MOF,72.08934
773.6842105263158,0.0,50.0,Ag/MOF,72.09173
774.3107769423559,0.0,50.0,Ag/MOF,72.0941
774.937343358396,0.0,50.0,Ag/MOF,72.09735
775.5639097744361,0.0,50.0,Ag/MOF,72.10076
776.1904761904761,0.0,50.0,Ag/MOF,72.10419
776.8170426065162,0.0,50.0,Ag/MOF,72.107605
777.4436090225564,0.0,50.0,Ag/MOF,72.11102
778.0701754385965,0.0,50.0,Ag/MOF,72.11445
778.6967418546366,0.0,50.0,Ag/MOF,72.117874
779.3233082706766,0.0,50.0,Ag/MOF,72.12129
779.9498746867168,0.0,50.0,Ag/MOF,72.12471
780.5764411027569,0.0,50.0,Ag/MOF,72.12813
781.203007518797,0.0,50.0,Ag/MOF,72.13155
781.8295739348371,0.0,50.0,Ag/MOF,72.13498
782.4561403508771,0.0,50.0,Ag/MOF,72.1384
783.0827067669172,0.0,50.0,Ag/MOF,72.141815
783.7092731829574,0.0,50.0,Ag/MOF,72.14523
784.3358395989975,0.0,50.0,Ag/MOF,72.14866
784.9624060150376,0.0,50.0,Ag/MOF,72.15208
785.5889724310777,0.0,50.0,Ag/MOF,72.1555
786.2155388471178,0.0,50.0,Ag/MOF,72.15892
786.8421052631579,0.0,50.0,Ag/MOF,72.16235
787.468671679198,0.0,50.0,Ag/MOF,72.16576
788.0952380952381,0.0,50.0,Ag/MOF,72.16919
788.7218045112782,0.0,50.0,Ag/MOF,72.17261
789.3483709273182,0.0,50.0,Ag/MOF,72.176025
789.9749373433584,0.0,50.0,Ag/MOF,72.17945
790.6015037593985,0.0,50.0,Ag/MOF,72.18288
791.2280701754386,0.0,50.0,Ag/MOF,72.186295
791.8546365914787,0.0,50.0,Ag/MOF,72.18971
792.4812030075188,0.0,50.0,Ag/MOF,72.19313
793.1077694235589,0.0,50.0,Ag/MOF,72.196556
793.734335839599,0.0,50.0,Ag/MOF,72.19998
794.3609022556391,0.0,50.0,Ag/MOF,72.20341
794.9874686716792,0.0,50.0,Ag/MOF,72.20682
795.6140350877192,0.0,50.0,Ag/MOF,72.21025
796.2406015037594,0.0,50.0,Ag/MOF,72.21367
796.8671679197995,0.0,50.0,Ag/MOF,72.21708
797.4937343358396,0.0,50.0,Ag/MOF,72.22051
798.1203007518797,0.0,50.0,Ag/MOF,72.22392
798.7468671679198,0.0,50.0,Ag/MOF,72.22735
799.3734335839599,0.0,50.0,Ag/MOF,72.230774
800.0,0.0,50.0,Ag/MOF,72.23419
550.0,20.0,50.0,Ag/MOF,66.92171
550.6265664160401,20.0,50.0,Ag/MOF,66.91988
551.2531328320802,20.0,50.0,Ag/MOF,66.91806
551.8796992481203,20.0,50.0,Ag/MOF,66.916245
552.5062656641604,20.0,50.0,Ag/MOF,66.91442
553.1328320802005,20.0,50.0,Ag/MOF,66.9126
553.7593984962406,20.0,50.0,Ag/MOF,66.910774
554.3859649122807,20.0,50.0,Ag/MOF,66.90895
555.0125313283208,20.0,50.0,Ag/MOF,66.907135
555.6390977443609,20.0,50.0,Ag/MOF,66.90531
556.265664160401,20.0,50.0,Ag/MOF,66.90349
556.8922305764411,20.0,50.0,Ag/MOF,66.90166
557.5187969924812,20.0,50.0,Ag/MOF,66.89984
558.1453634085213,20.0,50.0,Ag/MOF,66.898026
558.7719298245614,20.0,50.0,Ag/MOF,66.896194
559.3984962406015,20.0,50.0,Ag/MOF,66.89438
560.0250626566416,20.0,50.0,Ag/MOF,66.892555
560.6516290726817,20.0,50.0,Ag/MOF,66.89073
561.2781954887218,20.0,50.0,Ag/MOF,66.88891
561.9047619047619,20.0,50.0,Ag/MOF,66.88709
562.531328320802,20.0,50.0,Ag/MOF,66.885254
563.1578947368421,20.0,50.0,Ag/MOF,66.88344
563.7844611528822,20.0,50.0,Ag/MOF,66.881615
564.4110275689223,20.0,50.0,Ag/MOF,66.8798
565.0375939849624,20.0,50.0,Ag/MOF,66.877975
565.6641604010025,20.0,50.0,Ag/MOF,66.87615
566.2907268170426,20.0,50.0,Ag/MOF,66.87433
566.9172932330827,20.0,50.0,Ag/MOF,66.87251
567.5438596491229,20.0,50.0,Ag/MOF,66.87068
568.1704260651629,20.0,50.0,Ag/MOF,66.8686
568.796992481203,20.0,50.0,Ag/MOF,66.85896
569.4235588972431,20.0,50.0,Ag/MOF,66.84932
570.0501253132832,20.0,50.0,Ag/MOF,66.83969
570.6766917293234,20.0,50.0,Ag/MOF,66.830055
571.3032581453634,20.0,50.0,Ag/MOF,66.82042
571.9298245614035,20.0,50.0,Ag/MOF,66.81078
572.5563909774436,20.0,50.0,Ag/MOF,66.80115
573.1829573934837,20.0,50.0,Ag/MOF,66.79151
573.8095238095239,20.0,50.0,Ag/MOF,66.78187
574.4360902255639,20.0,50.0,Ag/MOF,66.77224
575.062656641604,20.0,50.0,Ag/MOF,66.7626
575.6892230576441,20.0,50.0,Ag/MOF,66.75296
576.3157894736842,20.0,50.0,Ag/MOF,66.74333
576.9423558897244,20.0,50.0,Ag/MOF,66.73369
577.5689223057644,20.0,50.0,Ag/MOF,66.72406
578.1954887218045,20.0,50.0,Ag/MOF,66.71442
578.8220551378446,20.0,50.0,Ag/MOF,66.70479
579.4486215538847,20.0,50.0,Ag/MOF,66.696594
580.0751879699249,20.0,50.0,Ag/MOF,66.68852
580.7017543859649,20.0,50.0,Ag/MOF,66.68044
581.328320802005,20.0,50.0,Ag/MOF,66.67238
581.9548872180451,20.0,50.0,Ag/MOF,66.664314
582.5814536340852,20.0,50.0,Ag/MOF,66.65624
583.2080200501254,20.0,50.0,Ag/MOF,66.64818
583.8345864661654,20.0,50.0,Ag/MOF,66.64011
584.4611528822055,20.0,50.0,Ag/MOF,66.632034
585.0877192982456,20.0,50.0,Ag/MOF,66.62396
585.7142857142857,20.0,50.0,Ag/MOF,66.6159
586.3408521303259,20.0,50.0,Ag/MOF,66.607834
586.9674185463659,20.0,50.0,Ag/MOF,66.59976
587.593984962406,20.0,50.0,Ag/MOF,66.59169
588.2205513784461,20.0,50.0,Ag/MOF,66.58362
588.8471177944862,20.0,50.0,Ag/MOF,66.57555
589.4736842105264,20.0,50.0,Ag/MOF,66.56748
590.1002506265664,20.0,50.0,Ag/MOF,66.55941
590.7268170426065,20.0,50.0,Ag/MOF,66.551346
591.3533834586466,20.0,50.0,Ag/MOF,66.543274
591.9799498746867,20.0,50.0,Ag/MOF,66.53522
592.6065162907269,20.0,50.0,Ag/MOF,66.52714
593.2330827067669,20.0,50.0,Ag/MOF,66.51907
593.859649122807,20.0,50.0,Ag/MOF,66.511
594.4862155388471,20.0,50.0,Ag/MOF,66.50312
595.1127819548872,20.0,50.0,Ag/MOF,66.495255
595.7393483709274,20.0,50.0,Ag/MOF,66.48737
596.3659147869674,20.0,50.0,Ag/MOF,66.47951
596.9924812030075,20.0,50.0,Ag/MOF,66.471634
597.6190476190476,20.0,50.0,Ag/MOF,66.46376
598.2456140350877,20.0,50.0,Ag/MOF,66.45589
598.8721804511279,20.0,50.0,Ag/MOF,66.44801
599.4987468671679,20.0,50.0,Ag/MOF,66.44014
600.125313283208,20.0,50.0,Ag/MOF,66.43227
600.7518796992481,20.0,50.0,Ag/MOF,66.4244
601.3784461152882,20.0,50.0,Ag/MOF,66.41652
602.0050125313284,20.0,50.0,Ag/MOF,66.408646
602.6315789473684,20.0,50.0,Ag/MOF,66.40077
603.2581453634085,20.0,50.0,Ag/MOF,66.39291
603.8847117794486,20.0,50.0,Ag/MOF,66.38504
604.5112781954887,20.0,50.0,Ag/MOF,66.37715
605.1378446115289,20.0,50.0,Ag/MOF,66.36928
605.7644110275689,20.0,50.0,Ag/MOF,66.361404
606.390977443609,20.0,50.0,Ag/MOF,66.35354
607.0175438596491,20.0,50.0,Ag/MOF,66.34567
607.6441102756892,20.0,50.0,Ag/MOF,66.33779
608.2706766917294,20.0,50.0,Ag/MOF,66.32992
608.8972431077694,20.0,50.0,Ag/MOF,66.322044
609.5238095238095,20.0,50.0,Ag/MOF,66.31417
610.1503759398496,20.0,50.0,Ag/MOF,66.306305
610.7769423558897,20.0,50.0,Ag/MOF,66.29843
611.4035087719299,20.0,50.0,Ag/MOF,66.29056
612.0300751879699,20.0,50.0,Ag/MOF,66.282684
612.65664160401,20.0,50.0,Ag/MOF,66.27481
613.2832080200501,20.0,50.0,Ag/MOF,66.26694
613.9097744360902,20.0,50.0,Ag/MOF,66.25906
614.5363408521304,20.0,50.0,Ag/MOF,66.25119
615.1629072681704,20.0,50.0,Ag/MOF,66.24332
615.7894736842105,20.0,50.0,Ag/MOF,66.23545
616.4160401002506,20.0,50.0,Ag/MOF,66.22757
617.0426065162907,20.0,50.0,Ag/MOF,66.219696
617.6691729323309,20.0,50.0,Ag/MOF,66.21145
618.295739348371,20.0,50.0,Ag/MOF,66.20264
618.922305764411,20.0,50.0,Ag/MOF,66.19382
619.5488721804511,20.0,50.0,Ag/MOF,66.185
620.1754385964912,20.0,50.0,Ag/MOF,66.17618
620.8020050125314,20.0,50.0,Ag/MOF,66.16736
621.4285714285714,20.0,50.0,Ag/MOF,66.15853
622.0551378446115,20.0,50.0,Ag/MOF,66.14972
622.6817042606516,20.0,50.0,Ag/MOF,66.1409
623.3082706766917,20.0,50.0,Ag/MOF,66.13207
623.9348370927319,20.0,50.0,Ag/MOF,66.12325
624.561403508772,20.0,50.0,Ag/MOF,66.115036
625.187969924812,20.0,50.0,Ag/MOF,66.108215
625.8145363408521,20.0,50.0,Ag/MOF,66.10139
626.4411027568922,20.0,50.0,Ag/MOF,66.09457
627.0676691729324,20.0,50.0,Ag/MOF,66.08774
627.6942355889724,20.0,50.0,Ag/MOF,66.08092
628.3208020050125,20.0,50.0,Ag/MOF,66.0741
628.9473684210526,20.0,50.0,Ag/MOF,66.067276
629.5739348370927,20.0,50.0,Ag/MOF,66.060455
630.2005012531329,20.0,50.0,Ag/MOF,66.053635
630.827067669173,20.0,50.0,Ag/MOF,66.0468
631.453634085213,20.0,50.0,Ag/MOF,66.039986
632.0802005012531,20.0,50.0,Ag/MOF,66.03751
632.7067669172932,20.0,50.0,Ag/MOF,66.03586
633.3333333333334,20.0,50.0,Ag/MOF,66.03421
633.9598997493734,20.0,50.0,Ag/MOF,66.03257
634.5864661654135,20.0,50.0,Ag/MOF,66.030914
635.2130325814536,20.0,50.0,Ag/MOF,66.02927
635.8395989974937,20.0,50.0,Ag/MOF,66.02762
636.4661654135339,20.0,50.0,Ag/MOF,66.02597
637.092731829574,20.0,50.0,Ag/MOF,66.02433
637.719298245614,20.0,50.0,Ag/MOF,66.022675
638.3458646616541,20.0,50.0,Ag/MOF,66.02104
638.9724310776942,20.0,50.0,Ag/MOF,66.019394
639.5989974937344,20.0,50.0,Ag/MOF,66.017746
640.2255639097745,20.0,50.0,Ag/MOF,66.01609
640.8521303258145,20.0,50.0,Ag/MOF,66.014435
641.4786967418546,20.0,50.0,Ag/MOF,66.012794
642.1052631578947,20.0,50.0,Ag/MOF,66.01115
642.7318295739349,20.0,50.0,Ag/MOF,66.0095
643.358395989975,20.0,50.0,Ag/MOF,66.007866
643.984962406015,20.0,50.0,Ag/MOF,66.00621
644.6115288220551,20.0,50.0,Ag/MOF,66.004555
645.2380952380952,20.0,50.0,Ag/MOF,66.002914
645.8646616541354,20.0,50.0,Ag/MOF,66.00127
646.4912280701755,20.0,50.0,Ag/MOF,65.99962
647.1177944862155,20.0,50.0,Ag/MOF,65.99797
647.7443609022556,20.0,50.0,Ag/MOF,65.99632
648.3709273182957,20.0,50.0,Ag/MOF,65.994675
648.9974937343359,20.0,50.0,Ag/MOF,65.99303
649.624060150376,20.0,50.0,Ag/MOF,65.99138
650.250626566416,20.0,50.0,Ag/MOF,65.98973
650.8771929824561,20.0,50.0,Ag/MOF,65.98808
651.5037593984962,20.0,50.0,Ag/MOF,65.986435
652.1303258145364,20.0,50.0,Ag/MOF,65.984795
652.7568922305765,20.0,50.0,Ag/MOF,65.98315
653.3834586466165,20.0,50.0,Ag/MOF,65.98149
654.0100250626566,20.0,50.0,Ag/MOF,65.97985
654.6365914786967,20.0,50.0,Ag/MOF,65.9782
655.2631578947369,20.0,50.0,Ag/MOF,65.97655
655.889724310777,20.0,50.0,Ag/MOF,65.97491
656.516290726817,20.0,50.0,Ag/MOF,65.97327
657.1428571428571,20.0,50.0,Ag/MOF,65.97162
657.7694235588972,20.0,50.0,Ag/MOF,65.96996
658.3959899749374,20.0,50.0,Ag/MOF,65.96832
659.0225563909775,20.0,50.0,Ag/MOF,65.96667
659.6491228070175,20.0,50.0,Ag/MOF,65.96501
660.2756892230576,20.0,50.0,Ag/MOF,65.96337
660.9022556390977,20.0,50.0,Ag/MOF,65.96173
661.5288220551379,20.0,50.0,Ag/MOF,65.96008
662.155388471178,20.0,50.0,Ag/MOF,65.95843
662.781954887218,20.0,50.0,Ag/MOF,65.95679
663.4085213032581,20.0,50.0,Ag/MOF,65.95514
664.0350877192982,20.0,50.0,Ag/MOF,65.95349
664.6616541353384,20.0,50.0,Ag/MOF,65.95184
665.2882205513785,20.0,50.0,Ag/MOF,65.950195
665.9147869674185,20.0,50.0,Ag/MOF,65.95013
666.5413533834586,20.0,50.0,Ag/MOF,65.950195
667.1679197994987,20.0,50.0,Ag/MOF,65.95026
667.7944862155389,20.0,50.0,Ag/MOF,65.95032
668.421052631579,20.0,50.0,Ag/MOF,65.95038
669.047619047619,20.0,50.0,Ag/MOF,65.95044
669.6741854636591,20.0,50.0,Ag/MOF,65.95051
670.3007518796992,20.0,50.0,Ag/MOF,65.95058
670.9273182957394,20.0,50.0,Ag/MOF,65.95064
671.5538847117795,20.0,50.0,Ag/MOF,65.950714
672.1804511278195,20.0,50.0,Ag/MOF,65.95077
672.8070175438596,20.0,50.0,Ag/MOF,65.950836
673.4335839598998,20.0,50.0,Ag/MOF,65.95091
674.0601503759399,20.0,50.0,Ag/MOF,65.95097
674.68671679198,20.0,50.0,Ag/MOF,65.951035
675.31328320802,20.0,50.0,Ag/MOF,65.951096
675.9398496240601,20.0,50.0,Ag/MOF,65.95116
676.5664160401002,20.0,50.0,Ag/MOF,65.95122
677.1929824561404,20.0,50.0,Ag/MOF,65.95128
677.8195488721805,20.0,50.0,Ag/MOF,65.951355
678.4461152882205,20.0,50.0,Ag/MOF,65.951416
679.0726817042606,20.0,50.0,Ag/MOF,65.951485
679.6992481203008,20.0,50.0,Ag/MOF,65.951546
680.3258145363409,20.0,50.0,Ag/MOF,65.95161
680.952380952381,20.0,50.0,Ag/MOF,65.951675
681.578947368421,20.0,50.0,Ag/MOF,65.95174
682.2055137844611,20.0,50.0,Ag/MOF,65.9518
682.8320802005012,20.0,50.0,Ag/MOF,65.951866
683.4586466165414,20.0,50.0,Ag/MOF,65.95193
684.0852130325815,20.0,50.0,Ag/MOF,65.951996
684.7117794486215,20.0,50.0,Ag/MOF,65.952095
685.3383458646616,20.0,50.0,Ag/MOF,65.95228
685.9649122807018,20.0,50.0,Ag/MOF,65.95245
686.5914786967419,20.0,50.0,Ag/MOF,65.95264
687.218045112782,20.0,50.0,Ag/MOF,65.95282
687.844611528822,20.0,50.0,Ag/MOF,65.953
688.4711779448621,20.0,50.0,Ag/MOF,65.953186
689.0977443609022,20.0,50.0,Ag/MOF,65.95267
689.7243107769424,20.0,50.0,Ag/MOF,65.95119
690.3508771929825,20.0,50.0,Ag/MOF,65.9497
690.9774436090225,20.0,50.0,Ag/MOF,65.94821
691.6040100250626,20.0,50.0,Ag/MOF,65.94672
692.2305764411028,20.0,50.0,Ag/MOF,65.94524
692.8571428571429,20.0,50.0,Ag/MOF,65.94374
693.483709273183,20.0,50.0,Ag/MOF,65.94225
694.110275689223,20.0,50.0,Ag/MOF,65.940765
694.7368421052631,20.0,50.0,Ag/MOF,65.939285
695.3634085213032,20.0,50.0,Ag/MOF,65.93779
695.9899749373434,20.0,50.0,Ag/MOF,65.9363
696.6165413533835,20.0,50.0,Ag/MOF,65.934814
697.2431077694235,20.0,50.0,Ag/MOF,65.933334
697.8696741854636,20.0,50.0,Ag/MOF,65.93184
698.4962406015038,20.0,50.0,Ag/MOF,65.93034
699.1228070175439,20.0,50.0,Ag/MOF,65.92886
699.749373433584,20.0,50.0,Ag/MOF,65.927376
700.375939849624,20.0,50.0,Ag/MOF,65.92589
701.0025062656641,20.0,50.0,Ag/MOF,65.92439
701.6290726817042,20.0,50.0,Ag/MOF,65.92291
702.2556390977444,20.0,50.0,Ag/MOF,65.92142
702.8822055137845,20.0,50.0,Ag/MOF,65.91994
703.5087719298245,20.0,50.0,Ag/MOF,65.91845
704.1353383458646,20.0,50.0,Ag/MOF,65.91696
704.7619047619048,20.0,50.0,Ag/MOF,65.91547
705.3884711779449,20.0,50.0,Ag/MOF,65.91399
706.015037593985,20.0,50.0,Ag/MOF,65.9125
706.641604010025,20.0,50.0,Ag/MOF,65.91101
707.2681704260651,20.0,50.0,Ag/MOF,65.90952
707.8947368421052,20.0,50.0,Ag/MOF,65.908035
708.5213032581454,20.0,50.0,Ag/MOF,65.90655
709.1478696741855,20.0,50.0,Ag/MOF,65.90506
709.7744360902255,20.0,50.0,Ag/MOF,65.903564
710.4010025062656,20.0,50.0,Ag/MOF,65.90208
711.0275689223058,20.0,50.0,Ag/MOF,65.90059
711.6541353383459,20.0,50.0,Ag/MOF,65.89909
712.280701754386,20.0,50.0,Ag/MOF,65.89761
712.907268170426,20.0,50.0,Ag/MOF,65.89612
713.5338345864661,20.0,50.0,Ag/MOF,65.89464
714.1604010025062,20.0,50.0,Ag/MOF,65.89314
714.7869674185464,20.0,50.0,Ag/MOF,65.891655
715.4135338345865,20.0,50.0,Ag/MOF,65.89017
716.0401002506266,20.0,50.0,Ag/MOF,65.88869
716.6666666666666,20.0,50.0,Ag/MOF,65.88719
717.2932330827068,20.0,50.0,Ag/MOF,65.88571
717.9197994987469,20.0,50.0,Ag/MOF,65.88422
718.546365914787,20.0,50.0,Ag/MOF,65.88156
719.172932330827,20.0,50.0,Ag/MOF,65.87847
719.7994987468671,20.0,50.0,Ag/MOF,65.875374
720.4260651629072,20.0,50.0,Ag/MOF,65.87229
721.0526315789474,20.0,50.0,Ag/MOF,65.869194
721.6791979949875,20.0,50.0,Ag/MOF,65.8661
722.3057644110276,20.0,50.0,Ag/MOF,65.86301
722.9323308270676,20.0,50.0,Ag/MOF,65.85991
723.5588972431078,20.0,50.0,Ag/MOF,65.85683
724.1854636591479,20.0,50.0,Ag/MOF,65.85373
724.812030075188,20.0,50.0,Ag/MOF,65.85065
725.438596491228,20.0,50.0,Ag/MOF,65.84755
726.0651629072681,20.0,50.0,Ag/MOF,65.84446
726.6917293233082,20.0,50.0,Ag/MOF,65.84137
727.3182957393484,20.0,50.0,Ag/MOF,65.83827
727.9448621553885,20.0,50.0,Ag/MOF,65.835175
728.5714285714286,20.0,50.0,Ag/MOF,65.832085
729.1979949874686,20.0,50.0,Ag/MOF,65.829
729.8245614035088,20.0,50.0,Ag/MOF,65.825905
730.4511278195489,20.0,50.0,Ag/MOF,65.82281
731.077694235589,20.0,50.0,Ag/MOF,65.819725
731.704260651629,20.0,50.0,Ag/MOF,65.81662
732.3308270676691,20.0,50.0,Ag/MOF,65.81354
732.9573934837092,20.0,50.0,Ag/MOF,65.81044
733.5839598997494,20.0,50.0,Ag/MOF,65.80735
734.2105263157895,20.0,50.0,Ag/MOF,65.804276
734.8370927318296,20.0,50.0,Ag/MOF,65.80117
735.4636591478696,20.0,50.0,Ag/MOF,65.79808
736.0902255639098,20.0,50.0,Ag/MOF,65.79498
736.7167919799499,20.0,50.0,Ag/MOF,65.79189
737.34335839599,20.0,50.0,Ag/MOF,65.7888
737.9699248120301,20.0,50.0,Ag/MOF,65.78572
738.5964912280701,20.0,50.0,Ag/MOF,65.78262
739.2230576441102,20.0,50.0,Ag/MOF,65.779526
739.8496240601504,20.0,50.0,Ag/MOF,65.776436
740.4761904761905,20.0,50.0,Ag/MOF,65.773346
741.1027568922306,20.0,50.0,Ag/MOF,65.770256
741.7293233082706,20.0,50.0,Ag/MOF,65.767166
742.3558897243108,20.0,50.0,Ag/MOF,65.76407
742.9824561403509,20.0,50.0,Ag/MOF,65.76097
743.609022556391,20.0,50.0,Ag/MOF,65.75789
744.2355889724311,20.0,50.0,Ag/MOF,65.75479
744.8621553884711,20.0,50.0,Ag/MOF,65.75169
745.4887218045112,20.0,50.0,Ag/MOF,65.74861
746.1152882205514,20.0,50.0,Ag/MOF,65.745514
746.7418546365915,20.0,50.0,Ag/MOF,65.74242
747.3684210526316,20.0,50.0,Ag/MOF,65.739334
747.9949874686716,20.0,50.0,Ag/MOF,65.736244
748.6215538847118,20.0,50.0,Ag/MOF,65.733154
749.2481203007519,20.0,50.0,Ag/MOF,65.73006
749.874686716792,20.0,50.0,Ag/MOF,65.72697
750.5012531328321,20.0,50.0,Ag/MOF,65.72388
751.1278195488721,20.0,50.0,Ag/MOF,65.72078
751.7543859649122,20.0,50.0,Ag/MOF,65.71769
752.3809523809524,20.0,50.0,Ag/MOF,65.7146
753.0075187969925,20.0,50.0,Ag/MOF,65.71268
753.6340852130326,20.0,50.0,Ag/MOF,65.711136
754.2606516290726,20.0,50.0,Ag/MOF,65.7096
754.8872180451128,20.0,50.0,Ag/MOF,65.70807
755.5137844611529,20.0,50.0,Ag/MOF,65.70653
756.140350877193,20.0,50.0,Ag/MOF,65.70499
756.7669172932331,20.0,50.0,Ag/MOF,65.703445
757.3934837092731,20.0,50.0,Ag/MOF,65.701904
758.0200501253132,20.0,50.0,Ag/MOF,65.70038
758.6466165413534,20.0,50.0,Ag/MOF,65.69884
759.2731829573935,20.0,50.0,Ag/MOF,65.69815
759.8997493734336,20.0,50.0,Ag/MOF,65.69899
760.5263157894736,20.0,50.0,Ag/MOF,65.69983
761.1528822055138,20.0,50.0,Ag/MOF,65.700676
761.7794486215539,20.0,50.0,Ag/MOF,65.701515
762.406015037594,20.0,50.0,Ag/MOF,65.70236
763.0325814536341,20.0,50.0,Ag/MOF,65.70321
763.6591478696741,20.0,50.0,Ag/MOF,65.70405
764.2857142857142,20.0,50.0,Ag/MOF,65.704895
764.9122807017544,20.0,50.0,Ag/MOF,65.705734
765.5388471177945,20.0,50.0,Ag/MOF,65.70658
766.1654135338346,20.0,50.0,Ag/MOF,65.70742
766.7919799498746,20.0,50.0,Ag/MOF,65.708275
767.4185463659148,20.0,50.0,Ag/MOF,65.709114
768.0451127819549,20.0,50.0,Ag/MOF,65.70995
768.671679197995,20.0,50.0,Ag/MOF,65.71079
769.2982456140351,20.0,50.0,Ag/MOF,65.71164
769.9248120300751,20.0,50.0,Ag/MOF,65.71249
770.5513784461152,20.0,50.0,Ag/MOF,65.713326
771.1779448621554,20.0,50.0,Ag/MOF,65.71417
771.8045112781955,20.0,50.0,Ag/MOF,65.71501
772.4310776942356,20.0,50.0,Ag/MOF,65.71586
773.0576441102756,20.0,50.0,Ag/MOF,65.716705
773.6842105263158,20.0,50.0,Ag/MOF,65.71755
774.3107769423559,20.0,50.0,Ag/MOF,65.71838
774.937343358396,20.0,50.0,Ag/MOF,65.71923
775.5639097744361,20.0,50.0,Ag/MOF,65.72083
776.1904761904761,20.0,50.0,Ag/MOF,65.72421
776.8170426065162,20.0,50.0,Ag/MOF,65.727646
777.4436090225564,20.0,50.0,Ag/MOF,65.73109
778.0701754385965,20.0,50.0,Ag/MOF,65.734535
778.6967418546366,20.0,50.0,Ag/MOF,65.737976
779.3233082706766,20.0,50.0,Ag/MOF,65.741425
779.9498746867168,20.0,50.0,Ag/MOF,65.74487
780.5764411027569,20.0,50.0,Ag/MOF,65.748314
781.203007518797,20.0,50.0,Ag/MOF,65.751755
781.8295739348371,20.0,50.0,Ag/MOF,65.7552
782.4561403508771,20.0,50.0,Ag/MOF,65.75864
783.0827067669172,20.0,50.0,Ag/MOF,65.762085
783.7092731829574,20.0,50.0,Ag/MOF,65.76553
784.3358395989975,20.0,50.0,Ag/MOF,65.76898
784.9624060150376,20.0,50.0,Ag/MOF,65.772415
785.5889724310777,20.0,50.0,Ag/MOF,65.77586
786.2155388471178,20.0,50.0,Ag/MOF,65.7793
786.8421052631579,20.0,50.0,Ag/MOF,65.782745
787.468671679198,20.0,50.0,Ag/MOF,65.786194
788.0952380952381,20.0,50.0,Ag/MOF,65.78963
788.7218045112782,20.0,50.0,Ag/MOF,65.793076
789.3483709273182,20.0,50.0,Ag/MOF,65.79652
789.9749373433584,20.0,50.0,Ag/MOF,65.799965
790.6015037593985,20.0,50.0,Ag/MOF,65.80341
791.2280701754386,20.0,50.0,Ag/MOF,65.806854
791.8546365914787,20.0,50.0,Ag/MOF,65.810295
792.4812030075188,20.0,50.0,Ag/MOF,65.813736
793.1077694235589,20.0,50.0,Ag/MOF,65.817184
793.734335839599,20.0,50.0,Ag/MOF,65.82063
794.3609022556391,20.0,50.0,Ag/MOF,65.824066
794.9874686716792,20.0,50.0,Ag/MOF,65.82751
795.6140350877192,20.0,50.0,Ag/MOF,65.830956
796.2406015037594,20.0,50.0,Ag/MOF,65.834496
796.8671679197995,20.0,50.0,Ag/MOF,65.83971
797.4937343358396,20.0,50.0,Ag/MOF,65.844925
798.1203007518797,20.0,50.0,Ag/MOF,65.85014
798.7468671679198,20.0,50.0,Ag/MOF,65.85462
799.3734335839599,20.0,50.0,Ag/MOF,65.85771
800.0,20.0,50.0,Ag/MOF,65.8608
550.0,40.0,50.0,Ag/MOF,72.9307
550.6265664160401,40.0,50.0,Ag/MOF,72.92767
551.2531328320802,40.0,50.0,Ag/MOF,72.92463
551.8796992481203,40.0,50.0,Ag/MOF,72.92159
552.5062656641604,40.0,50.0,Ag/MOF,72.91856
553.1328320802005,40.0,50.0,Ag/MOF,72.91553
553.7593984962406,40.0,50.0,Ag/MOF,72.91248
554.3859649122807,40.0,50.0,Ag/MOF,72.909454
555.0125313283208,40.0,50.0,Ag/MOF,72.90642
555.6390977443609,40.0,50.0,Ag/MOF,72.90338
556.265664160401,40.0,50.0,Ag/MOF,72.900345
556.8922305764411,40.0,50.0,Ag/MOF,72.89731
557.5187969924812,40.0,50.0,Ag/MOF,72.89427
558.1453634085213,40.0,50.0,Ag/MOF,72.891235
558.7719298245614,40.0,50.0,Ag/MOF,72.8882
559.3984962406015,40.0,50.0,Ag/MOF,72.88516
560.0250626566416,40.0,50.0,Ag/MOF,72.882126
560.6516290726817,40.0,50.0,Ag/MOF,72.87909
561.2781954887218,40.0,50.0,Ag/MOF,72.87605
561.9047619047619,40.0,50.0,Ag/MOF,72.87302
562.531328320802,40.0,50.0,Ag/MOF,72.86999
563.1578947368421,40.0,50.0,Ag/MOF,72.86694
563.7844611528822,40.0,50.0,Ag/MOF,72.86391
564.4110275689223,40.0,50.0,Ag/MOF,72.86087
565.0375939849624,40.0,50.0,Ag/MOF,72.85784
565.6641604010025,40.0,50.0,Ag/MOF,72.8548
566.2907268170426,40.0,50.0,Ag/MOF,72.85177
566.9172932330827,40.0,50.0,Ag/MOF,72.84873
567.5438596491229,40.0,50.0,Ag/MOF,72.84569
568.1704260651629,40.0,50.0,Ag/MOF,72.84265
568.796992481203,40.0,50.0,Ag/MOF,72.83962
569.4235588972431,40.0,50.0,Ag/MOF,72.83658
570.0501253132832,40.0,50.0,Ag/MOF,72.83354
570.6766917293234,40.0,50.0,Ag/MOF,72.83051
571.3032581453634,40.0,50.0,Ag/MOF,72.82747
571.9298245614035,40.0,50.0,Ag/MOF,72.82444
572.5563909774436,40.0,50.0,Ag/MOF,72.82269
573.1829573934837,40.0,50.0,Ag/MOF,72.82313
573.8095238095239,40.0,50.0,Ag/MOF,72.82356
574.4360902255639,40.0,50.0,Ag/MOF,72.824
575.062656641604,40.0,50.0,Ag/MOF,72.82443
575.6892230576441,40.0,50.0,Ag/MOF,72.82486
576.3157894736842,40.0,50.0,Ag/MOF,72.825294
576.9423558897244,40.0,50.0,Ag/MOF,72.82573
577.5689223057644,40.0,50.0,Ag/MOF,72.82617
578.1954887218045,40.0,50.0,Ag/MOF,72.82659
578.8220551378446,40.0,50.0,Ag/MOF,72.82703
579.4486215538847,40.0,50.0,Ag/MOF,72.82746
580.0751879699249,40.0,50.0,Ag/MOF,72.82791
580.7017543859649,40.0,50.0,Ag/MOF,72.82833
581.328320802005,40.0,50.0,Ag/MOF,72.828766
581.9548872180451,40.0,50.0,Ag/MOF,72.8292
582.5814536340852,40.0,50.0,Ag/MOF,72.82963
583.2080200501254,40.0,50.0,Ag/MOF,72.83008
583.8345864661654,40.0,50.0,Ag/MOF,72.830505
584.4611528822055,40.0,50.0,Ag/MOF,72.83094
585.0877192982456,40.0,50.0,Ag/MOF,72.83137
585.7142857142857,40.0,50.0,Ag/MOF,72.8318
586.3408521303259,40.0,50.0,Ag/MOF,72.832245
586.9674185463659,40.0,50.0,Ag/MOF,72.83267
587.593984962406,40.0,50.0,Ag/MOF,72.833115
588.2205513784461,40.0,50.0,Ag/MOF,72.83354
588.8471177944862,40.0,50.0,Ag/MOF,72.833984
589.4736842105264,40.0,50.0,Ag/MOF,72.83441
590.1002506265664,40.0,50.0,Ag/MOF,72.83485
590.7268170426065,40.0,50.0,Ag/MOF,72.83528
591.3533834586466,40.0,50.0,Ag/MOF,72.83571
591.9799498746867,40.0,50.0,Ag/MOF,72.83614
592.6065162907269,40.0,50.0,Ag/MOF,72.83658
593.2330827067669,40.0,50.0,Ag/MOF,72.83701
593.859649122807,40.0,50.0,Ag/MOF,72.83745
594.4862155388471,40.0,50.0,Ag/MOF,72.837875
595.1127819548872,40.0,50.0,Ag/MOF,72.83832
595.7393483709274,40.0,50.0,Ag/MOF,72.838745
596.3659147869674,40.0,50.0,Ag/MOF,72.83918
596.9924812030075,40.0,50.0,Ag/MOF,72.839615
597.6190476190476,40.0,50.0,Ag/MOF,72.84005
598.2456140350877,40.0,50.0,Ag/MOF,72.840485
598.8721804511279,40.0,50.0,Ag/MOF,72.84092
599.4987468671679,40.0,50.0,Ag/MOF,72.84135
600.125313283208,40.0,50.0,Ag/MOF,72.8418
600.7518796992481,40.0,50.0,Ag/MOF,72.842224
601.3784461152882,40.0,50.0,Ag/MOF,72.84265
602.0050125313284,40.0,50.0,Ag/MOF,72.84309
602.6315789473684,40.0,50.0,Ag/MOF,72.84352
603.2581453634085,40.0,50.0,Ag/MOF,72.843956
603.8847117794486,40.0,50.0,Ag/MOF,72.84439
604.5112781954887,40.0,50.0,Ag/MOF,72.84482
605.1378446115289,40.0,50.0,Ag/MOF,72.84525
605.7644110275689,40.0,50.0,Ag/MOF,72.8457
606.390977443609,40.0,50.0,Ag/MOF,72.84613
607.0175438596491,40.0,50.0,Ag/MOF,72.84656
607.6441102756892,40.0,50.0,Ag/MOF,72.84699
608.2706766917294,40.0,50.0,Ag/MOF,72.847435
608.8972431077694,40.0,50.0,Ag/MOF,72.84787
609.5238095238095,40.0,50.0,Ag/MOF,72.8483
610.1503759398496,40.0,50.0,Ag/MOF,72.848724
610.7769423558897,40.0,50.0,Ag/MOF,72.84916
611.4035087719299,40.0,50.0,Ag/MOF,72.849594
612.0300751879699,40.0,50.0,Ag/MOF,72.85003
612.65664160401,40.0,50.0,Ag/MOF,72.850464
613.2832080200501,40.0,50.0,Ag/MOF,72.85089
613.9097744360902,40.0,50.0,Ag/MOF,72.85133
614.5363408521304,40.0,50.0,Ag/MOF,72.85177
615.1629072681704,40.0,50.0,Ag/MOF,72.8522
615.7894736842105,40.0,50.0,Ag/MOF,72.85264
616.4160401002506,40.0,50.0,Ag/MOF,72.853065
617.0426065162907,40.0,50.0,Ag/MOF,72.8535
617.6691729323309,40.0,50.0,Ag/MOF,72.853935
618.295739348371,40.0,50.0,Ag/MOF,72.85437
618.922305764411,40.0,50.0,Ag/MOF,72.85481
619.5488721804511,40.0,50.0,Ag/MOF,72.85524
620.1754385964912,40.0,50.0,Ag/MOF,72.85568
620.8020050125314,40.0,50.0,Ag/MOF,72.8561
621.4285714285714,40.0,50.0,Ag/MOF,72.85653
622.0551378446115,40.0,50.0,Ag/MOF,72.856964
622.6817042606516,40.0,50.0,Ag/MOF,72.85741
623.3082706766917,40.0,50.0,Ag/MOF,72.85742
623.9348370927319,40.0,50.0,Ag/MOF,72.85715
624.561403508772,40.0,50.0,Ag/MOF,72.85686
625.187969924812,40.0,50.0,Ag/MOF,72.85658
625.8145363408521,40.0,50.0,Ag/MOF,72.85629
626.4411027568922,40.0,50.0,Ag/MOF,72.856
627.0676691729324,40.0,50.0,Ag/MOF,72.85571
627.6942355889724,40.0,50.0,Ag/MOF,72.85542
628.3208020050125,40.0,50.0,Ag/MOF,72.85515
628.9473684210526,40.0,50.0,Ag/MOF,72.85486
629.5739348370927,40.0,50.0,Ag/MOF,72.85457
630.2005012531329,40.0,50.0,Ag/MOF,72.85428
630.827067669173,40.0,50.0,Ag/MOF,72.85399
631.453634085213,40.0,50.0,Ag/MOF,72.85351
632.0802005012531,40.0,50.0,Ag/MOF,72.85301
632.7067669172932,40.0,50.0,Ag/MOF,72.852516
633.3333333333334,40.0,50.0,Ag/MOF,72.85202
633.9598997493734,40.0,50.0,Ag/MOF,72.851524
634.5864661654135,40.0,50.0,Ag/MOF,72.85102
635.2130325814536,40.0,50.0,Ag/MOF,72.85053
635.8395989974937,40.0,50.0,Ag/MOF,72.85003
636.4661654135339,40.0,50.0,Ag/MOF,72.84954
637.092731829574,40.0,50.0,Ag/MOF,72.849045
637.719298245614,40.0,50.0,Ag/MOF,72.84855
638.3458646616541,40.0,50.0,Ag/MOF,72.84805
638.9724310776942,40.0,50.0,Ag/MOF,72.84755
639.5989974937344,40.0,50.0,Ag/MOF,72.84706
640.2255639097745,40.0,50.0,Ag/MOF,72.846565
640.8521303258145,40.0,50.0,Ag/MOF,72.84607
641.4786967418546,40.0,50.0,Ag/MOF,72.845566
642.1052631578947,40.0,50.0,Ag/MOF,72.84508
642.7318295739349,40.0,50.0,Ag/MOF,72.84458
643.358395989975,40.0,50.0,Ag/MOF,72.84409
643.984962406015,40.0,50.0,Ag/MOF,72.84358
644.6115288220551,40.0,50.0,Ag/MOF,72.843094
645.2380952380952,40.0,50.0,Ag/MOF,72.8426
645.8646616541354,40.0,50.0,Ag/MOF,72.8421
646.4912280701755,40.0,50.0,Ag/MOF,72.8416
647.1177944862155,40.0,50.0,Ag/MOF,72.84111
647.7443609022556,40.0,50.0,Ag/MOF,72.84061
648.3709273182957,40.0,50.0,Ag/MOF,72.84011
648.9974937343359,40.0,50.0,Ag/MOF,72.839615
649.624060150376,40.0,50.0,Ag/MOF,72.83912
650.250626566416,40.0,50.0,Ag/MOF,72.83862
650.8771929824561,40.0,50.0,Ag/MOF,72.83813
651.5037593984962,40.0,50.0,Ag/MOF,72.83763
652.1303258145364,40.0,50.0,Ag/MOF,72.83713
652.7568922305765,40.0,50.0,Ag/MOF,72.83664
653.3834586466165,40.0,50.0,Ag/MOF,72.83615
654.0100250626566,40.0,50.0,Ag/MOF,72.83565
654.6365914786967,40.0,50.0,Ag/MOF,72.83515
655.2631578947369,40.0,50.0,Ag/MOF,72.83466
655.889724310777,40.0,50.0,Ag/MOF,72.83416
656.516290726817,40.0,50.0,Ag/MOF,72.833664
657.1428571428571,40.0,50.0,Ag/MOF,72.83317
657.7694235588972,40.0,50.0,Ag/MOF,72.832664
658.3959899749374,40.0,50.0,Ag/MOF,72.83217
659.0225563909775,40.0,50.0,Ag/MOF,72.83168
659.6491228070175,40.0,50.0,Ag/MOF,72.83118
660.2756892230576,40.0,50.0,Ag/MOF,72.83068
660.9022556390977,40.0,50.0,Ag/MOF,72.83019
661.5288220551379,40.0,50.0,Ag/MOF,72.8297
662.155388471178,40.0,50.0,Ag/MOF,72.8292
662.781954887218,40.0,50.0,Ag/MOF,72.828705
663.4085213032581,40.0,50.0,Ag/MOF,72.8282
664.0350877192982,40.0,50.0,Ag/MOF,72.82771
664.6616541353384,40.0,50.0,Ag/MOF,72.82721
665.2882205513785,40.0,50.0,Ag/MOF,72.826706
665.9147869674185,40.0,50.0,Ag/MOF,72.82623
666.5413533834586,40.0,50.0,Ag/MOF,72.82572
667.1679197994987,40.0,50.0,Ag/MOF,72.825226
667.7944862155389,40.0,50.0,Ag/MOF,72.82473
668.421052631579,40.0,50.0,Ag/MOF,72.824234
669.047619047619,40.0,50.0,Ag/MOF,72.82373
669.6741854636591,40.0,50.0,Ag/MOF,72.823235
670.3007518796992,40.0,50.0,Ag/MOF,72.82274
670.9273182957394,40.0,50.0,Ag/MOF,72.82225
671.5538847117795,40.0,50.0,Ag/MOF,72.82174
672.1804511278195,40.0,50.0,Ag/MOF,72.82126
672.8070175438596,40.0,50.0,Ag/MOF,72.820755
673.4335839598998,40.0,50.0,Ag/MOF,72.82026
674.0601503759399,40.0,50.0,Ag/MOF,72.81977
674.68671679198,40.0,50.0,Ag/MOF,72.819275
675.31328320802,40.0,50.0,Ag/MOF,72.81877
675.9398496240601,40.0,50.0,Ag/MOF,72.81828
676.5664160401002,40.0,50.0,Ag/MOF,72.81778
677.1929824561404,40.0,50.0,Ag/MOF,72.81729
677.8195488721805,40.0,50.0,Ag/MOF,72.816795
678.4461152882205,40.0,50.0,Ag/MOF,72.8163
679.0726817042606,40.0,50.0,Ag/MOF,72.8158
679.6992481203008,40.0,50.0,Ag/MOF,72.81531
680.3258145363409,40.0,50.0,Ag/MOF,72.814804
680.952380952381,40.0,50.0,Ag/MOF,72.814316
681.578947368421,40.0,50.0,Ag/MOF,72.81381
682.2055137844611,40.0,50.0,Ag/MOF,72.813324
682.8320802005012,40.0,50.0,Ag/MOF,72.81282
683.4586466165414,40.0,50.0,Ag/MOF,72.81233
684.0852130325815,40.0,50.0,Ag/MOF,72.81183
684.7117794486215,40.0,50.0,Ag/MOF,72.811325
685.3383458646616,40.0,50.0,Ag/MOF,72.81084
685.9649122807018,40.0,50.0,Ag/MOF,72.81033
686.5914786967419,40.0,50.0,Ag/MOF,72.81116
687.218045112782,40.0,50.0,Ag/MOF,72.81296
687.844611528822,40.0,50.0,Ag/MOF,72.814766
688.4711779448621,40.0,50.0,Ag/MOF,72.816574
689.0977443609022,40.0,50.0,Ag/MOF,72.818375
689.7243107769424,40.0,50.0,Ag/MOF,72.82018
690.3508771929825,40.0,50.0,Ag/MOF,72.822
690.9774436090225,40.0,50.0,Ag/MOF,72.8238
691.6040100250626,40.0,50.0,Ag/MOF,72.82561
692.2305764411028,40.0,50.0,Ag/MOF,72.82741
692.8571428571429,40.0,50.0,Ag/MOF,72.829216
693.483709273183,40.0,50.0,Ag/MOF,72.83133
694.110275689223,40.0,50.0,Ag/MOF,72.83487
694.7368421052631,40.0,50.0,Ag/MOF,72.83842
695.3634085213032,40.0,50.0,Ag/MOF,72.84195
695.9899749373434,40.0,50.0,Ag/MOF,72.8455
696.6165413533835,40.0,50.0,Ag/MOF,72.849045
697.2431077694235,40.0,50.0,Ag/MOF,72.85258
697.8696741854636,40.0,50.0,Ag/MOF,72.85612
698.4962406015038,40.0,50.0,Ag/MOF,72.85966
699.1228070175439,40.0,50.0,Ag/MOF,72.863205
699.749373433584,40.0,50.0,Ag/MOF,72.866745
700.375939849624,40.0,50.0,Ag/MOF,72.870285
701.0025062656641,40.0,50.0,Ag/MOF,72.873825
701.6290726817042,40.0,50.0,Ag/MOF,72.877365
702.2556390977444,40.0,50.0,Ag/MOF,72.880905
702.8822055137845,40.0,50.0,Ag/MOF,72.884445
703.5087719298245,40.0,50.0,Ag/MOF,72.887985
704.1353383458646,40.0,50.0,Ag/MOF,72.89153
704.7619047619048,40.0,50.0,Ag/MOF,72.89508
705.3884711779449,40.0,50.0,Ag/MOF,72.89861
706.015037593985,40.0,50.0,Ag/MOF,72.90216
706.641604010025,40.0,50.0,Ag/MOF,72.9057
707.2681704260651,40.0,50.0,Ag/MOF,72.90924
707.8947368421052,40.0,50.0,Ag/MOF,72.91278
708.5213032581454,40.0,50.0,Ag/MOF,72.91632
709.1478696741855,40.0,50.0,Ag/MOF,72.91986
709.7744360902255,40.0,50.0,Ag/MOF,72.9234
710.4010025062656,40.0,50.0,Ag/MOF,72.92694
711.0275689223058,40.0,50.0,Ag/MOF,72.93049
711.6541353383459,40.0,50.0,Ag/MOF,72.93402
712.280701754386,40.0,50.0,Ag/MOF,72.93758
712.907268170426,40.0,50.0,Ag/MOF,72.94111
713.5338345864661,40.0,50.0,Ag/MOF,72.94466
714.1604010025062,40.0,50.0,Ag/MOF,72.9482
714.7869674185464,40.0,50.0,Ag/MOF,72.95174
715.4135338345865,40.0,50.0,Ag/MOF,72.95528
716.0401002506266,40.0,50.0,Ag/MOF,72.95882
716.6666666666666,40.0,50.0,Ag/MOF,72.96236
717.2932330827068,40.0,50.0,Ag/MOF,72.9659
717.9197994987469,40.0,50.0,Ag/MOF,72.96881
718.546365914787,40.0,50.0,Ag/MOF,72.97153
719.172932330827,40.0,50.0,Ag/MOF,72.974236
719.7994987468671,40.0,50.0,Ag/MOF,72.976944
720.4260651629072,40.0,50.0,Ag/MOF,72.97966
721.0526315789474,40.0,50.0,Ag/MOF,72.98236
721.6791979949875,40.0,50.0,Ag/MOF,72.98508
722.3057644110276,40.0,50.0,Ag/MOF,72.98779
722.9323308270676,40.0,50.0,Ag/MOF,72.99049
723.5588972431078,40.0,50.0,Ag/MOF,72.99321
724.1854636591479,40.0,50.0,Ag/MOF,72.995926
724.812030075188,40.0,50.0,Ag/MOF,72.998634
725.438596491228,40.0,50.0,Ag/MOF,73.00134
726.0651629072681,40.0,50.0,Ag/MOF,73.001976
726.6917293233082,40.0,50.0,Ag/MOF,73.00248
727.3182957393484,40.0,50.0,Ag/MOF,73.00304
727.9448621553885,40.0,50.0,Ag/MOF,73.0039
728.5714285714286,40.0,50.0,Ag/MOF,73.004776
729.1979949874686,40.0,50.0,Ag/MOF,73.00564
729.8245614035088,40.0,50.0,Ag/MOF,73.0065
730.4511278195489,40.0,50.0,Ag/MOF,73.007355
731.077694235589,40.0,50.0,Ag/MOF,73.008224
731.704260651629,40.0,50.0,Ag/MOF,73.00909
732.3308270676691,40.0,50.0,Ag/MOF,73.009964
732.9573934837092,40.0,50.0,Ag/MOF,73.010826
733.5839598997494,40.0,50.0,Ag/MOF,73.01169
734.2105263157895,40.0,50.0,Ag/MOF,73.01256
734.8370927318296,40.0,50.0,Ag/MOF,73.01341
735.4636591478696,40.0,50.0,Ag/MOF,73.01428
736.0902255639098,40.0,50.0,Ag/MOF,73.01515
736.7167919799499,40.0,50.0,Ag/MOF,73.01602
737.34335839599,40.0,50.0,Ag/MOF,73.016884
737.9699248120301,40.0,50.0,Ag/MOF,73.017746
738.5964912280701,40.0,50.0,Ag/MOF,73.018616
739.2230576441102,40.0,50.0,Ag/MOF,73.01948
739.8496240601504,40.0,50.0,Ag/MOF,73.02034
740.4761904761905,40.0,50.0,Ag/MOF,73.02121
741.1027568922306,40.0,50.0,Ag/MOF,73.02207
741.7293233082706,40.0,50.0,Ag/MOF,73.022934
742.3558897243108,40.0,50.0,Ag/MOF,73.0238
742.9824561403509,40.0,50.0,Ag/MOF,73.02467
743.609022556391,40.0,50.0,Ag/MOF,73.02553
744.2355889724311,40.0,50.0,Ag/MOF,73.02639
744.8621553884711,40.0,50.0,Ag/MOF,73.02727
745.4887218045112,40.0,50.0,Ag/MOF,73.02813
746.1152882205514,40.0,50.0,Ag/MOF,73.02899
746.7418546365915,40.0,50.0,Ag/MOF,73.02986
747.3684210526316,40.0,50.0,Ag/MOF,73.03073
747.9949874686716,40.0,50.0,Ag/MOF,73.03159
748.6215538847118,40.0,50.0,Ag/MOF,73.03245
749.2481203007519,40.0,50.0,Ag/MOF,73.033325
749.874686716792,40.0,50.0,Ag/MOF,73.03419
750.5012531328321,40.0,50.0,Ag/MOF,73.03505
751.1278195488721,40.0,50.0,Ag/MOF,73.03592
751.7543859649122,40.0,50.0,Ag/MOF,73.03677
752.3809523809524,40.0,50.0,Ag/MOF,73.037636
753.0075187969925,40.0,50.0,Ag/MOF,73.03851
753.6340852130326,40.0,50.0,Ag/MOF,73.03938
754.2606516290726,40.0,50.0,Ag/MOF,73.04024
754.8872180451128,40.0,50.0,Ag/MOF,73.04111
755.5137844611529,40.0,50.0,Ag/MOF,73.04197
756.140350877193,40.0,50.0,Ag/MOF,73.04283
756.7669172932331,40.0,50.0,Ag/MOF,73.04369
757.3934837092731,40.0,50.0,Ag/MOF,73.04456
758.0200501253132,40.0,50.0,Ag/MOF,73.04543
758.6466165413534,40.0,50.0,Ag/MOF,73.046295
759.2731829573935,40.0,50.0,Ag/MOF,73.047165
759.8997493734336,40.0,50.0,Ag/MOF,73.048035
760.5263157894736,40.0,50.0,Ag/MOF,73.04889
761.1528822055138,40.0,50.0,Ag/MOF,73.04975
761.7794486215539,40.0,50.0,Ag/MOF,73.05062
762.406015037594,40.0,50.0,Ag/MOF,73.05148
763.0325814536341,40.0,50.0,Ag/MOF,73.05235
763.6591478696741,40.0,50.0,Ag/MOF,73.053215
764.2857142857142,40.0,50.0,Ag/MOF,73.054085
764.9122807017544,40.0,50.0,Ag/MOF,73.05495
765.5388471177945,40.0,50.0,Ag/MOF,73.05581
766.1654135338346,40.0,50.0,Ag/MOF,73.05669
766.7919799498746,40.0,50.0,Ag/MOF,73.05754
767.4185463659148,40.0,50.0,Ag/MOF,73.05841
768.0451127819549,40.0,50.0,Ag/MOF,73.05927
768.671679197995,40.0,50.0,Ag/MOF,73.06014
769.2982456140351,40.0,50.0,Ag/MOF,73.061005
769.9248120300751,40.0,50.0,Ag/MOF,73.061874
770.5513784461152,40.0,50.0,Ag/MOF,73.06273
771.1779448621554,40.0,50.0,Ag/MOF,73.06359
771.8045112781955,40.0,50.0,Ag/MOF,73.06447
772.4310776942356,40.0,50.0,Ag/MOF,73.06532
773.0576441102756,40.0,50.0,Ag/MOF,73.0662
773.6842105263158,40.0,50.0,Ag/MOF,73.06706
774.3107769423559,40.0,50.0,Ag/MOF,73.067924
774.937343358396,40.0,50.0,Ag/MOF,73.06879
775.5639097744361,40.0,50.0,Ag/MOF,73.06966
776.1904761904761,40.0,50.0,Ag/MOF,73.07052
776.8170426065162,40.0,50.0,Ag/MOF,73.07138
777.4436090225564,40.0,50.0,Ag/MOF,73.07225
778.0701754385965,40.0,50.0,Ag/MOF,73.07312
778.6967418546366,40.0,50.0,Ag/MOF,73.07398
779.3233082706766,40.0,50.0,Ag/MOF,73.074844
779.9498746867168,40.0,50.0,Ag/MOF,73.075714
780.5764411027569,40.0,50.0,Ag/MOF,73.07629
781.203007518797,40.0,50.0,Ag/MOF,73.0754
781.8295739348371,40.0,50.0,Ag/MOF,73.07449
782.4561403508771,40.0,50.0,Ag/MOF,73.07341
783.0827067669172,40.0,50.0,Ag/MOF,73.072266
783.7092731829574,40.0,50.0,Ag/MOF,73.07111
784.3358395989975,40.0,50.0,Ag/MOF,73.06996
784.9624060150376,40.0,50.0,Ag/MOF,73.06882
785.5889724310777,40.0,50.0,Ag/MOF,73.06767
786.2155388471178,40.0,50.0,Ag/MOF,73.06653
786.8421052631579,40.0,50.0,Ag/MOF,73.06538
787.468671679198,40.0,50.0,Ag/MOF,73.06424
788.0952380952381,40.0,50.0,Ag/MOF,73.06309
788.7218045112782,40.0,50.0,Ag/MOF,73.06193
789.3483709273182,40.0,50.0,Ag/MOF,73.0608
789.9749373433584,40.0,50.0,Ag/MOF,73.05965
790.6015037593985,40.0,50.0,Ag/MOF,73.0585
791.2280701754386,40.0,50.0,Ag/MOF,73.05736
791.8546365914787,40.0,50.0,Ag/MOF,73.05621
792.4812030075188,40.0,50.0,Ag/MOF,73.05507
793.1077694235589,40.0,50.0,Ag/MOF,73.05423
793.734335839599,40.0,50.0,Ag/MOF,73.05553
794.3609022556391,40.0,50.0,Ag/MOF,73.056816
794.9874686716792,40.0,50.0,Ag/MOF,73.058105
795.6140350877192,40.0,50.0,Ag/MOF,73.05939
796.2406015037594,40.0,50.0,Ag/MOF,73.06157
796.8671679197995,40.0,50.0,Ag/MOF,73.065186
797.4937343358396,40.0,50.0,Ag/MOF,73.0688
798.1203007518797,40.0,50.0,Ag/MOF,73.07242
798.7468671679198,40.0,50.0,Ag/MOF,73.076035
799.3734335839599,40.0,50.0,Ag/MOF,73.07965
800.0,40.0,50.0,Ag/MOF,73.083275
550.0,50.0,50.0,Ag/MOF,77.128105
550.6265664160401,50.0,50.0,Ag/MOF,77.1239
551.2531328320802,50.0,50.0,Ag/MOF,77.11969
551.8796992481203,50.0,50.0,Ag/MOF,77.11548
552.5062656641604,50.0,50.0,Ag/MOF,77.111275
553.1328320802005,50.0,50.0,Ag/MOF,77.107056
553.7593984962406,50.0,50.0,Ag/MOF,77.10285
554.3859649122807,50.0,50.0,Ag/MOF,77.09865
555.0125313283208,50.0,50.0,Ag/MOF,77.09443
555.6390977443609,50.0,50.0,Ag/MOF,77.09022
556.265664160401,50.0,50.0,Ag/MOF,77.086
556.8922305764411,50.0,50.0,Ag/MOF,77.0818
557.5187969924812,50.0,50.0,Ag/MOF,77.07759
558.1453634085213,50.0,50.0,Ag/MOF,77.07339
558.7719298245614,50.0,50.0,Ag/MOF,77.06917
559.3984962406015,50.0,50.0,Ag/MOF,77.064964
560.0250626566416,50.0,50.0,Ag/MOF,77.06076
560.6516290726817,50.0,50.0,Ag/MOF,77.05654
561.2781954887218,50.0,50.0,Ag/MOF,77.05234
561.9047619047619,50.0,50.0,Ag/MOF,77.04813
562.531328320802,50.0,50.0,Ag/MOF,77.043915
563.1578947368421,50.0,50.0,Ag/MOF,77.04076
563.7844611528822,50.0,50.0,Ag/MOF,77.03809
564.4110275689223,50.0,50.0,Ag/MOF,77.03544
565.0375939849624,50.0,50.0,Ag/MOF,77.032776
565.6641604010025,50.0,50.0,Ag/MOF,77.03011
566.2907268170426,50.0,50.0,Ag/MOF,77.02745
566.9172932330827,50.0,50.0,Ag/MOF,77.024796
567.5438596491229,50.0,50.0,Ag/MOF,77.02214
568.1704260651629,50.0,50.0,Ag/MOF,77.01948
568.796992481203,50.0,50.0,Ag/MOF,77.01681
569.4235588972431,50.0,50.0,Ag/MOF,77.01416
570.0501253132832,50.0,50.0,Ag/MOF,77.01149
570.6766917293234,50.0,50.0,Ag/MOF,77.008835
571.3032581453634,50.0,50.0,Ag/MOF,77.00617
571.9298245614035,50.0,50.0,Ag/MOF,77.00351
572.5563909774436,50.0,50.0,Ag/MOF,77.000854
573.1829573934837,50.0,50.0,Ag/MOF,76.99819
573.8095238095239,50.0,50.0,Ag/MOF,76.99553
574.4360902255639,50.0,50.0,Ag/MOF,76.992874
575.062656641604,50.0,50.0,Ag/MOF,76.99021
575.6892230576441,50.0,50.0,Ag/MOF,76.98755
576.3157894736842,50.0,50.0,Ag/MOF,76.98489
576.9423558897244,50.0,50.0,Ag/MOF,76.98222
577.5689223057644,50.0,50.0,Ag/MOF,76.97957
578.1954887218045,50.0,50.0,Ag/MOF,76.976906
578.8220551378446,50.0,50.0,Ag/MOF,76.97425
579.4486215538847,50.0,50.0,Ag/MOF,76.97159
580.0751879699249,50.0,50.0,Ag/MOF,76.96893
580.7017543859649,50.0,50.0,Ag/MOF,76.96627
581.328320802005,50.0,50.0,Ag/MOF,76.96361
581.9548872180451,50.0,50.0,Ag/MOF,76.96095
582.5814536340852,50.0,50.0,Ag/MOF,76.95829
583.2080200501254,50.0,50.0,Ag/MOF,76.95563
583.8345864661654,50.0,50.0,Ag/MOF,76.95297
584.4611528822055,50.0,50.0,Ag/MOF,76.9503
585.0877192982456,50.0,50.0,Ag/MOF,76.94765
585.7142857142857,50.0,50.0,Ag/MOF,76.944984
586.3408521303259,50.0,50.0,Ag/MOF,76.94232
586.9674185463659,50.0,50.0,Ag/MOF,76.941
587.593984962406,50.0,50.0,Ag/MOF,76.94182
588.2205513784461,50.0,50.0,Ag/MOF,76.94262
588.8471177944862,50.0,50.0,Ag/MOF,76.943436
589.4736842105264,50.0,50.0,Ag/MOF,76.944244
590.1002506265664,50.0,50.0,Ag/MOF,76.94505
590.7268170426065,50.0,50.0,Ag/MOF,76.94586
591.3533834586466,50.0,50.0,Ag/MOF,76.94667
591.9799498746867,50.0,50.0,Ag/MOF,76.94749
592.6065162907269,50.0,50.0,Ag/MOF,76.94829
593.2330827067669,50.0,50.0,Ag/MOF,76.948425
593.859649122807,50.0,50.0,Ag/MOF,76.94803
594.4862155388471,50.0,50.0,Ag/MOF,76.947624
595.1127819548872,50.0,50.0,Ag/MOF,76.947235
595.7393483709274,50.0,50.0,Ag/MOF,76.94683
596.3659147869674,50.0,50.0,Ag/MOF,76.947044
596.9924812030075,50.0,50.0,Ag/MOF,76.94738
597.6190476190476,50.0,50.0,Ag/MOF,76.94771
598.2456140350877,50.0,50.0,Ag/MOF,76.94805
598.8721804511279,50.0,50.0,Ag/MOF,76.94838
599.4987468671679,50.0,50.0,Ag/MOF,76.94872
600.125313283208,50.0,50.0,Ag/MOF,76.94906
600.7518796992481,50.0,50.0,Ag/MOF,76.94939
601.3784461152882,50.0,50.0,Ag/MOF,76.94972
602.0050125313284,50.0,50.0,Ag/MOF,76.950066
602.6315789473684,50.0,50.0,Ag/MOF,76.95039
603.2581453634085,50.0,50.0,Ag/MOF,76.95074
603.8847117794486,50.0,50.0,Ag/MOF,76.951065
604.5112781954887,50.0,50.0,Ag/MOF,76.9514
605.1378446115289,50.0,50.0,Ag/MOF,76.95174
605.7644110275689,50.0,50.0,Ag/MOF,76.95207
606.390977443609,50.0,50.0,Ag/MOF,76.95241
607.0175438596491,50.0,50.0,Ag/MOF,76.95275
607.6441102756892,50.0,50.0,Ag/MOF,76.95309
608.2706766917294,50.0,50.0,Ag/MOF,76.953415
608.8972431077694,50.0,50.0,Ag/MOF,76.95375
609.5238095238095,50.0,50.0,Ag/MOF,76.95409
610.1503759398496,50.0,50.0,Ag/MOF,76.95442
610.7769423558897,50.0,50.0,Ag/MOF,76.95476
611.4035087719299,50.0,50.0,Ag/MOF,76.955086
612.0300751879699,50.0,50.0,Ag/MOF,76.95572
612.65664160401,50.0,50.0,Ag/MOF,76.95837
613.2832080200501,50.0,50.0,Ag/MOF,76.961
613.9097744360902,50.0,50.0,Ag/MOF,76.96364
614.5363408521304,50.0,50.0,Ag/MOF,76.96628
615.1629072681704,50.0,50.0,Ag/MOF,76.96892
615.7894736842105,50.0,50.0,Ag/MOF,76.97156
616.4160401002506,50.0,50.0,Ag/MOF,76.97419
617.0426065162907,50.0,50.0,Ag/MOF,76.97683
617.6691729323309,50.0,50.0,Ag/MOF,76.97947
618.295739348371,50.0,50.0,Ag/MOF,76.98211
618.922305764411,50.0,50.0,Ag/MOF,76.98475
619.5488721804511,50.0,50.0,Ag/MOF,76.98738
620.1754385964912,50.0,50.0,Ag/MOF,76.99002
620.8020050125314,50.0,50.0,Ag/MOF,76.99265
621.4285714285714,50.0,50.0,Ag/MOF,76.9953
622.0551378446115,50.0,50.0,Ag/MOF,76.99794
622.6817042606516,50.0,50.0,Ag/MOF,77.00058
623.3082706766917,50.0,50.0,Ag/MOF,77.00321
623.9348370927319,50.0,50.0,Ag/MOF,77.005844
624.561403508772,50.0,50.0,Ag/MOF,77.008484
625.187969924812,50.0,50.0,Ag/MOF,77.01112
625.8145363408521,50.0,50.0,Ag/MOF,77.01376
626.4411027568922,50.0,50.0,Ag/MOF,77.0164
627.0676691729324,50.0,50.0,Ag/MOF,77.019035
627.6942355889724,50.0,50.0,Ag/MOF,77.021675
628.3208020050125,50.0,50.0,Ag/MOF,77.02431
628.9473684210526,50.0,50.0,Ag/MOF,77.02695
629.5739348370927,50.0,50.0,Ag/MOF,77.02959
630.2005012531329,50.0,50.0,Ag/MOF,77.032234
630.827067669173,50.0,50.0,Ag/MOF,77.03487
631.453634085213,50.0,50.0,Ag/MOF,77.037506
632.0802005012531,50.0,50.0,Ag/MOF,77.040146
632.7067669172932,50.0,50.0,Ag/MOF,77.042786
633.3333333333334,50.0,50.0,Ag/MOF,77.04542
633.9598997493734,50.0,50.0,Ag/MOF,77.04805
634.5864661654135,50.0,50.0,Ag/MOF,77.05069
635.2130325814536,50.0,50.0,Ag/MOF,77.05333
635.8395989974937,50.0,50.0,Ag/MOF,77.05597
636.4661654135339,50.0,50.0,Ag/MOF,77.05861
637.092731829574,50.0,50.0,Ag/MOF,77.06125
637.719298245614,50.0,50.0,Ag/MOF,77.06389
638.3458646616541,50.0,50.0,Ag/MOF,77.06653
638.9724310776942,50.0,50.0,Ag/MOF,77.06917
639.5989974937344,50.0,50.0,Ag/MOF,77.07181
640.2255639097745,50.0,50.0,Ag/MOF,77.07444
640.8521303258145,50.0,50.0,Ag/MOF,77.07709
641.4786967418546,50.0,50.0,Ag/MOF,77.07971
642.1052631578947,50.0,50.0,Ag/MOF,77.08236
642.7318295739349,50.0,50.0,Ag/MOF,77.08499
643.358395989975,50.0,50.0,Ag/MOF,77.08763
643.984962406015,50.0,50.0,Ag/MOF,77.09027
644.6115288220551,50.0,50.0,Ag/MOF,77.09291
645.2380952380952,50.0,50.0,Ag/MOF,77.09555
645.8646616541354,50.0,50.0,Ag/MOF,77.09818
646.4912280701755,50.0,50.0,Ag/MOF,77.10082
647.1177944862155,50.0,50.0,Ag/MOF,77.10346
647.7443609022556,50.0,50.0,Ag/MOF,77.10611
648.3709273182957,50.0,50.0,Ag/MOF,77.108734
648.9974937343359,50.0,50.0,Ag/MOF,77.111374
649.624060150376,50.0,50.0,Ag/MOF,77.11401
650.250626566416,50.0,50.0,Ag/MOF,77.11665
650.8771929824561,50.0,50.0,Ag/MOF,77.11929
651.5037593984962,50.0,50.0,Ag/MOF,77.12193
652.1303258145364,50.0,50.0,Ag/MOF,77.12457
652.7568922305765,50.0,50.0,Ag/MOF,77.127205
653.3834586466165,50.0,50.0,Ag/MOF,77.129845
654.0100250626566,50.0,50.0,Ag/MOF,77.132484
654.6365914786967,50.0,50.0,Ag/MOF,77.13512
655.2631578947369,50.0,50.0,Ag/MOF,77.13776
655.889724310777,50.0,50.0,Ag/MOF,77.140396
656.516290726817,50.0,50.0,Ag/MOF,77.143036
657.1428571428571,50.0,50.0,Ag/MOF,77.145676
657.7694235588972,50.0,50.0,Ag/MOF,77.14831
658.3959899749374,50.0,50.0,Ag/MOF,77.150955
659.0225563909775,50.0,50.0,Ag/MOF,77.1532
659.6491228070175,50.0,50.0,Ag/MOF,77.15501
660.2756892230576,50.0,50.0,Ag/MOF,77.15681
660.9022556390977,50.0,50.0,Ag/MOF,77.158615
661.5288220551379,50.0,50.0,Ag/MOF,77.16042
662.155388471178,50.0,50.0,Ag/MOF,77.16224
662.781954887218,50.0,50.0,Ag/MOF,77.16405
663.4085213032581,50.0,50.0,Ag/MOF,77.16561
664.0350877192982,50.0,50.0,Ag/MOF,77.166695
664.6616541353384,50.0,50.0,Ag/MOF,77.167786
665.2882205513785,50.0,50.0,Ag/MOF,77.16888
665.9147869674185,50.0,50.0,Ag/MOF,77.16997
666.5413533834586,50.0,50.0,Ag/MOF,77.17106
667.1679197994987,50.0,50.0,Ag/MOF,77.172134
667.7944862155389,50.0,50.0,Ag/MOF,77.17323
668.421052631579,50.0,50.0,Ag/MOF,77.17432
669.047619047619,50.0,50.0,Ag/MOF,77.17541
669.6741854636591,50.0,50.0,Ag/MOF,77.17649
670.3007518796992,50.0,50.0,Ag/MOF,77.17759
670.9273182957394,50.0,50.0,Ag/MOF,77.178665
671.5538847117795,50.0,50.0,Ag/MOF,77.179756
672.1804511278195,50.0,50.0,Ag/MOF,77.18085
672.8070175438596,50.0,50.0,Ag/MOF,77.18193
673.4335839598998,50.0,50.0,Ag/MOF,77.183014
674.0601503759399,50.0,50.0,Ag/MOF,77.184105
674.68671679198,50.0,50.0,Ag/MOF,77.185196
675.31328320802,50.0,50.0,Ag/MOF,77.186295
675.9398496240601,50.0,50.0,Ag/MOF,77.18737
676.5664160401002,50.0,50.0,Ag/MOF,77.18846
677.1929824561404,50.0,50.0,Ag/MOF,77.18956
677.8195488721805,50.0,50.0,Ag/MOF,77.190636
678.4461152882205,50.0,50.0,Ag/MOF,77.19172
679.0726817042606,50.0,50.0,Ag/MOF,77.19281
679.6992481203008,50.0,50.0,Ag/MOF,77.1939
680.3258145363409,50.0,50.0,Ag/MOF,77.19498
680.952380952381,50.0,50.0,Ag/MOF,77.196075
681.578947368421,50.0,50.0,Ag/MOF,77.19716
682.2055137844611,50.0,50.0,Ag/MOF,77.19815
682.8320802005012,50.0,50.0,Ag/MOF,77.199036
683.4586466165414,50.0,50.0,Ag/MOF,77.199905
684.0852130325815,50.0,50.0,Ag/MOF,77.20078
684.7117794486215,50.0,50.0,Ag/MOF,77.20166
685.3383458646616,50.0,50.0,Ag/MOF,77.20254
685.9649122807018,50.0,50.0,Ag/MOF,77.20342
686.5914786967419,50.0,50.0,Ag/MOF,77.2043
687.218045112782,50.0,50.0,Ag/MOF,77.205185
687.844611528822,50.0,50.0,Ag/MOF,77.206055
688.4711779448621,50.0,50.0,Ag/MOF,77.20694
689.0977443609022,50.0,50.0,Ag/MOF,77.207275
689.7243107769424,50.0,50.0,Ag/MOF,77.20595
690.3508771929825,50.0,50.0,Ag/MOF,77.20462
690.9774436090225,50.0,50.0,Ag/MOF,77.20329
691.6040100250626,50.0,50.0,Ag/MOF,77.201965
692.2305764411028,50.0,50.0,Ag/MOF,77.20063
692.8571428571429,50.0,50.0,Ag/MOF,77.199295
693.483709273183,50.0,50.0,Ag/MOF,77.19797
694.110275689223,50.0,50.0,Ag/MOF,77.19664
694.7368421052631,50.0,50.0,Ag/MOF,77.195305
695.3634085213032,50.0,50.0,Ag/MOF,77.193985
695.9899749373434,50.0,50.0,Ag/MOF,77.19264
696.6165413533835,50.0,50.0,Ag/MOF,77.19132
697.2431077694235,50.0,50.0,Ag/MOF,77.18999
697.8696741854636,50.0,50.0,Ag/MOF,77.18866
698.4962406015038,50.0,50.0,Ag/MOF,77.187325
699.1228070175439,50.0,50.0,Ag/MOF,77.186
699.749373433584,50.0,50.0,Ag/MOF,77.18466
700.375939849624,50.0,50.0,Ag/MOF,77.18334
701.0025062656641,50.0,50.0,Ag/MOF,77.18201
701.6290726817042,50.0,50.0,Ag/MOF,77.18067
702.2556390977444,50.0,50.0,Ag/MOF,77.17935
702.8822055137845,50.0,50.0,Ag/MOF,77.17802
703.5087719298245,50.0,50.0,Ag/MOF,77.1767
704.1353383458646,50.0,50.0,Ag/MOF,77.17537
704.7619047619048,50.0,50.0,Ag/MOF,77.17404
705.3884711779449,50.0,50.0,Ag/MOF,77.1727
706.015037593985,50.0,50.0,Ag/MOF,77.17137
706.641604010025,50.0,50.0,Ag/MOF,77.170044
707.2681704260651,50.0,50.0,Ag/MOF,77.16872
707.8947368421052,50.0,50.0,Ag/MOF,77.16878
708.5213032581454,50.0,50.0,Ag/MOF,77.16905
709.1478696741855,50.0,50.0,Ag/MOF,77.16921
709.7744360902255,50.0,50.0,Ag/MOF,77.16937
710.4010025062656,50.0,50.0,Ag/MOF,77.16954
711.0275689223058,50.0,50.0,Ag/MOF,77.169685
711.6541353383459,50.0,50.0,Ag/MOF,77.169846
712.280701754386,50.0,50.0,Ag/MOF,77.170006
712.907268170426,50.0,50.0,Ag/MOF,77.170166
713.5338345864661,50.0,50.0,Ag/MOF,77.17032
714.1604010025062,50.0,50.0,Ag/MOF,77.17048
714.7869674185464,50.0,50.0,Ag/MOF,77.17065
715.4135338345865,50.0,50.0,Ag/MOF,77.17081
716.0401002506266,50.0,50.0,Ag/MOF,77.17096
716.6666666666666,50.0,50.0,Ag/MOF,77.17112
717.2932330827068,50.0,50.0,Ag/MOF,77.17127
717.9197994987469,50.0,50.0,Ag/MOF,77.17143
718.546365914787,50.0,50.0,Ag/MOF,77.1716
719.172932330827,50.0,50.0,Ag/MOF,77.17175
719.7994987468671,50.0,50.0,Ag/MOF,77.17191
720.4260651629072,50.0,50.0,Ag/MOF,77.17207
721.0526315789474,50.0,50.0,Ag/MOF,77.172226
721.6791979949875,50.0,50.0,Ag/MOF,77.17238
722.3057644110276,50.0,50.0,Ag/MOF,77.17255
722.9323308270676,50.0,50.0,Ag/MOF,77.17271
723.5588972431078,50.0,50.0,Ag/MOF,77.17286
724.1854636591479,50.0,50.0,Ag/MOF,77.17302
724.812030075188,50.0,50.0,Ag/MOF,77.17318
725.438596491228,50.0,50.0,Ag/MOF,77.17333
726.0651629072681,50.0,50.0,Ag/MOF,77.1735
726.6917293233082,50.0,50.0,Ag/MOF,77.17365
727.3182957393484,50.0,50.0,Ag/MOF,77.17381
727.9448621553885,50.0,50.0,Ag/MOF,77.17397
728.5714285714286,50.0,50.0,Ag/MOF,77.174126
729.1979949874686,50.0,50.0,Ag/MOF,77.17429
729.8245614035088,50.0,50.0,Ag/MOF,77.17445
730.4511278195489,50.0,50.0,Ag/MOF,77.17461
731.077694235589,50.0,50.0,Ag/MOF,77.17476
731.704260651629,50.0,50.0,Ag/MOF,77.17493
732.3308270676691,50.0,50.0,Ag/MOF,77.17508
732.9573934837092,50.0,50.0,Ag/MOF,77.17524
733.5839598997494,50.0,50.0,Ag/MOF,77.1754
734.2105263157895,50.0,50.0,Ag/MOF,77.17555
734.8370927318296,50.0,50.0,Ag/MOF,77.17573
735.4636591478696,50.0,50.0,Ag/MOF,77.17587
736.0902255639098,50.0,50.0,Ag/MOF,77.17603
736.7167919799499,50.0,50.0,Ag/MOF,77.17619
737.34335839599,50.0,50.0,Ag/MOF,77.176346
737.9699248120301,50.0,50.0,Ag/MOF,77.17651
738.5964912280701,50.0,50.0,Ag/MOF,77.17667
739.2230576441102,50.0,50.0,Ag/MOF,77.17683
739.8496240601504,50.0,50.0,Ag/MOF,77.176994
740.4761904761905,50.0,50.0,Ag/MOF,77.17715
741.1027568922306,50.0,50.0,Ag/MOF,77.17731
741.7293233082706,50.0,50.0,Ag/MOF,77.17746
742.3558897243108,50.0,50.0,Ag/MOF,77.17762
742.9824561403509,50.0,50.0,Ag/MOF,77.17778
743.609022556391,50.0,50.0,Ag/MOF,77.17793
744.2355889724311,50.0,50.0,Ag/MOF,77.17809
744.8621553884711,50.0,50.0,Ag/MOF,77.17826
745.4887218045112,50.0,50.0,Ag/MOF,77.17842
746.1152882205514,50.0,50.0,Ag/MOF,77.17857
746.7418546365915,50.0,50.0,Ag/MOF,77.17873
747.3684210526316,50.0,50.0,Ag/MOF,77.178894
747.9949874686716,50.0,50.0,Ag/MOF,77.17905
748.6215538847118,50.0,50.0,Ag/MOF,77.1792
749.2481203007519,50.0,50.0,Ag/MOF,77.17936
749.874686716792,50.0,50.0,Ag/MOF,77.17953
750.5012531328321,50.0,50.0,Ag/MOF,77.17969
751.1278195488721,50.0,50.0,Ag/MOF,77.17984
751.7543859649122,50.0,50.0,Ag/MOF,77.180824
752.3809523809524,50.0,50.0,Ag/MOF,77.18331
753.0075187969925,50.0,50.0,Ag/MOF,77.18579
753.6340852130326,50.0,50.0,Ag/MOF,77.18828
754.2606516290726,50.0,50.0,Ag/MOF,77.190765
754.8872180451128,50.0,50.0,Ag/MOF,77.19325
755.5137844611529,50.0,50.0,Ag/MOF,77.19574
756.140350877193,50.0,50.0,Ag/MOF,77.19822
756.7669172932331,50.0,50.0,Ag/MOF,77.20071
757.3934837092731,50.0,50.0,Ag/MOF,77.203186
758.0200501253132,50.0,50.0,Ag/MOF,77.20567
758.6466165413534,50.0,50.0,Ag/MOF,77.20815
759.2731829573935,50.0,50.0,Ag/MOF,77.21065
759.8997493734336,50.0,50.0,Ag/MOF,77.21313
760.5263157894736,50.0,50.0,Ag/MOF,77.21561
761.1528822055138,50.0,50.0,Ag/MOF,77.218094
761.7794486215539,50.0,50.0,Ag/MOF,77.22058
762.406015037594,50.0,50.0,Ag/MOF,77.22307
763.0325814536341,50.0,50.0,Ag/MOF,77.225555
763.6591478696741,50.0,50.0,Ag/MOF,77.22804
764.2857142857142,50.0,50.0,Ag/MOF,77.23053
764.9122807017544,50.0,50.0,Ag/MOF,77.23301
765.5388471177945,50.0,50.0,Ag/MOF,77.23549
766.1654135338346,50.0,50.0,Ag/MOF,77.237976
766.7919799498746,50.0,50.0,Ag/MOF,77.24045
767.4185463659148,50.0,50.0,Ag/MOF,77.24294
768.0451127819549,50.0,50.0,Ag/MOF,77.24542
768.671679197995,50.0,50.0,Ag/MOF,77.24792
769.2982456140351,50.0,50.0,Ag/MOF,77.2504
769.9248120300751,50.0,50.0,Ag/MOF,77.252884
770.5513784461152,50.0,50.0,Ag/MOF,77.25537
771.1779448621554,50.0,50.0,Ag/MOF,77.25785
771.8045112781955,50.0,50.0,Ag/MOF,77.26034
772.4310776942356,50.0,50.0,Ag/MOF,77.262825
773.0576441102756,50.0,50.0,Ag/MOF,77.26531
773.6842105263158,50.0,50.0,Ag/MOF,77.267784
774.3107769423559,50.0,50.0,Ag/MOF,77.27028
774.937343358396,50.0,50.0,Ag/MOF,77.272766
775.5639097744361,50.0,50.0,Ag/MOF,77.27525
776.1904761904761,50.0,50.0,Ag/MOF,77.277725
776.8170426065162,50.0,50.0,Ag/MOF,77.28021
777.4436090225564,50.0,50.0,Ag/MOF,77.2827
778.0701754385965,50.0,50.0,Ag/MOF,77.28519
778.6967418546366,50.0,50.0,Ag/MOF,77.287674
779.3233082706766,50.0,50.0,Ag/MOF,77.29015
779.9498746867168,50.0,50.0,Ag/MOF,77.29265
780.5764411027569,50.0,50.0,Ag/MOF,77.29513
781.203007518797,50.0,50.0,Ag/MOF,77.297615
781.8295739348371,50.0,50.0,Ag/MOF,77.30009
782.4561403508771,50.0,50.0,Ag/MOF,77.30258
783.0827067669172,50.0,50.0,Ag/MOF,77.30506
783.7092731829574,50.0,50.0,Ag/MOF,77.307556
784.3358395989975,50.0,50.0,Ag/MOF,77.31003
784.9624060150376,50.0,50.0,Ag/MOF,77.312515
785.5889724310777,50.0,50.0,Ag/MOF,77.315
786.2155388471178,50.0,50.0,Ag/MOF,77.31749
786.8421052631579,50.0,50.0,Ag/MOF,77.31998
787.468671679198,50.0,50.0,Ag/MOF,77.32246
788.0952380952381,50.0,50.0,Ag/MOF,77.32495
788.7218045112782,50.0,50.0,Ag/MOF,77.32742
789.3483709273182,50.0,50.0,Ag/MOF,77.32991
789.9749373433584,50.0,50.0,Ag/MOF,77.3324
790.6015037593985,50.0,50.0,Ag/MOF,77.334885
791.2280701754386,50.0,50.0,Ag/MOF,77.337364
791.8546365914787,50.0,50.0,Ag/MOF,77.33984
792.4812030075188,50.0,50.0,Ag/MOF,77.34233
793.1077694235589,50.0,50.0,Ag/MOF,77.34482
793.734335839599,50.0,50.0,Ag/MOF,77.347305
794.3609022556391,50.0,50.0,Ag/MOF,77.349785
794.9874686716792,50.0,50.0,Ag/MOF,77.352264
795.6140350877192,50.0,50.0,Ag/MOF,77.35475
796.2406015037594,50.0,50.0,Ag/MOF,77.357254
796.8671679197995,50.0,50.0,Ag/MOF,77.359726
797.4937343358396,50.0,50.0,Ag/MOF,77.36221
798.1203007518797,50.0,50.0,Ag/MOF,77.3647
798.7468671679198,50.0,50.0,Ag/MOF,77.36718
799.3734335839599,50.0,50.0,Ag/MOF,77.36967
800.0,50.0,50.0,Ag/MOF,77.37215
550.0,60.0,50.0,Ag/MOF,78.959656
550.6265664160401,60.0,50.0,Ag/MOF,78.95462
551.2531328320802,60.0,50.0,Ag/MOF,78.949585
551.8796992481203,60.0,50.0,Ag/MOF,78.94455
552.5062656641604,60.0,50.0,Ag/MOF,78.939514
553.1328320802005,60.0,50.0,Ag/MOF,78.93448
553.7593984962406,60.0,50.0,Ag/MOF,78.930084
554.3859649122807,60.0,50.0,Ag/MOF,78.92625
555.0125313283208,60.0,50.0,Ag/MOF,78.92242
555.6390977443609,60.0,50.0,Ag/MOF,78.918564
556.265664160401,60.0,50.0,Ag/MOF,78.914734
556.8922305764411,60.0,50.0,Ag/MOF,78.91127
557.5187969924812,60.0,50.0,Ag/MOF,78.90947
558.1453634085213,60.0,50.0,Ag/MOF,78.90767
558.7719298245614,60.0,50.0,Ag/MOF,78.90588
559.3984962406015,60.0,50.0,Ag/MOF,78.90409
560.0250626566416,60.0,50.0,Ag/MOF,78.9023
560.6516290726817,60.0,50.0,Ag/MOF,78.90051
561.2781954887218,60.0,50.0,Ag/MOF,78.89871
561.9047619047619,60.0,50.0,Ag/MOF,78.89691
562.531328320802,60.0,50.0,Ag/MOF,78.89513
563.1578947368421,60.0,50.0,Ag/MOF,78.893326
563.7844611528822,60.0,50.0,Ag/MOF,78.89154
564.4110275689223,60.0,50.0,Ag/MOF,78.88974
565.0375939849624,60.0,50.0,Ag/MOF,78.88795
565.6641604010025,60.0,50.0,Ag/MOF,78.886154
566.2907268170426,60.0,50.0,Ag/MOF,78.88435
566.9172932330827,60.0,50.0,Ag/MOF,78.88256
567.5438596491229,60.0,50.0,Ag/MOF,78.88079
568.1704260651629,60.0,50.0,Ag/MOF,78.87905
568.796992481203,60.0,50.0,Ag/MOF,78.8773
569.4235588972431,60.0,50.0,Ag/MOF,78.875565
570.0501253132832,60.0,50.0,Ag/MOF,78.873825
570.6766917293234,60.0,50.0,Ag/MOF,78.87207
571.3032581453634,60.0,50.0,Ag/MOF,78.87032
571.9298245614035,60.0,50.0,Ag/MOF,78.86855
572.5563909774436,60.0,50.0,Ag/MOF,78.86671
573.1829573934837,60.0,50.0,Ag/MOF,78.864876
573.8095238095239,60.0,50.0,Ag/MOF,78.86304
574.4360902255639,60.0,50.0,Ag/MOF,78.861206
575.062656641604,60.0,50.0,Ag/MOF,78.85937
575.6892230576441,60.0,50.0,Ag/MOF,78.85753
576.3157894736842,60.0,50.0,Ag/MOF,78.855705
576.9423558897244,60.0,50.0,Ag/MOF,78.85387
577.5689223057644,60.0,50.0,Ag/MOF,78.852036
578.1954887218045,60.0,50.0,Ag/MOF,78.8502
578.8220551378446,60.0,50.0,Ag/MOF,78.84836
579.4486215538847,60.0,50.0,Ag/MOF,78.84653
580.0751879699249,60.0,50.0,Ag/MOF,78.84469
580.7017543859649,60.0,50.0,Ag/MOF,78.84285
581.328320802005,60.0,50.0,Ag/MOF,78.84102
581.9548872180451,60.0,50.0,Ag/MOF,78.83919
582.5814536340852,60.0,50.0,Ag/MOF,78.83735
583.2080200501254,60.0,50.0,Ag/MOF,78.835526
583.8345864661654,60.0,50.0,Ag/MOF,78.83368
584.4611528822055,60.0,50.0,Ag/MOF,78.83185
585.0877192982456,60.0,50.0,Ag/MOF,78.83001
585.7142857142857,60.0,50.0,Ag/MOF,78.82818
586.3408521303259,60.0,50.0,Ag/MOF,78.82634
586.9674185463659,60.0,50.0,Ag/MOF,78.8245
587.593984962406,60.0,50.0,Ag/MOF,78.82266
588.2205513784461,60.0,50.0,Ag/MOF,78.82083
588.8471177944862,60.0,50.0,Ag/MOF,78.819
589.4736842105264,60.0,50.0,Ag/MOF,78.817154
590.1002506265664,60.0,50.0,Ag/MOF,78.81532
590.7268170426065,60.0,50.0,Ag/MOF,78.81349
591.3533834586466,60.0,50.0,Ag/MOF,78.81166
591.9799498746867,60.0,50.0,Ag/MOF,78.80982
592.6065162907269,60.0,50.0,Ag/MOF,78.80799
593.2330827067669,60.0,50.0,Ag/MOF,78.80615
593.859649122807,60.0,50.0,Ag/MOF,78.80431
594.4862155388471,60.0,50.0,Ag/MOF,78.80248
595.1127819548872,60.0,50.0,Ag/MOF,78.800644
595.7393483709274,60.0,50.0,Ag/MOF,78.799194
596.3659147869674,60.0,50.0,Ag/MOF,78.79891
596.9924812030075,60.0,50.0,Ag/MOF,78.79863
597.6190476190476,60.0,50.0,Ag/MOF,78.79834
598.2456140350877,60.0,50.0,Ag/MOF,78.798065
598.8721804511279,60.0,50.0,Ag/MOF,78.798355
599.4987468671679,60.0,50.0,Ag/MOF,78.79924
600.125313283208,60.0,50.0,Ag/MOF,78.79997
600.7518796992481,60.0,50.0,Ag/MOF,78.80003
601.3784461152882,60.0,50.0,Ag/MOF,78.80148
602.0050125313284,60.0,50.0,Ag/MOF,78.80501
602.6315789473684,60.0,50.0,Ag/MOF,78.80854
603.2581453634085,60.0,50.0,Ag/MOF,78.81207
603.8847117794486,60.0,50.0,Ag/MOF,78.8156
604.5112781954887,60.0,50.0,Ag/MOF,78.81913
605.1378446115289,60.0,50.0,Ag/MOF,78.82173
605.7644110275689,60.0,50.0,Ag/MOF,78.82401
606.390977443609,60.0,50.0,Ag/MOF,78.8263
607.0175438596491,60.0,50.0,Ag/MOF,78.82858
607.6441102756892,60.0,50.0,Ag/MOF,78.830864
608.2706766917294,60.0,50.0,Ag/MOF,78.833145
608.8972431077694,60.0,50.0,Ag/MOF,78.83542
609.5238095238095,60.0,50.0,Ag/MOF,78.83771
610.1503759398496,60.0,50.0,Ag/MOF,78.83999
610.7769423558897,60.0,50.0,Ag/MOF,78.84227
611.4035087719299,60.0,50.0,Ag/MOF,78.84456
612.0300751879699,60.0,50.0,Ag/MOF,78.84684
612.65664160401,60.0,50.0,Ag/MOF,78.84912
613.2832080200501,60.0,50.0,Ag/MOF,78.8514
613.9097744360902,60.0,50.0,Ag/MOF,78.85368
614.5363408521304,60.0,50.0,Ag/MOF,78.85597
615.1629072681704,60.0,50.0,Ag/MOF,78.858246
615.7894736842105,60.0,50.0,Ag/MOF,78.860535
616.4160401002506,60.0,50.0,Ag/MOF,78.86281
617.0426065162907,60.0,50.0,Ag/MOF,78.8651
617.6691729323309,60.0,50.0,Ag/MOF,78.867386
618.295739348371,60.0,50.0,Ag/MOF,78.86966
618.922305764411,60.0,50.0,Ag/MOF,78.87195
619.5488721804511,60.0,50.0,Ag/MOF,78.87422
620.1754385964912,60.0,50.0,Ag/MOF,78.87651
620.8020050125314,60.0,50.0,Ag/MOF,78.87879
621.4285714285714,60.0,50.0,Ag/MOF,78.88108
622.0551378446115,60.0,50.0,Ag/MOF,78.88336
622.6817042606516,60.0,50.0,Ag/MOF,78.885635
623.3082706766917,60.0,50.0,Ag/MOF,78.88792
623.9348370927319,60.0,50.0,Ag/MOF,78.890205
624.561403508772,60.0,50.0,Ag/MOF,78.89249
625.187969924812,60.0,50.0,Ag/MOF,78.894775
625.8145363408521,60.0,50.0,Ag/MOF,78.89705
626.4411027568922,60.0,50.0,Ag/MOF,78.89934
627.0676691729324,60.0,50.0,Ag/MOF,78.90162
627.6942355889724,60.0,50.0,Ag/MOF,78.90389
628.3208020050125,60.0,50.0,Ag/MOF,78.90617
628.9473684210526,60.0,50.0,Ag/MOF,78.90846
629.5739348370927,60.0,50.0,Ag/MOF,78.91074
630.2005012531329,60.0,50.0,Ag/MOF,78.913025
630.827067669173,60.0,50.0,Ag/MOF,78.915306
631.453634085213,60.0,50.0,Ag/MOF,78.917595
632.0802005012531,60.0,50.0,Ag/MOF,78.919876
632.7067669172932,60.0,50.0,Ag/MOF,78.92216
633.3333333333334,60.0,50.0,Ag/MOF,78.924446
633.9598997493734,60.0,50.0,Ag/MOF,78.92672
634.5864661654135,60.0,50.0,Ag/MOF,78.92894
635.2130325814536,60.0,50.0,Ag/MOF,78.93097
635.8395989974937,60.0,50.0,Ag/MOF,78.933014
636.4661654135339,60.0,50.0,Ag/MOF,78.93504
637.092731829574,60.0,50.0,Ag/MOF,78.93708
637.719298245614,60.0,50.0,Ag/MOF,78.93912
638.3458646616541,60.0,50.0,Ag/MOF,78.941154
638.9724310776942,60.0,50.0,Ag/MOF,78.94319
639.5989974937344,60.0,50.0,Ag/MOF,78.94524
640.2255639097745,60.0,50.0,Ag/MOF,78.947266
640.8521303258145,60.0,50.0,Ag/MOF,78.94931
641.4786967418546,60.0,50.0,Ag/MOF,78.95134
642.1052631578947,60.0,50.0,Ag/MOF,78.953384
642.7318295739349,60.0,50.0,Ag/MOF,78.955414
643.358395989975,60.0,50.0,Ag/MOF,78.95744
643.984962406015,60.0,50.0,Ag/MOF,78.95949
644.6115288220551,60.0,50.0,Ag/MOF,78.96152
645.2380952380952,60.0,50.0,Ag/MOF,78.96355
645.8646616541354,60.0,50.0,Ag/MOF,78.9656
646.4912280701755,60.0,50.0,Ag/MOF,78.96762
647.1177944862155,60.0,50.0,Ag/MOF,78.969666
647.7443609022556,60.0,50.0,Ag/MOF,78.9717
648.3709273182957,60.0,50.0,Ag/MOF,78.97374
648.9974937343359,60.0,50.0,Ag/MOF,78.97577
649.624060150376,60.0,50.0,Ag/MOF,78.977806
650.250626566416,60.0,50.0,Ag/MOF,78.97985
650.8771929824561,60.0,50.0,Ag/MOF,78.98189
651.5037593984962,60.0,50.0,Ag/MOF,78.98391
652.1303258145364,60.0,50.0,Ag/MOF,78.98596
652.7568922305765,60.0,50.0,Ag/MOF,78.9868
653.3834586466165,60.0,50.0,Ag/MOF,78.98663
654.0100250626566,60.0,50.0,Ag/MOF,78.986465
654.6365914786967,60.0,50.0,Ag/MOF,78.98629
655.2631578947369,60.0,50.0,Ag/MOF,78.986115
655.889724310777,60.0,50.0,Ag/MOF,78.985954
656.516290726817,60.0,50.0,Ag/MOF,78.98577
657.1428571428571,60.0,50.0,Ag/MOF,78.98561
657.7694235588972,60.0,50.0,Ag/MOF,78.98543
658.3959899749374,60.0,50.0,Ag/MOF,78.98526
659.0225563909775,60.0,50.0,Ag/MOF,78.985085
659.6491228070175,60.0,50.0,Ag/MOF,78.984924
660.2756892230576,60.0,50.0,Ag/MOF,78.98475
660.9022556390977,60.0,50.0,Ag/MOF,78.98457
661.5288220551379,60.0,50.0,Ag/MOF,78.984406
662.155388471178,60.0,50.0,Ag/MOF,78.98423
662.781954887218,60.0,50.0,Ag/MOF,78.984055
663.4085213032581,60.0,50.0,Ag/MOF,78.983894
664.0350877192982,60.0,50.0,Ag/MOF,78.98372
664.6616541353384,60.0,50.0,Ag/MOF,78.983536
665.2882205513785,60.0,50.0,Ag/MOF,78.983376
665.9147869674185,60.0,50.0,Ag/MOF,78.9832
666.5413533834586,60.0,50.0,Ag/MOF,78.98304
667.1679197994987,60.0,50.0,Ag/MOF,78.982864
667.7944862155389,60.0,50.0,Ag/MOF,78.98269
668.421052631579,60.0,50.0,Ag/MOF,78.98252
669.047619047619,60.0,50.0,Ag/MOF,78.982346
669.6741854636591,60.0,50.0,Ag/MOF,78.981186
670.3007518796992,60.0,50.0,Ag/MOF,78.97981
670.9273182957394,60.0,50.0,Ag/MOF,78.97843
671.5538847117795,60.0,50.0,Ag/MOF,78.97706
672.1804511278195,60.0,50.0,Ag/MOF,78.97568
672.8070175438596,60.0,50.0,Ag/MOF,78.9743
673.4335839598998,60.0,50.0,Ag/MOF,78.972916
674.0601503759399,60.0,50.0,Ag/MOF,78.971535
674.68671679198,60.0,50.0,Ag/MOF,78.97015
675.31328320802,60.0,50.0,Ag/MOF,78.96877
675.9398496240601,60.0,50.0,Ag/MOF,78.96739
676.5664160401002,60.0,50.0,Ag/MOF,78.96602
677.1929824561404,60.0,50.0,Ag/MOF,78.96464
677.8195488721805,60.0,50.0,Ag/MOF,78.96326
678.4461152882205,60.0,50.0,Ag/MOF,78.96188
679.0726817042606,60.0,50.0,Ag/MOF,78.9605
679.6992481203008,60.0,50.0,Ag/MOF,78.95912
680.3258145363409,60.0,50.0,Ag/MOF,78.95773
680.952380952381,60.0,50.0,Ag/MOF,78.95636
681.578947368421,60.0,50.0,Ag/MOF,78.95499
682.2055137844611,60.0,50.0,Ag/MOF,78.9536
682.8320802005012,60.0,50.0,Ag/MOF,78.95222
683.4586466165414,60.0,50.0,Ag/MOF,78.95084
684.0852130325815,60.0,50.0,Ag/MOF,78.94946
684.7117794486215,60.0,50.0,Ag/MOF,78.94808
685.3383458646616,60.0,50.0,Ag/MOF,78.9467
685.9649122807018,60.0,50.0,Ag/MOF,78.94531
686.5914786967419,60.0,50.0,Ag/MOF,78.94394
687.218045112782,60.0,50.0,Ag/MOF,78.942566
687.844611528822,60.0,50.0,Ag/MOF,78.941185
688.4711779448621,60.0,50.0,Ag/MOF,78.939804
689.0977443609022,60.0,50.0,Ag/MOF,78.93843
689.7243107769424,60.0,50.0,Ag/MOF,78.93704
690.3508771929825,60.0,50.0,Ag/MOF,78.93567
690.9774436090225,60.0,50.0,Ag/MOF,78.93429
691.6040100250626,60.0,50.0,Ag/MOF,78.9329
692.2305764411028,60.0,50.0,Ag/MOF,78.931526
692.8571428571429,60.0,50.0,Ag/MOF,78.930145
693.483709273183,60.0,50.0,Ag/MOF,78.92877
694.110275689223,60.0,50.0,Ag/MOF,78.9274
694.7368421052631,60.0,50.0,Ag/MOF,78.92601
695.3634085213032,60.0,50.0,Ag/MOF,78.92462
695.9899749373434,60.0,50.0,Ag/MOF,78.92325
696.6165413533835,60.0,50.0,Ag/MOF,78.92186
697.2431077694235,60.0,50.0,Ag/MOF,78.92049
697.8696741854636,60.0,50.0,Ag/MOF,78.919106
698.4962406015038,60.0,50.0,Ag/MOF,78.91773
699.1228070175439,60.0,50.0,Ag/MOF,78.91635
699.749373433584,60.0,50.0,Ag/MOF,78.91497
700.375939849624,60.0,50.0,Ag/MOF,78.91359
701.0025062656641,60.0,50.0,Ag/MOF,78.91221
701.6290726817042,60.0,50.0,Ag/MOF,78.91083
702.2556390977444,60.0,50.0,Ag/MOF,78.909454
702.8822055137845,60.0,50.0,Ag/MOF,78.90807
703.5087719298245,60.0,50.0,Ag/MOF,78.90663
704.1353383458646,60.0,50.0,Ag/MOF,78.90453
704.7619047619048,60.0,50.0,Ag/MOF,78.902435
705.3884711779449,60.0,50.0,Ag/MOF,78.90033
706.015037593985,60.0,50.0,Ag/MOF,78.89824
706.641604010025,60.0,50.0,Ag/MOF,78.89613
707.2681704260651,60.0,50.0,Ag/MOF,78.89479
707.8947368421052,60.0,50.0,Ag/MOF,78.89502
708.5213032581454,60.0,50.0,Ag/MOF,78.89525
709.1478696741855,60.0,50.0,Ag/MOF,78.89548
709.7744360902255,60.0,50.0,Ag/MOF,78.89569
710.4010025062656,60.0,50.0,Ag/MOF,78.89592
711.0275689223058,60.0,50.0,Ag/MOF,78.89615
711.6541353383459,60.0,50.0,Ag/MOF,78.89638
712.280701754386,60.0,50.0,Ag/MOF,78.89661
712.907268170426,60.0,50.0,Ag/MOF,78.89683
713.5338345864661,60.0,50.0,Ag/MOF,78.89706
714.1604010025062,60.0,50.0,Ag/MOF,78.89729
714.7869674185464,60.0,50.0,Ag/MOF,78.897514
715.4135338345865,60.0,50.0,Ag/MOF,78.89773
716.0401002506266,60.0,50.0,Ag/MOF,78.897964
716.6666666666666,60.0,50.0,Ag/MOF,78.898186
717.2932330827068,60.0,50.0,Ag/MOF,78.898415
717.9197994987469,60.0,50.0,Ag/MOF,78.89864
718.546365914787,60.0,50.0,Ag/MOF,78.89887
719.172932330827,60.0,50.0,Ag/MOF,78.8991
719.7994987468671,60.0,50.0,Ag/MOF,78.899315
720.4260651629072,60.0,50.0,Ag/MOF,78.89954
721.0526315789474,60.0,50.0,Ag/MOF,78.89977
721.6791979949875,60.0,50.0,Ag/MOF,78.90075
722.3057644110276,60.0,50.0,Ag/MOF,78.90271
722.9323308270676,60.0,50.0,Ag/MOF,78.90466
723.5588972431078,60.0,50.0,Ag/MOF,78.906624
724.1854636591479,60.0,50.0,Ag/MOF,78.90906
724.812030075188,60.0,50.0,Ag/MOF,78.91176
725.438596491228,60.0,50.0,Ag/MOF,78.91445
726.0651629072681,60.0,50.0,Ag/MOF,78.91715
726.6917293233082,60.0,50.0,Ag/MOF,78.91984
727.3182957393484,60.0,50.0,Ag/MOF,78.92253
727.9448621553885,60.0,50.0,Ag/MOF,78.925224
728.5714285714286,60.0,50.0,Ag/MOF,78.927925
729.1979949874686,60.0,50.0,Ag/MOF,78.93062
729.8245614035088,60.0,50.0,Ag/MOF,78.93332
730.4511278195489,60.0,50.0,Ag/MOF,78.93601
731.077694235589,60.0,50.0,Ag/MOF,78.938705
731.704260651629,60.0,50.0,Ag/MOF,78.9414
732.3308270676691,60.0,50.0,Ag/MOF,78.94409
732.9573934837092,60.0,50.0,Ag/MOF,78.946785
733.5839598997494,60.0,50.0,Ag/MOF,78.94927
734.2105263157895,60.0,50.0,Ag/MOF,78.95176
734.8370927318296,60.0,50.0,Ag/MOF,78.95424
735.4636591478696,60.0,50.0,Ag/MOF,78.956726
736.0902255639098,60.0,50.0,Ag/MOF,78.95921
736.7167919799499,60.0,50.0,Ag/MOF,78.9617
737.34335839599,60.0,50.0,Ag/MOF,78.96419
737.9699248120301,60.0,50.0,Ag/MOF,78.96666
738.5964912280701,60.0,50.0,Ag/MOF,78.969154
739.2230576441102,60.0,50.0,Ag/MOF,78.97164
739.8496240601504,60.0,50.0,Ag/MOF,78.97411
740.4761904761905,60.0,50.0,Ag/MOF,78.9766
741.1027568922306,60.0,50.0,Ag/MOF,78.97909
741.7293233082706,60.0,50.0,Ag/MOF,78.98157
742.3558897243108,60.0,50.0,Ag/MOF,78.98406
742.9824561403509,60.0,50.0,Ag/MOF,78.98654
743.609022556391,60.0,50.0,Ag/MOF,78.98903
744.2355889724311,60.0,50.0,Ag/MOF,78.991516
744.8621553884711,60.0,50.0,Ag/MOF,78.994
745.4887218045112,60.0,50.0,Ag/MOF,78.99648
746.1152882205514,60.0,50.0,Ag/MOF,78.99897
746.7418546365915,60.0,50.0,Ag/MOF,79.00145
747.3684210526316,60.0,50.0,Ag/MOF,79.00394
747.9949874686716,60.0,50.0,Ag/MOF,79.006424
748.6215538847118,60.0,50.0,Ag/MOF,79.00891
749.2481203007519,60.0,50.0,Ag/MOF,79.01139
749.874686716792,60.0,50.0,Ag/MOF,79.01388
750.5012531328321,60.0,50.0,Ag/MOF,79.01636
751.1278195488721,60.0,50.0,Ag/MOF,79.018845
751.7543859649122,60.0,50.0,Ag/MOF,79.021324
752.3809523809524,60.0,50.0,Ag/MOF,79.02382
753.0075187969925,60.0,50.0,Ag/MOF,79.026306
753.6340852130326,60.0,50.0,Ag/MOF,79.02878
754.2606516290726,60.0,50.0,Ag/MOF,79.03127
754.8872180451128,60.0,50.0,Ag/MOF,79.03375
755.5137844611529,60.0,50.0,Ag/MOF,79.03624
756.140350877193,60.0,50.0,Ag/MOF,79.03873
756.7669172932331,60.0,50.0,Ag/MOF,79.04122
757.3934837092731,60.0,50.0,Ag/MOF,79.043686
758.0200501253132,60.0,50.0,Ag/MOF,79.04618
758.6466165413534,60.0,50.0,Ag/MOF,79.04866
759.2731829573935,60.0,50.0,Ag/MOF,79.05115
759.8997493734336,60.0,50.0,Ag/MOF,79.053635
760.5263157894736,60.0,50.0,Ag/MOF,79.05612
761.1528822055138,60.0,50.0,Ag/MOF,79.05859
761.7794486215539,60.0,50.0,Ag/MOF,79.06109
762.406015037594,60.0,50.0,Ag/MOF,79.06358
763.0325814536341,60.0,50.0,Ag/MOF,79.066055
763.6591478696741,60.0,50.0,Ag/MOF,79.06854
764.2857142857142,60.0,50.0,Ag/MOF,79.07103
764.9122807017544,60.0,50.0,Ag/MOF,79.07351
765.5388471177945,60.0,50.0,Ag/MOF,79.07599
766.1654135338346,60.0,50.0,Ag/MOF,79.07848
766.7919799498746,60.0,50.0,Ag/MOF,79.08098
767.4185463659148,60.0,50.0,Ag/MOF,79.08345
768.0451127819549,60.0,50.0,Ag/MOF,79.08594
768.671679197995,60.0,50.0,Ag/MOF,79.088425
769.2982456140351,60.0,50.0,Ag/MOF,79.09091
769.9248120300751,60.0,50.0,Ag/MOF,79.09338
770.5513784461152,60.0,50.0,Ag/MOF,79.09588
771.1779448621554,60.0,50.0,Ag/MOF,79.09836
771.8045112781955,60.0,50.0,Ag/MOF,79.100845
772.4310776942356,60.0,50.0,Ag/MOF,79.10333
773.0576441102756,60.0,50.0,Ag/MOF,79.10581
773.6842105263158,60.0,50.0,Ag/MOF,79.1083
774.3107769423559,60.0,50.0,Ag/MOF,79.11079
774.937343358396,60.0,50.0,Ag/MOF,79.113266
775.5639097744361,60.0,50.0,Ag/MOF,79.11734
776.1904761904761,60.0,50.0,Ag/MOF,79.12153
776.8170426065162,60.0,50.0,Ag/MOF,79.12572
777.4436090225564,60.0,50.0,Ag/MOF,79.129906
778.0701754385965,60.0,50.0,Ag/MOF,79.13409
778.6967418546366,60.0,50.0,Ag/MOF,79.138275
779.3233082706766,60.0,50.0,Ag/MOF,79.14246
779.9498746867168,60.0,50.0,Ag/MOF,79.14665
780.5764411027569,60.0,50.0,Ag/MOF,79.15083
781.203007518797,60.0,50.0,Ag/MOF,79.15503
781.8295739348371,60.0,50.0,Ag/MOF,79.15921
782.4561403508771,60.0,50.0,Ag/MOF,79.16341
783.0827067669172,60.0,50.0,Ag/MOF,79.1676
783.7092731829574,60.0,50.0,Ag/MOF,79.17178
784.3358395989975,60.0,50.0,Ag/MOF,79.17597
784.9624060150376,60.0,50.0,Ag/MOF,79.18016
785.5889724310777,60.0,50.0,Ag/MOF,79.18263
786.2155388471178,60.0,50.0,Ag/MOF,79.18257
786.8421052631579,60.0,50.0,Ag/MOF,79.182495
787.468671679198,60.0,50.0,Ag/MOF,79.182434
788.0952380952381,60.0,50.0,Ag/MOF,79.18236
788.7218045112782,60.0,50.0,Ag/MOF,79.18228
789.3483709273182,60.0,50.0,Ag/MOF,79.18221
789.9749373433584,60.0,50.0,Ag/MOF,79.18217
790.6015037593985,60.0,50.0,Ag/MOF,79.18208
791.2280701754386,60.0,50.0,Ag/MOF,79.18202
791.8546365914787,60.0,50.0,Ag/MOF,79.181946
792.4812030075188,60.0,50.0,Ag/MOF,79.18188
793.1077694235589,60.0,50.0,Ag/MOF,79.18181
793.734335839599,60.0,50.0,Ag/MOF,79.18175
794.3609022556391,60.0,50.0,Ag/MOF,79.18167
794.9874686716792,60.0,50.0,Ag/MOF,79.18161
795.6140350877192,60.0,50.0,Ag/MOF,79.18153
796.2406015037594,60.0,50.0,Ag/MOF,79.18147
796.8671679197995,60.0,50.0,Ag/MOF,79.181404
797.4937343358396,60.0,50.0,Ag/MOF,79.18133
798.1203007518797,60.0,50.0,Ag/MOF,79.181274
798.7468671679198,60.0,50.0,Ag/MOF,79.1812
799.3734335839599,60.0,50.0,Ag/MOF,79.18114
800.0,60.0,50.0,Ag/MOF,79.181046
550.0,80.0,50.0,Ag/MOF,80.0
550.6265664160401,80.0,50.0,Ag/MOF,80.0
551.2531328320802,80.0,50.0,Ag/MOF,80.0
551.8796992481203,80.0,50.0,Ag/MOF,80.0
552.5062656641604,80.0,50.0,Ag/MOF,80.0
553.1328320802005,80.0,50.0,Ag/MOF,80.0
553.7593984962406,80.0,50.0,Ag/MOF,80.0
554.3859649122807,80.0,50.0,Ag/MOF,80.0
555.0125313283208,80.0,50.0,Ag/MOF,80.0
555.6390977443609,80.0,50.0,Ag/MOF,80.0
556.265664160401,80.0,50.0,Ag/MOF,80.0
556.8922305764411,80.0,50.0,Ag/MOF,80.0
557.5187969924812,80.0,50.0,Ag/MOF,80.0
558.1453634085213,80.0,50.0,Ag/MOF,80.0
558.7719298245614,80.0,50.0,Ag/MOF,80.0
559.3984962406015,80.0,50.0,Ag/MOF,80.0
560.0250626566416,80.0,50.0,Ag/MOF,80.0
560.6516290726817,80.0,50.0,Ag/MOF,80.0
561.2781954887218,80.0,50.0,Ag/MOF,80.0
561.9047619047619,80.0,50.0,Ag/MOF,80.0
562.531328320802,80.0,50.0,Ag/MOF,80.0
563.1578947368421,80.0,50.0,Ag/MOF,80.0
563.7844611528822,80.0,50.0,Ag/MOF,80.0
564.4110275689223,80.0,50.0,Ag/MOF,80.0
565.0375939849624,80.0,50.0,Ag/MOF,80.0
565.6641604010025,80.0,50.0,Ag/MOF,80.0
566.2907268170426,80.0,50.0,Ag/MOF,80.0
566.9172932330827,80.0,50.0,Ag/MOF,80.0
567.5438596491229,80.0,50.0,Ag/MOF,80.0
568.1704260651629,80.0,50.0,Ag/MOF,80.0
568.796992481203,80.0,50.0,Ag/MOF,80.0
569.4235588972431,80.0,50.0,Ag/MOF,80.0
570.0501253132832,80.0,50.0,Ag/MOF,80.0
570.6766917293234,80.0,50.0,Ag/MOF,80.0
571.3032581453634,80.0,50.0,Ag/MOF,80.0
571.9298245614035,80.0,50.0,Ag/MOF,80.0
572.5563909774436,80.0,50.0,Ag/MOF,80.0
573.1829573934837,80.0,50.0,Ag/MOF,80.0
573.8095238095239,80.0,50.0,Ag/MOF,80.0
574.4360902255639,80.0,50.0,Ag/MOF,80.0
575.062656641604,80.0,50.0,Ag/MOF,80.0
575.6892230576441,80.0,50.0,Ag/MOF,80.0
576.3157894736842,80.0,50.0,Ag/MOF,80.0
576.9423558897244,80.0,50.0,Ag/MOF,80.0
577.5689223057644,80.0,50.0,Ag/MOF,80.0
578.1954887218045,80.0,50.0,Ag/MOF,80.0
578.8220551378446,80.0,50.0,Ag/MOF,80.0
579.4486215538847,80.0,50.0,Ag/MOF,80.0
580.0751879699249,80.0,50.0,Ag/MOF,80.0
580.7017543859649,80.0,50.0,Ag/MOF,80.0
581.328320802005,80.0,50.0,Ag/MOF,80.0
581.9548872180451,80.0,50.0,Ag/MOF,80.0
582.5814536340852,80.0,50.0,Ag/MOF,80.0
583.2080200501254,80.0,50.0,Ag/MOF,80.0
583.8345864661654,80.0,50.0,Ag/MOF,80.0
584.4611528822055,80.0,50.0,Ag/MOF,80.0
585.0877192982456,80.0,50.0,Ag/MOF,80.0
585.7142857142857,80.0,50.0,Ag/MOF,80.0
586.3408521303259,80.0,50.0,Ag/MOF,80.0
586.9674185463659,80.0,50.0,Ag/MOF,80.0
587.593984962406,80.0,50.0,Ag/MOF,80.0
588.2205513784461,80.0,50.0,Ag/MOF,80.0
588.8471177944862,80.0,50.0,Ag/MOF,80.0
589.4736842105264,80.0,50.0,Ag/MOF,80.0
590.1002506265664,80.0,50.0,Ag/MOF,80.0
590.7268170426065,80.0,50.0,Ag/MOF,80.0
591.3533834586466,80.0,50.0,Ag/MOF,80.0
591.9799498746867,80.0,50.0,Ag/MOF,80.0
592.6065162907269,80.0,50.0,Ag/MOF,80.0
593.2330827067669,80.0,50.0,Ag/MOF,80.0
593.859649122807,80.0,50.0,Ag/MOF,80.0
594.4862155388471,80.0,50.0,Ag/MOF,80.0
595.1127819548872,80.0,50.0,Ag/MOF,80.0
595.7393483709274,80.0,50.0,Ag/MOF,80.0
596.3659147869674,80.0,50.0,Ag/MOF,80.0
596.9924812030075,80.0,50.0,Ag/MOF,80.0
597.6190476190476,80.0,50.0,Ag/MOF,80.0
598.2456140350877,80.0,50.0,Ag/MOF,80.0
598.8721804511279,80.0,50.0,Ag/MOF,80.0
599.4987468671679,80.0,50.0,Ag/MOF,80.0
600.125313283208,80.0,50.0,Ag/MOF,80.0
600.7518796992481,80.0,50.0,Ag/MOF,80.0
601.3784461152882,80.0,50.0,Ag/MOF,80.0
602.0050125313284,80.0,50.0,Ag/MOF,80.0
602.6315789473684,80.0,50.0,Ag/MOF,80.0
603.2581453634085,80.0,50.0,Ag/MOF,80.0
603.8847117794486,80.0,50.0,Ag/MOF,80.0
604.5112781954887,80.0,50.0,Ag/MOF,80.0
605.1378446115289,80.0,50.0,Ag/MOF,80.0
605.7644110275689,80.0,50.0,Ag/MOF,80.0
606.390977443609,80.0,50.0,Ag/MOF,80.0
607.0175438596491,80.0,50.0,Ag/MOF,80.0
607.6441102756892,80.0,50.0,Ag/MOF,80.0
608.2706766917294,80.0,50.0,Ag/MOF,80.0
608.8972431077694,80.0,50.0,Ag/MOF,80.0
609.5238095238095,80.0,50.0,Ag/MOF,80.0
610.1503759398496,80.0,50.0,Ag/MOF,80.0
610.7769423558897,80.0,50.0,Ag/MOF,80.0
611.4035087719299,80.0,50.0,Ag/MOF,80.0
612.0300751879699,80.0,50.0,Ag/MOF,80.0
612.65664160401,80.0,50.0,Ag/MOF,80.0
613.2832080200501,80.0,50.0,Ag/MOF,80.0
613.9097744360902,80.0,50.0,Ag/MOF,80.0
614.5363408521304,80.0,50.0,Ag/MOF,80.0
615.1629072681704,80.0,50.0,Ag/MOF,80.0
615.7894736842105,80.0,50.0,Ag/MOF,80.0
616.4160401002506,80.0,50.0,Ag/MOF,80.0
617.0426065162907,80.0,50.0,Ag/MOF,80.0
617.6691729323309,80.0,50.0,Ag/MOF,80.0
618.295739348371,80.0,50.0,Ag/MOF,80.0
618.922305764411,80.0,50.0,Ag/MOF,80.0
619.5488721804511,80.0,50.0,Ag/MOF,80.0
620.1754385964912,80.0,50.0,Ag/MOF,80.0
620.8020050125314,80.0,50.0,Ag/MOF,80.0
621.4285714285714,80.0,50.0,Ag/MOF,80.0
622.0551378446115,80.0,50.0,Ag/MOF,80.0
622.6817042606516,80.0,50.0,Ag/MOF,80.0
623.3082706766917,80.0,50.0,Ag/MOF,80.0
623.9348370927319,80.0,50.0,Ag/MOF,80.0
624.561403508772,80.0,50.0,Ag/MOF,80.0
625.187969924812,80.0,50.0,Ag/MOF,80.0
625.8145363408521,80.0,50.0,Ag/MOF,80.0
626.4411027568922,80.0,50.0,Ag/MOF,80.0
627.0676691729324,80.0,50.0,Ag/MOF,80.0
627.6942355889724,80.0,50.0,Ag/MOF,80.0
628.3208020050125,80.0,50.0,Ag/MOF,80.0
628.9473684210526,80.0,50.0,Ag/MOF,80.0
629.5739348370927,80.0,50.0,Ag/MOF,80.0
630.2005012531329,80.0,50.0,Ag/MOF,80.0
630.827067669173,80.0,50.0,Ag/MOF,80.0
631.453634085213,80.0,50.0,Ag/MOF,80.0
632.0802005012531,80.0,50.0,Ag/MOF,80.0
632.7067669172932,80.0,50.0,Ag/MOF,80.0
633.3333333333334,80.0,50.0,Ag/MOF,80.0
633.9598997493734,80.0,50.0,Ag/MOF,80.0
634.5864661654135,80.0,50.0,Ag/MOF,80.0
635.2130325814536,80.0,50.0,Ag/MOF,80.0
635.8395989974937,80.0,50.0,Ag/MOF,80.0
636.4661654135339,80.0,50.0,Ag/MOF,80.0
637.092731829574,80.0,50.0,Ag/MOF,80.0
637.719298245614,80.0,50.0,Ag/MOF,80.0
638.3458646616541,80.0,50.0,Ag/MOF,80.0
638.9724310776942,80.0,50.0,Ag/MOF,80.0
639.5989974937344,80.0,50.0,Ag/MOF,80.0
640.2255639097745,80.0,50.0,Ag/MOF,80.0
640.8521303258145,80.0,50.0,Ag/MOF,80.0
641.4786967418546,80.0,50.0,Ag/MOF,80.0
642.1052631578947,80.0,50.0,Ag/MOF,80.0
642.7318295739349,80.0,50.0,Ag/MOF,80.0
643.358395989975,80.0,50.0,Ag/MOF,80.0
643.984962406015,80.0,50.0,Ag/MOF,80.0
644.6115288220551,80.0,50.0,Ag/MOF,80.0
645.2380952380952,80.0,50.0,Ag/MOF,80.0
645.8646616541354,80.0,50.0,Ag/MOF,80.0
646.4912280701755,80.0,50.0,Ag/MOF,80.0
647.1177944862155,80.0,50.0,Ag/MOF,80.0
647.7443609022556,80.0,50.0,Ag/MOF,80.0
648.3709273182957,80.0,50.0,Ag/MOF,80.0
648.9974937343359,80.0,50.0,Ag/MOF,80.0
649.624060150376,80.0,50.0,Ag/MOF,80.0
650.250626566416,80.0,50.0,Ag/MOF,80.0
650.8771929824561,80.0,50.0,Ag/MOF,80.0
651.5037593984962,80.0,50.0,Ag/MOF,80.0
652.1303258145364,80.0,50.0,Ag/MOF,80.0
652.7568922305765,80.0,50.0,Ag/MOF,80.0
653.3834586466165,80.0,50.0,Ag/MOF,80.0
654.0100250626566,80.0,50.0,Ag/MOF,80.0
654.6365914786967,80.0,50.0,Ag/MOF,80.0
655.2631578947369,80.0,50.0,Ag/MOF,80.0
655.889724310777,80.0,50.0,Ag/MOF,80.0
656.516290726817,80.0,50.0,Ag/MOF,80.0
657.1428571428571,80.0,50.0,Ag/MOF,80.0
657.7694235588972,80.0,50.0,Ag/MOF,80.0
658.3959899749374,80.0,50.0,Ag/MOF,80.0
659.0225563909775,80.0,50.0,Ag/MOF,80.0
659.6491228070175,80.0,50.0,Ag/MOF,80.0
660.2756892230576,80.0,50.0,Ag/MOF,80.0
660.9022556390977,80.0,50.0,Ag/MOF,80.0
661.5288220551379,80.0,50.0,Ag/MOF,80.0
662.155388471178,80.0,50.0,Ag/MOF,80.0
662.781954887218,80.0,50.0,Ag/MOF,80.0
663.4085213032581,80.0,50.0,Ag/MOF,80.0
664.0350877192982,80.0,50.0,Ag/MOF,80.0
664.6616541353384,80.0,50.0,Ag/MOF,80.0
665.2882205513785,80.0,50.0,Ag/MOF,80.0
665.9147869674185,80.0,50.0,Ag/MOF,80.0
666.5413533834586,80.0,50.0,Ag/MOF,80.0
667.1679197994987,80.0,50.0,Ag/MOF,80.0
667.7944862155389,80.0,50.0,Ag/MOF,80.0
668.421052631579,80.0,50.0,Ag/MOF,80.0
669.047619047619,80.0,50.0,Ag/MOF,80.0
669.6741854636591,80.0,50.0,Ag/MOF,80.0
670.3007518796992,80.0,50.0,Ag/MOF,80.0
670.9273182957394,80.0,50.0,Ag/MOF,80.0
671.5538847117795,80.0,50.0,Ag/MOF,80.0
672.1804511278195,80.0,50.0,Ag/MOF,80.0
672.8070175438596,80.0,50.0,Ag/MOF,80.0
673.4335839598998,80.0,50.0,Ag/MOF,80.0
674.0601503759399,80.0,50.0,Ag/MOF,80.0
674.68671679198,80.0,50.0,Ag/MOF,80.0
675.31328320802,80.0,50.0,Ag/MOF,80.0
675.9398496240601,80.0,50.0,Ag/MOF,80.0
676.5664160401002,80.0,50.0,Ag/MOF,80.0
677.1929824561404,80.0,50.0,Ag/MOF,80.0
677.8195488721805,80.0,50.0,Ag/MOF,80.0
678.4461152882205,80.0,50.0,Ag/MOF,80.0
679.0726817042606,80.0,50.0,Ag/MOF,80.0
679.6992481203008,80.0,50.0,Ag/MOF,80.0
680.3258145363409,80.0,50.0,Ag/MOF,80.0
680.952380952381,80.0,50.0,Ag/MOF,80.0
681.578947368421,80.0,50.0,Ag/MOF,80.0
682.2055137844611,80.0,50.0,Ag/MOF,80.0
682.8320802005012,80.0,50.0,Ag/MOF,80.0
683.4586466165414,80.0,50.0,Ag/MOF,80.0
684.0852130325815,80.0,50.0,Ag/MOF,80.0
684.7117794486215,80.0,50.0,Ag/MOF,80.0
685.3383458646616,80.0,50.0,Ag/MOF,80.0
685.9649122807018,80.0,50.0,Ag/MOF,80.0
686.5914786967419,80.0,50.0,Ag/MOF,80.0
687.218045112782,80.0,50.0,Ag/MOF,80.0
687.844611528822,80.0,50.0,Ag/MOF,80.0
688.4711779448621,80.0,50.0,Ag/MOF,80.0
689.0977443609022,80.0,50.0,Ag/MOF,80.0
689.7243107769424,80.0,50.0,Ag/MOF,80.0
690.3508771929825,80.0,50.0,Ag/MOF,80.0
690.9774436090225,80.0,50.0,Ag/MOF,80.0
691.6040100250626,80.0,50.0,Ag/MOF,80.0
692.2305764411028,80.0,50.0,Ag/MOF,80.0
692.8571428571429,80.0,50.0,Ag/MOF,80.0
693.483709273183,80.0,50.0,Ag/MOF,80.0
694.110275689223,80.0,50.0,Ag/MOF,80.0
694.7368421052631,80.0,50.0,Ag/MOF,80.0
695.3634085213032,80.0,50.0,Ag/MOF,80.0
695.9899749373434,80.0,50.0,Ag/MOF,80.0
696.6165413533835,80.0,50.0,Ag/MOF,80.0
697.2431077694235,80.0,50.0,Ag/MOF,80.0
697.8696741854636,80.0,50.0,Ag/MOF,80.0
698.4962406015038,80.0,50.0,Ag/MOF,80.0
699.1228070175439,80.0,50.0,Ag/MOF,80.0
699.749373433584,80.0,50.0,Ag/MOF,80.0
700.375939849624,80.0,50.0,Ag/MOF,80.0
701.0025062656641,80.0,50.0,Ag/MOF,80.0
701.6290726817042,80.0,50.0,Ag/MOF,80.0
702.2556390977444,80.0,50.0,Ag/MOF,80.0
702.8822055137845,80.0,50.0,Ag/MOF,80.0
703.5087719298245,80.0,50.0,Ag/MOF,80.0
704.1353383458646,80.0,50.0,Ag/MOF,80.0
704.7619047619048,80.0,50.0,Ag/MOF,80.0
705.3884711779449,80.0,50.0,Ag/MOF,80.0
706.015037593985,80.0,50.0,Ag/MOF,80.0
706.641604010025,80.0,50.0,Ag/MOF,80.0
707.2681704260651,80.0,50.0,Ag/MOF,80.0
707.8947368421052,80.0,50.0,Ag/MOF,80.0
708.5213032581454,80.0,50.0,Ag/MOF,80.0
709.1478696741855,80.0,50.0,Ag/MOF,80.0
709.7744360902255,80.0,50.0,Ag/MOF,80.0
710.4010025062656,80.0,50.0,Ag/MOF,80.0
711.0275689223058,80.0,50.0,Ag/MOF,80.0
711.6541353383459,80.0,50.0,Ag/MOF,80.0
712.280701754386,80.0,50.0,Ag/MOF,80.0
712.907268170426,80.0,50.0,Ag/MOF,80.0
713.5338345864661,80.0,50.0,Ag/MOF,80.0
714.1604010025062,80.0,50.0,Ag/MOF,80.0
714.7869674185464,80.0,50.0,Ag/MOF,80.0
715.4135338345865,80.0,50.0,Ag/MOF,80.0
716.0401002506266,80.0,50.0,Ag/MOF,80.0
716.6666666666666,80.0,50.0,Ag/MOF,80.0
717.2932330827068,80.0,50.0,Ag/MOF,80.0
717.9197994987469,80.0,50.0,Ag/MOF,80.0
718.546365914787,80.0,50.0,Ag/MOF,80.0
719.172932330827,80.0,50.0,Ag/MOF,80.0
719.7994987468671,80.0,50.0,Ag/MOF,80.0
720.4260651629072,80.0,50.0,Ag/MOF,80.0
721.0526315789474,80.0,50.0,Ag/MOF,80.0
721.6791979949875,80.0,50.0,Ag/MOF,80.0
722.3057644110276,80.0,50.0,Ag/MOF,80.0
722.9323308270676,80.0,50.0,Ag/MOF,80.0
723.5588972431078,80.0,50.0,Ag/MOF,80.0
724.1854636591479,80.0,50.0,Ag/MOF,80.0
724.812030075188,80.0,50.0,Ag/MOF,80.0
725.438596491228,80.0,50.0,Ag/MOF,80.0
726.0651629072681,80.0,50.0,Ag/MOF,80.0
726.6917293233082,80.0,50.0,Ag/MOF,80.0
727.3182957393484,80.0,50.0,Ag/MOF,80.0
727.9448621553885,80.0,50.0,Ag/MOF,80.0
728.5714285714286,80.0,50.0,Ag/MOF,80.0
729.1979949874686,80.0,50.0,Ag/MOF,80.0
729.8245614035088,80.0,50.0,Ag/MOF,80.0
730.4511278195489,80.0,50.0,Ag/MOF,80.0
731.077694235589,80.0,50.0,Ag/MOF,80.0
731.704260651629,80.0,50.0,Ag/MOF,80.0
732.3308270676691,80.0,50.0,Ag/MOF,80.0
732.9573934837092,80.0,50.0,Ag/MOF,80.0
733.5839598997494,80.0,50.0,Ag/MOF,80.0
734.2105263157895,80.0,50.0,Ag/MOF,80.0
734.8370927318296,80.0,50.0,Ag/MOF,80.0
735.4636591478696,80.0,50.0,Ag/MOF,80.0
736.0902255639098,80.0,50.0,Ag/MOF,80.0
736.7167919799499,80.0,50.0,Ag/MOF,80.0
737.34335839599,80.0,50.0,Ag/MOF,80.0
737.9699248120301,80.0,50.0,Ag/MOF,80.0
738.5964912280701,80.0,50.0,Ag/MOF,80.0
739.2230576441102,80.0,50.0,Ag/MOF,80.0
739.8496240601504,80.0,50.0,Ag/MOF,80.0
740.4761904761905,80.0,50.0,Ag/MOF,80.0
741.1027568922306,80.0,50.0,Ag/MOF,80.0
741.7293233082706,80.0,50.0,Ag/MOF,80.0
742.3558897243108,80.0,50.0,Ag/MOF,80.0
742.9824561403509,80.0,50.0,Ag/MOF,80.0
743.609022556391,80.0,50.0,Ag/MOF,80.0
744.2355889724311,80.0,50.0,Ag/MOF,80.0
744.8621553884711,80.0,50.0,Ag/MOF,80.0
745.4887218045112,80.0,50.0,Ag/MOF,80.0
746.1152882205514,80.0,50.0,Ag/MOF,80.0
746.7418546365915,80.0,50.0,Ag/MOF,80.0
747.3684210526316,80.0,50.0,Ag/MOF,80.0
747.9949874686716,80.0,50.0,Ag/MOF,80.0
748.6215538847118,80.0,50.0,Ag/MOF,80.0
749.2481203007519,80.0,50.0,Ag/MOF,80.0
749.874686716792,80.0,50.0,Ag/MOF,80.0
750.5012531328321,80.0,50.0,Ag/MOF,80.0
751.1278195488721,80.0,50.0,Ag/MOF,80.0
751.7543859649122,80.0,50.0,Ag/MOF,80.0
752.3809523809524,80.0,50.0,Ag/MOF,80.0
753.0075187969925,80.0,50.0,Ag/MOF,80.0
753.6340852130326,80.0,50.0,Ag/MOF,80.0
754.2606516290726,80.0,50.0,Ag/MOF,80.0
754.8872180451128,80.0,50.0,Ag/MOF,80.0
755.5137844611529,80.0,50.0,Ag/MOF,80.0
756.140350877193,80.0,50.0,Ag/MOF,80.0
756.7669172932331,80.0,50.0,Ag/MOF,80.0
757.3934837092731,80.0,50.0,Ag/MOF,80.0
758.0200501253132,80.0,50.0,Ag/MOF,80.0
758.6466165413534,80.0,50.0,Ag/MOF,80.0
759.2731829573935,80.0,50.0,Ag/MOF,80.0
759.8997493734336,80.0,50.0,Ag/MOF,80.0
760.5263157894736,80.0,50.0,Ag/MOF,80.0
761.1528822055138,80.0,50.0,Ag/MOF,80.0
761.7794486215539,80.0,50.0,Ag/MOF,80.0
762.406015037594,80.0,50.0,Ag/MOF,80.0
763.0325814536341,80.0,50.0,Ag/MOF,80.0
763.6591478696741,80.0,50.0,Ag/MOF,80.0
764.2857142857142,80.0,50.0,Ag/MOF,80.0
764.9122807017544,80.0,50.0,Ag/MOF,80.0
765.5388471177945,80.0,50.0,Ag/MOF,80.0
766.1654135338346,80.0,50.0,Ag/MOF,80.0
766.7919799498746,80.0,50.0,Ag/MOF,80.0
767.4185463659148,80.0,50.0,Ag/MOF,80.0
768.0451127819549,80.0,50.0,Ag/MOF,80.0
768.671679197995,80.0,50.0,Ag/MOF,80.0
769.2982456140351,80.0,50.0,Ag/MOF,80.0
769.9248120300751,80.0,50.0,Ag/MOF,80.0
770.5513784461152,80.0,50.0,Ag/MOF,80.0
771.1779448621554,80.0,50.0,Ag/MOF,80.0
771.8045112781955,80.0,50.0,Ag/MOF,80.0
772.4310776942356,80.0,50.0,Ag/MOF,80.0
773.0576441102756,80.0,50.0,Ag/MOF,80.0
773.6842105263158,80.0,50.0,Ag/MOF,80.0
774.3107769423559,80.0,50.0,Ag/MOF,80.0
774.937343358396,80.0,50.0,Ag/MOF,80.0
775.5639097744361,80.0,50.0,Ag/MOF,80.0
776.1904761904761,80.0,50.0,Ag/MOF,80.0
776.8170426065162,80.0,50.0,Ag/MOF,80.0
777.4436090225564,80.0,50.0,Ag/MOF,80.0
778.0701754385965,80.0,50.0,Ag/MOF,80.0
778.6967418546366,80.0,50.0,Ag/MOF,80.0
779.3233082706766,80.0,50.0,Ag/MOF,80.0
779.9498746867168,80.0,50.0,Ag/MOF,80.0
780.5764411027569,80.0,50.0,Ag/MOF,80.0
781.203007518797,80.0,50.0,Ag/MOF,80.0
781.8295739348371,80.0,50.0,Ag/MOF,80.0
782.4561403508771,80.0,50.0,Ag/MOF,80.0
783.0827067669172,80.0,50.0,Ag/MOF,80.0
783.7092731829574,80.0,50.0,Ag/MOF,80.0
784.3358395989975,80.0,50.0,Ag/MOF,80.0
784.9624060150376,80.0,50.0,Ag/MOF,80.0
785.5889724310777,80.0,50.0,Ag/MOF,80.0
786.2155388471178,80.0,50.0,Ag/MOF,80.0
786.8421052631579,80.0,50.0,Ag/MOF,80.0
787.468671679198,80.0,50.0,Ag/MOF,80.0
788.0952380952381,80.0,50.0,Ag/MOF,80.0
788.7218045112782,80.0,50.0,Ag/MOF,80.0
789.3483709273182,80.0,50.0,Ag/MOF,80.0
789.9749373433584,80.0,50.0,Ag/MOF,80.0
790.6015037593985,80.0,50.0,Ag/MOF,80.0
791.2280701754386,80.0,50.0,Ag/MOF,80.0
791.8546365914787,80.0,50.0,Ag/MOF,80.0
792.4812030075188,80.0,50.0,Ag/MOF,80.0
793.1077694235589,80.0,50.0,Ag/MOF,80.0
793.734335839599,80.0,50.0,Ag/MOF,80.0
794.3609022556391,80.0,50.0,Ag/MOF,80.0
794.9874686716792,80.0,50.0,Ag/MOF,80.0
795.6140350877192,80.0,50.0,Ag/MOF,80.0
796.2406015037594,80.0,50.0,Ag/MOF,80.0
796.8671679197995,80.0,50.0,Ag/MOF,80.0
797.4937343358396,80.0,50.0,Ag/MOF,80.0
798.1203007518797,80.0,50.0,Ag/MOF,80.0
798.7468671679198,80.0,50.0,Ag/MOF,80.0
799.3734335839599,80.0,50.0,Ag/MOF,80.0
800.0,80.0,50.0,Ag/MOF,80.0
550.0,0.0,80.0,Ag/MOF,78.06041
550.6265664160401,0.0,80.0,Ag/MOF,78.058174
551.2531328320802,0.0,80.0,Ag/MOF,78.05595
551.8796992481203,0.0,80.0,Ag/MOF,78.0537
552.5062656641604,0.0,80.0,Ag/MOF,78.051384
553.1328320802005,0.0,80.0,Ag/MOF,78.04871
553.7593984962406,0.0,80.0,Ag/MOF,78.04605
554.3859649122807,0.0,80.0,Ag/MOF,78.04339
555.0125313283208,0.0,80.0,Ag/MOF,78.0407
555.6390977443609,0.0,80.0,Ag/MOF,78.03804
556.265664160401,0.0,80.0,Ag/MOF,78.03537
556.8922305764411,0.0,80.0,Ag/MOF,78.03269
557.5187969924812,0.0,80.0,Ag/MOF,78.03003
558.1453634085213,0.0,80.0,Ag/MOF,78.02736
558.7719298245614,0.0,80.0,Ag/MOF,78.024704
559.3984962406015,0.0,80.0,Ag/MOF,78.022026
560.0250626566416,0.0,80.0,Ag/MOF,78.01935
560.6516290726817,0.0,80.0,Ag/MOF,78.01668
561.2781954887218,0.0,80.0,Ag/MOF,78.014015
561.9047619047619,0.0,80.0,Ag/MOF,78.01134
562.531328320802,0.0,80.0,Ag/MOF,78.008675
563.1578947368421,0.0,80.0,Ag/MOF,78.00601
563.7844611528822,0.0,80.0,Ag/MOF,78.003334
564.4110275689223,0.0,80.0,Ag/MOF,78.000656
565.0375939849624,0.0,80.0,Ag/MOF,77.997986
565.6641604010025,0.0,80.0,Ag/MOF,77.995316
566.2907268170426,0.0,80.0,Ag/MOF,77.992645
566.9172932330827,0.0,80.0,Ag/MOF,77.989975
567.5438596491229,0.0,80.0,Ag/MOF,77.98731
568.1704260651629,0.0,80.0,Ag/MOF,77.984634
568.796992481203,0.0,80.0,Ag/MOF,77.98197
569.4235588972431,0.0,80.0,Ag/MOF,77.973976
570.0501253132832,0.0,80.0,Ag/MOF,77.96397
570.6766917293234,0.0,80.0,Ag/MOF,77.95397
571.3032581453634,0.0,80.0,Ag/MOF,77.94398
571.9298245614035,0.0,80.0,Ag/MOF,77.933975
572.5563909774436,0.0,80.0,Ag/MOF,77.92398
573.1829573934837,0.0,80.0,Ag/MOF,77.91397
573.8095238095239,0.0,80.0,Ag/MOF,77.90399
574.4360902255639,0.0,80.0,Ag/MOF,77.89398
575.062656641604,0.0,80.0,Ag/MOF,77.88399
575.6892230576441,0.0,80.0,Ag/MOF,77.87399
576.3157894736842,0.0,80.0,Ag/MOF,77.86399
576.9423558897244,0.0,80.0,Ag/MOF,77.85399
577.5689223057644,0.0,80.0,Ag/MOF,77.84416
578.1954887218045,0.0,80.0,Ag/MOF,77.83493
578.8220551378446,0.0,80.0,Ag/MOF,77.82569
579.4486215538847,0.0,80.0,Ag/MOF,77.81646
580.0751879699249,0.0,80.0,Ag/MOF,77.80722
580.7017543859649,0.0,80.0,Ag/MOF,77.79799
581.328320802005,0.0,80.0,Ag/MOF,77.78876
581.9548872180451,0.0,80.0,Ag/MOF,77.77952
582.5814536340852,0.0,80.0,Ag/MOF,77.770294
583.2080200501254,0.0,80.0,Ag/MOF,77.761055
583.8345864661654,0.0,80.0,Ag/MOF,77.75182
584.4611528822055,0.0,80.0,Ag/MOF,77.742584
585.0877192982456,0.0,80.0,Ag/MOF,77.73336
585.7142857142857,0.0,80.0,Ag/MOF,77.72412
586.3408521303259,0.0,80.0,Ag/MOF,77.71489
586.9674185463659,0.0,80.0,Ag/MOF,77.70566
587.593984962406,0.0,80.0,Ag/MOF,77.69643
588.2205513784461,0.0,80.0,Ag/MOF,77.68719
588.8471177944862,0.0,80.0,Ag/MOF,77.67796
589.4736842105264,0.0,80.0,Ag/MOF,77.668724
590.1002506265664,0.0,80.0,Ag/MOF,77.659485
590.7268170426065,0.0,80.0,Ag/MOF,77.65025
591.3533834586466,0.0,80.0,Ag/MOF,77.64102
591.9799498746867,0.0,80.0,Ag/MOF,77.63179
592.6065162907269,0.0,80.0,Ag/MOF,77.62256
593.2330827067669,0.0,80.0,Ag/MOF,77.61333
593.859649122807,0.0,80.0,Ag/MOF,77.60408
594.4862155388471,0.0,80.0,Ag/MOF,77.59486
595.1127819548872,0.0,80.0,Ag/MOF,77.58563
595.7393483709274,0.0,80.0,Ag/MOF,77.576385
596.3659147869674,0.0,80.0,Ag/MOF,77.56715
596.9924812030075,0.0,80.0,Ag/MOF,77.55792
597.6190476190476,0.0,80.0,Ag/MOF,77.54869
598.2456140350877,0.0,80.0,Ag/MOF,77.53946
598.8721804511279,0.0,80.0,Ag/MOF,77.53021
599.4987468671679,0.0,80.0,Ag/MOF,77.52098
600.125313283208,0.0,80.0,Ag/MOF,77.51175
600.7518796992481,0.0,80.0,Ag/MOF,77.50252
601.3784461152882,0.0,80.0,Ag/MOF,77.493286
602.0050125313284,0.0,80.0,Ag/MOF,77.48405
602.6315789473684,0.0,80.0,Ag/MOF,77.474815
603.2581453634085,0.0,80.0,Ag/MOF,77.46559
603.8847117794486,0.0,80.0,Ag/MOF,77.45635
604.5112781954887,0.0,80.0,Ag/MOF,77.44712
605.1378446115289,0.0,80.0,Ag/MOF,77.43788
605.7644110275689,0.0,80.0,Ag/MOF,77.42866
606.390977443609,0.0,80.0,Ag/MOF,77.41941
607.0175438596491,0.0,80.0,Ag/MOF,77.41019
607.6441102756892,0.0,80.0,Ag/MOF,77.400955
608.2706766917294,0.0,80.0,Ag/MOF,77.39172
608.8972431077694,0.0,80.0,Ag/MOF,77.382484
609.5238095238095,0.0,80.0,Ag/MOF,77.37325
610.1503759398496,0.0,80.0,Ag/MOF,77.36401
610.7769423558897,0.0,80.0,Ag/MOF,77.35478
611.4035087719299,0.0,80.0,Ag/MOF,77.34556
612.0300751879699,0.0,80.0,Ag/MOF,77.33631
612.65664160401,0.0,80.0,Ag/MOF,77.32709
613.2832080200501,0.0,80.0,Ag/MOF,77.31785
613.9097744360902,0.0,80.0,Ag/MOF,77.30862
614.5363408521304,0.0,80.0,Ag/MOF,77.29938
615.1629072681704,0.0,80.0,Ag/MOF,77.290146
615.7894736842105,0.0,80.0,Ag/MOF,77.2823
616.4160401002506,0.0,80.0,Ag/MOF,77.27509
617.0426065162907,0.0,80.0,Ag/MOF,77.26787
617.6691729323309,0.0,80.0,Ag/MOF,77.260666
618.295739348371,0.0,80.0,Ag/MOF,77.25345
618.922305764411,0.0,80.0,Ag/MOF,77.24623
619.5488721804511,0.0,80.0,Ag/MOF,77.239105
620.1754385964912,0.0,80.0,Ag/MOF,77.2338
620.8020050125314,0.0,80.0,Ag/MOF,77.2285
621.4285714285714,0.0,80.0,Ag/MOF,77.223206
622.0551378446115,0.0,80.0,Ag/MOF,77.21791
622.6817042606516,0.0,80.0,Ag/MOF,77.2126
623.3082706766917,0.0,80.0,Ag/MOF,77.2073
623.9348370927319,0.0,80.0,Ag/MOF,77.202
624.561403508772,0.0,80.0,Ag/MOF,77.1967
625.187969924812,0.0,80.0,Ag/MOF,77.19141
625.8145363408521,0.0,80.0,Ag/MOF,77.18609
626.4411027568922,0.0,80.0,Ag/MOF,77.1808
627.0676691729324,0.0,80.0,Ag/MOF,77.17549
627.6942355889724,0.0,80.0,Ag/MOF,77.1702
628.3208020050125,0.0,80.0,Ag/MOF,77.164894
628.9473684210526,0.0,80.0,Ag/MOF,77.15959
629.5739348370927,0.0,80.0,Ag/MOF,77.1543
630.2005012531329,0.0,80.0,Ag/MOF,77.148994
630.827067669173,0.0,80.0,Ag/MOF,77.143684
631.453634085213,0.0,80.0,Ag/MOF,77.13839
632.0802005012531,0.0,80.0,Ag/MOF,77.13309
632.7067669172932,0.0,80.0,Ag/MOF,77.1278
633.3333333333334,0.0,80.0,Ag/MOF,77.12248
633.9598997493734,0.0,80.0,Ag/MOF,77.11719
634.5864661654135,0.0,80.0,Ag/MOF,77.111885
635.2130325814536,0.0,80.0,Ag/MOF,77.10658
635.8395989974937,0.0,80.0,Ag/MOF,77.10129
636.4661654135339,0.0,80.0,Ag/MOF,77.09598
637.092731829574,0.0,80.0,Ag/MOF,77.09068
637.719298245614,0.0,80.0,Ag/MOF,77.08538
638.3458646616541,0.0,80.0,Ag/MOF,77.08007
638.9724310776942,0.0,80.0,Ag/MOF,77.074776
639.5989974937344,0.0,80.0,Ag/MOF,77.06947
640.2255639097745,0.0,80.0,Ag/MOF,77.06418
640.8521303258145,0.0,80.0,Ag/MOF,77.060455
641.4786967418546,0.0,80.0,Ag/MOF,77.05766
642.1052631578947,0.0,80.0,Ag/MOF,77.05487
642.7318295739349,0.0,80.0,Ag/MOF,77.05207
643.358395989975,0.0,80.0,Ag/MOF,77.04929
643.984962406015,0.0,80.0,Ag/MOF,77.04649
644.6115288220551,0.0,80.0,Ag/MOF,77.04372
645.2380952380952,0.0,80.0,Ag/MOF,77.04092
645.8646616541354,0.0,80.0,Ag/MOF,77.03813
646.4912280701755,0.0,80.0,Ag/MOF,77.03534
647.1177944862155,0.0,80.0,Ag/MOF,77.03255
647.7443609022556,0.0,80.0,Ag/MOF,77.029755
648.3709273182957,0.0,80.0,Ag/MOF,77.02697
648.9974937343359,0.0,80.0,Ag/MOF,77.02417
649.624060150376,0.0,80.0,Ag/MOF,77.021385
650.250626566416,0.0,80.0,Ag/MOF,77.01859
650.8771929824561,0.0,80.0,Ag/MOF,77.01579
651.5037593984962,0.0,80.0,Ag/MOF,77.01301
652.1303258145364,0.0,80.0,Ag/MOF,77.01022
652.7568922305765,0.0,80.0,Ag/MOF,77.00742
653.3834586466165,0.0,80.0,Ag/MOF,77.00464
654.0100250626566,0.0,80.0,Ag/MOF,77.00185
654.6365914786967,0.0,80.0,Ag/MOF,76.999054
655.2631578947369,0.0,80.0,Ag/MOF,76.99628
655.889724310777,0.0,80.0,Ag/MOF,76.99348
656.516290726817,0.0,80.0,Ag/MOF,76.99069
657.1428571428571,0.0,80.0,Ag/MOF,76.9879
657.7694235588972,0.0,80.0,Ag/MOF,76.98511
658.3959899749374,0.0,80.0,Ag/MOF,76.98232
659.0225563909775,0.0,80.0,Ag/MOF,76.97952
659.6491228070175,0.0,80.0,Ag/MOF,76.97673
660.2756892230576,0.0,80.0,Ag/MOF,76.973946
660.9022556390977,0.0,80.0,Ag/MOF,76.971146
661.5288220551379,0.0,80.0,Ag/MOF,76.96837
662.155388471178,0.0,80.0,Ag/MOF,76.965576
662.781954887218,0.0,80.0,Ag/MOF,76.96278
663.4085213032581,0.0,80.0,Ag/MOF,76.95999
664.0350877192982,0.0,80.0,Ag/MOF,76.95721
664.6616541353384,0.0,80.0,Ag/MOF,76.95494
665.2882205513785,0.0,80.0,Ag/MOF,76.95361
665.9147869674185,0.0,80.0,Ag/MOF,76.952576
666.5413533834586,0.0,80.0,Ag/MOF,76.95245
667.1679197994987,0.0,80.0,Ag/MOF,76.95235
667.7944862155389,0.0,80.0,Ag/MOF,76.95221
668.421052631579,0.0,80.0,Ag/MOF,76.9521
669.047619047619,0.0,80.0,Ag/MOF,76.95198
669.6741854636591,0.0,80.0,Ag/MOF,76.95185
670.3007518796992,0.0,80.0,Ag/MOF,76.95172
670.9273182957394,0.0,80.0,Ag/MOF,76.951614
671.5538847117795,0.0,80.0,Ag/MOF,76.95149
672.1804511278195,0.0,80.0,Ag/MOF,76.95136
672.8070175438596,0.0,80.0,Ag/MOF,76.95125
673.4335839598998,0.0,80.0,Ag/MOF,76.95112
674.0601503759399,0.0,80.0,Ag/MOF,76.951004
674.68671679198,0.0,80.0,Ag/MOF,76.95088
675.31328320802,0.0,80.0,Ag/MOF,76.95076
675.9398496240601,0.0,80.0,Ag/MOF,76.95064
676.5664160401002,0.0,80.0,Ag/MOF,76.950516
677.1929824561404,0.0,80.0,Ag/MOF,76.95039
677.8195488721805,0.0,80.0,Ag/MOF,76.95027
678.4461152882205,0.0,80.0,Ag/MOF,76.95016
679.0726817042606,0.0,80.0,Ag/MOF,76.95003
679.6992481203008,0.0,80.0,Ag/MOF,76.94992
680.3258145363409,0.0,80.0,Ag/MOF,76.94978
680.952380952381,0.0,80.0,Ag/MOF,76.94966
681.578947368421,0.0,80.0,Ag/MOF,76.94955
682.2055137844611,0.0,80.0,Ag/MOF,76.94942
682.8320802005012,0.0,80.0,Ag/MOF,76.94931
683.4586466165414,0.0,80.0,Ag/MOF,76.94917
684.0852130325815,0.0,80.0,Ag/MOF,76.94905
684.7117794486215,0.0,80.0,Ag/MOF,76.948944
685.3383458646616,0.0,80.0,Ag/MOF,76.948814
685.9649122807018,0.0,80.0,Ag/MOF,76.9487
686.5914786967419,0.0,80.0,Ag/MOF,76.94858
687.218045112782,0.0,80.0,Ag/MOF,76.948456
687.844611528822,0.0,80.0,Ag/MOF,76.94833
688.4711779448621,0.0,80.0,Ag/MOF,76.94821
689.0977443609022,0.0,80.0,Ag/MOF,76.94809
689.7243107769424,0.0,80.0,Ag/MOF,76.94797
690.3508771929825,0.0,80.0,Ag/MOF,76.947845
690.9774436090225,0.0,80.0,Ag/MOF,76.94772
691.6040100250626,0.0,80.0,Ag/MOF,76.94761
692.2305764411028,0.0,80.0,Ag/MOF,76.94748
692.8571428571429,0.0,80.0,Ag/MOF,76.947365
693.483709273183,0.0,80.0,Ag/MOF,76.947235
694.110275689223,0.0,80.0,Ag/MOF,76.94711
694.7368421052631,0.0,80.0,Ag/MOF,76.94708
695.3634085213032,0.0,80.0,Ag/MOF,76.9471
695.9899749373434,0.0,80.0,Ag/MOF,76.947105
696.6165413533835,0.0,80.0,Ag/MOF,76.94711
697.2431077694235,0.0,80.0,Ag/MOF,76.94713
697.8696741854636,0.0,80.0,Ag/MOF,76.94716
698.4962406015038,0.0,80.0,Ag/MOF,76.947174
699.1228070175439,0.0,80.0,Ag/MOF,76.947174
699.749373433584,0.0,80.0,Ag/MOF,76.94719
700.375939849624,0.0,80.0,Ag/MOF,76.9472
701.0025062656641,0.0,80.0,Ag/MOF,76.94721
701.6290726817042,0.0,80.0,Ag/MOF,76.94723
702.2556390977444,0.0,80.0,Ag/MOF,76.94724
702.8822055137845,0.0,80.0,Ag/MOF,76.947266
703.5087719298245,0.0,80.0,Ag/MOF,76.947266
704.1353383458646,0.0,80.0,Ag/MOF,76.94728
704.7619047619048,0.0,80.0,Ag/MOF,76.947296
705.3884711779449,0.0,80.0,Ag/MOF,76.94731
706.015037593985,0.0,80.0,Ag/MOF,76.94733
706.641604010025,0.0,80.0,Ag/MOF,76.94734
707.2681704260651,0.0,80.0,Ag/MOF,76.94734
707.8947368421052,0.0,80.0,Ag/MOF,76.94737
708.5213032581454,0.0,80.0,Ag/MOF,76.94739
709.1478696741855,0.0,80.0,Ag/MOF,76.9474
709.7744360902255,0.0,80.0,Ag/MOF,76.9474
710.4010025062656,0.0,80.0,Ag/MOF,76.94743
711.0275689223058,0.0,80.0,Ag/MOF,76.94744
711.6541353383459,0.0,80.0,Ag/MOF,76.94745
712.280701754386,0.0,80.0,Ag/MOF,76.947464
712.907268170426,0.0,80.0,Ag/MOF,76.94748
713.5338345864661,0.0,80.0,Ag/MOF,76.94749
714.1604010025062,0.0,80.0,Ag/MOF,76.94751
714.7869674185464,0.0,80.0,Ag/MOF,76.94752
715.4135338345865,0.0,80.0,Ag/MOF,76.947525
716.0401002506266,0.0,80.0,Ag/MOF,76.94755
716.6666666666666,0.0,80.0,Ag/MOF,76.947556
717.2932330827068,0.0,80.0,Ag/MOF,76.94758
717.9197994987469,0.0,80.0,Ag/MOF,76.94759
718.546365914787,0.0,80.0,Ag/MOF,76.9476
719.172932330827,0.0,80.0,Ag/MOF,76.94761
719.7994987468671,0.0,80.0,Ag/MOF,76.94763
720.4260651629072,0.0,80.0,Ag/MOF,76.94765
721.0526315789474,0.0,80.0,Ag/MOF,76.947655
721.6791979949875,0.0,80.0,Ag/MOF,76.94767
722.3057644110276,0.0,80.0,Ag/MOF,76.94768
722.9323308270676,0.0,80.0,Ag/MOF,76.94769
723.5588972431078,0.0,80.0,Ag/MOF,76.94771
724.1854636591479,0.0,80.0,Ag/MOF,76.94772
724.812030075188,0.0,80.0,Ag/MOF,76.94774
725.438596491228,0.0,80.0,Ag/MOF,76.947754
726.0651629072681,0.0,80.0,Ag/MOF,76.94777
726.6917293233082,0.0,80.0,Ag/MOF,76.94778
727.3182957393484,0.0,80.0,Ag/MOF,76.94779
727.9448621553885,0.0,80.0,Ag/MOF,76.9478
728.5714285714286,0.0,80.0,Ag/MOF,76.947075
729.1979949874686,0.0,80.0,Ag/MOF,76.94537
729.8245614035088,0.0,80.0,Ag/MOF,76.94367
730.4511278195489,0.0,80.0,Ag/MOF,76.94198
731.077694235589,0.0,80.0,Ag/MOF,76.94028
731.704260651629,0.0,80.0,Ag/MOF,76.93858
732.3308270676691,0.0,80.0,Ag/MOF,76.93689
732.9573934837092,0.0,80.0,Ag/MOF,76.93519
733.5839598997494,0.0,80.0,Ag/MOF,76.93347
734.2105263157895,0.0,80.0,Ag/MOF,76.93178
734.8370927318296,0.0,80.0,Ag/MOF,76.930084
735.4636591478696,0.0,80.0,Ag/MOF,76.92839
736.0902255639098,0.0,80.0,Ag/MOF,76.92668
736.7167919799499,0.0,80.0,Ag/MOF,76.92499
737.34335839599,0.0,80.0,Ag/MOF,76.923294
737.9699248120301,0.0,80.0,Ag/MOF,76.92159
738.5964912280701,0.0,80.0,Ag/MOF,76.92011
739.2230576441102,0.0,80.0,Ag/MOF,76.91879
739.8496240601504,0.0,80.0,Ag/MOF,76.91748
740.4761904761905,0.0,80.0,Ag/MOF,76.91617
741.1027568922306,0.0,80.0,Ag/MOF,76.91484
741.7293233082706,0.0,80.0,Ag/MOF,76.91351
742.3558897243108,0.0,80.0,Ag/MOF,76.91222
742.9824561403509,0.0,80.0,Ag/MOF,76.91089
743.609022556391,0.0,80.0,Ag/MOF,76.90958
744.2355889724311,0.0,80.0,Ag/MOF,76.90824
744.8621553884711,0.0,80.0,Ag/MOF,76.906944
745.4887218045112,0.0,80.0,Ag/MOF,76.905624
746.1152882205514,0.0,80.0,Ag/MOF,76.904305
746.7418546365915,0.0,80.0,Ag/MOF,76.902985
747.3684210526316,0.0,80.0,Ag/MOF,76.90167
747.9949874686716,0.0,80.0,Ag/MOF,76.90036
748.6215538847118,0.0,80.0,Ag/MOF,76.89903
749.2481203007519,0.0,80.0,Ag/MOF,76.89772
749.874686716792,0.0,80.0,Ag/MOF,76.89641
750.5012531328321,0.0,80.0,Ag/MOF,76.89508
751.1278195488721,0.0,80.0,Ag/MOF,76.89376
751.7543859649122,0.0,80.0,Ag/MOF,76.89244
752.3809523809524,0.0,80.0,Ag/MOF,76.89113
753.0075187969925,0.0,80.0,Ag/MOF,76.88981
753.6340852130326,0.0,80.0,Ag/MOF,76.8885
754.2606516290726,0.0,80.0,Ag/MOF,76.88718
754.8872180451128,0.0,80.0,Ag/MOF,76.885864
755.5137844611529,0.0,80.0,Ag/MOF,76.88454
756.140350877193,0.0,80.0,Ag/MOF,76.883224
756.7669172932331,0.0,80.0,Ag/MOF,76.881905
757.3934837092731,0.0,80.0,Ag/MOF,76.880585
758.0200501253132,0.0,80.0,Ag/MOF,76.87927
758.6466165413534,0.0,80.0,Ag/MOF,76.877945
759.2731829573935,0.0,80.0,Ag/MOF,76.87663
759.8997493734336,0.0,80.0,Ag/MOF,76.87532
760.5263157894736,0.0,80.0,Ag/MOF,76.874
761.1528822055138,0.0,80.0,Ag/MOF,76.87267
761.7794486215539,0.0,80.0,Ag/MOF,76.87135
762.406015037594,0.0,80.0,Ag/MOF,76.87005
763.0325814536341,0.0,80.0,Ag/MOF,76.86873
763.6591478696741,0.0,80.0,Ag/MOF,76.86742
764.2857142857142,0.0,80.0,Ag/MOF,76.86609
764.9122807017544,0.0,80.0,Ag/MOF,76.86478
765.5388471177945,0.0,80.0,Ag/MOF,76.86346
766.1654135338346,0.0,80.0,Ag/MOF,76.86214
766.7919799498746,0.0,80.0,Ag/MOF,76.86083
767.4185463659148,0.0,80.0,Ag/MOF,76.8595
768.0451127819549,0.0,80.0,Ag/MOF,76.85819
768.671679197995,0.0,80.0,Ag/MOF,76.85686
769.2982456140351,0.0,80.0,Ag/MOF,76.855545
769.9248120300751,0.0,80.0,Ag/MOF,76.85423
770.5513784461152,0.0,80.0,Ag/MOF,76.85292
771.1779448621554,0.0,80.0,Ag/MOF,76.85159
771.8045112781955,0.0,80.0,Ag/MOF,76.85028
772.4310776942356,0.0,80.0,Ag/MOF,76.84896
773.0576441102756,0.0,80.0,Ag/MOF,76.84764
773.6842105263158,0.0,80.0,Ag/MOF,76.84633
774.3107769423559,0.0,80.0,Ag/MOF,76.84501
774.937343358396,0.0,80.0,Ag/MOF,76.8437
775.5639097744361,0.0,80.0,Ag/MOF,76.84238
776.1904761904761,0.0,80.0,Ag/MOF,76.841064
776.8170426065162,0.0,80.0,Ag/MOF,76.83974
777.4436090225564,0.0,80.0,Ag/MOF,76.838425
778.0701754385965,0.0,80.0,Ag/MOF,76.837105
778.6967418546366,0.0,80.0,Ag/MOF,76.835785
779.3233082706766,0.0,80.0,Ag/MOF,76.834465
779.9498746867168,0.0,80.0,Ag/MOF,76.833145
780.5764411027569,0.0,80.0,Ag/MOF,76.831825
781.203007518797,0.0,80.0,Ag/MOF,76.83051
781.8295739348371,0.0,80.0,Ag/MOF,76.82919
782.4561403508771,0.0,80.0,Ag/MOF,76.82788
783.0827067669172,0.0,80.0,Ag/MOF,76.82656
783.7092731829574,0.0,80.0,Ag/MOF,76.82525
784.3358395989975,0.0,80.0,Ag/MOF,76.82393
784.9624060150376,0.0,80.0,Ag/MOF,76.82261
785.5889724310777,0.0,80.0,Ag/MOF,76.8213
786.2155388471178,0.0,80.0,Ag/MOF,76.82202
786.8421052631579,0.0,80.0,Ag/MOF,76.82353
787.468671679198,0.0,80.0,Ag/MOF,76.82504
788.0952380952381,0.0,80.0,Ag/MOF,76.82656
788.7218045112782,0.0,80.0,Ag/MOF,76.82807
789.3483709273182,0.0,80.0,Ag/MOF,76.82958
789.9749373433584,0.0,80.0,Ag/MOF,76.8311
790.6015037593985,0.0,80.0,Ag/MOF,76.8326
791.2280701754386,0.0,80.0,Ag/MOF,76.83412
791.8546365914787,0.0,80.0,Ag/MOF,76.83565
792.4812030075188,0.0,80.0,Ag/MOF,76.83714
793.1077694235589,0.0,80.0,Ag/MOF,76.83867
793.734335839599,0.0,80.0,Ag/MOF,76.84018
794.3609022556391,0.0,80.0,Ag/MOF,76.84169
794.9874686716792,0.0,80.0,Ag/MOF,76.8432
795.6140350877192,0.0,80.0,Ag/MOF,76.84471
796.2406015037594,0.0,80.0,Ag/MOF,76.84623
796.8671679197995,0.0,80.0,Ag/MOF,76.84775
797.4937343358396,0.0,80.0,Ag/MOF,76.84925
798.1203007518797,0.0,80.0,Ag/MOF,76.85077
798.7468671679198,0.0,80.0,Ag/MOF,76.85228
799.3734335839599,0.0,80.0,Ag/MOF,76.85434
800.0,0.0,80.0,Ag/MOF,76.85977
550.0,20.0,80.0,Ag/MOF,73.94238
550.6265664160401,20.0,80.0,Ag/MOF,73.94388
551.2531328320802,20.0,80.0,Ag/MOF,73.94539
551.8796992481203,20.0,80.0,Ag/MOF,73.94795
552.5062656641604,20.0,80.0,Ag/MOF,73.951164
553.1328320802005,20.0,80.0,Ag/MOF,73.95438
553.7593984962406,20.0,80.0,Ag/MOF,73.95758
554.3859649122807,20.0,80.0,Ag/MOF,73.960785
555.0125313283208,20.0,80.0,Ag/MOF,73.964005
555.6390977443609,20.0,80.0,Ag/MOF,73.96722
556.265664160401,20.0,80.0,Ag/MOF,73.97042
556.8922305764411,20.0,80.0,Ag/MOF,73.973625
557.5187969924812,20.0,80.0,Ag/MOF,73.97684
558.1453634085213,20.0,80.0,Ag/MOF,73.98006
558.7719298245614,20.0,80.0,Ag/MOF,73.98326
559.3984962406015,20.0,80.0,Ag/MOF,73.986465
560.0250626566416,20.0,80.0,Ag/MOF,73.989685
560.6516290726817,20.0,80.0,Ag/MOF,73.99289
561.2781954887218,20.0,80.0,Ag/MOF,73.99609
561.9047619047619,20.0,80.0,Ag/MOF,73.99931
562.531328320802,20.0,80.0,Ag/MOF,74.002525
563.1578947368421,20.0,80.0,Ag/MOF,74.00572
563.7844611528822,20.0,80.0,Ag/MOF,74.00893
564.4110275689223,20.0,80.0,Ag/MOF,74.01213
565.0375939849624,20.0,80.0,Ag/MOF,74.01536
565.6641604010025,20.0,80.0,Ag/MOF,74.01856
566.2907268170426,20.0,80.0,Ag/MOF,74.021774
566.9172932330827,20.0,80.0,Ag/MOF,74.02498
567.5438596491229,20.0,80.0,Ag/MOF,74.02818
568.1704260651629,20.0,80.0,Ag/MOF,74.0314
568.796992481203,20.0,80.0,Ag/MOF,74.03461
569.4235588972431,20.0,80.0,Ag/MOF,74.03781
570.0501253132832,20.0,80.0,Ag/MOF,74.04103
570.6766917293234,20.0,80.0,Ag/MOF,74.044235
571.3032581453634,20.0,80.0,Ag/MOF,74.047455
571.9298245614035,20.0,80.0,Ag/MOF,74.05066
572.5563909774436,20.0,80.0,Ag/MOF,74.053856
573.1829573934837,20.0,80.0,Ag/MOF,74.05707
573.8095238095239,20.0,80.0,Ag/MOF,74.06028
574.4360902255639,20.0,80.0,Ag/MOF,74.06349
575.062656641604,20.0,80.0,Ag/MOF,74.0667
575.6892230576441,20.0,80.0,Ag/MOF,74.06991
576.3157894736842,20.0,80.0,Ag/MOF,74.07311
576.9423558897244,20.0,80.0,Ag/MOF,74.07657
577.5689223057644,20.0,80.0,Ag/MOF,74.08017
578.1954887218045,20.0,80.0,Ag/MOF,74.08378
578.8220551378446,20.0,80.0,Ag/MOF,74.08739
579.4486215538847,20.0,80.0,Ag/MOF,74.09098
580.0751879699249,20.0,80.0,Ag/MOF,74.09458
580.7017543859649,20.0,80.0,Ag/MOF,74.0982
581.328320802005,20.0,80.0,Ag/MOF,74.10181
581.9548872180451,20.0,80.0,Ag/MOF,74.10541
582.5814536340852,20.0,80.0,Ag/MOF,74.10901
583.2080200501254,20.0,80.0,Ag/MOF,74.11261
583.8345864661654,20.0,80.0,Ag/MOF,74.11622
584.4611528822055,20.0,80.0,Ag/MOF,74.11982
585.0877192982456,20.0,80.0,Ag/MOF,74.12343
585.7142857142857,20.0,80.0,Ag/MOF,74.12703
586.3408521303259,20.0,80.0,Ag/MOF,74.13063
586.9674185463659,20.0,80.0,Ag/MOF,74.13425
587.593984962406,20.0,80.0,Ag/MOF,74.13785
588.2205513784461,20.0,80.0,Ag/MOF,74.14145
588.8471177944862,20.0,80.0,Ag/MOF,74.14505
589.4736842105264,20.0,80.0,Ag/MOF,74.14866
590.1002506265664,20.0,80.0,Ag/MOF,74.15226
590.7268170426065,20.0,80.0,Ag/MOF,74.155876
591.3533834586466,20.0,80.0,Ag/MOF,74.15947
591.9799498746867,20.0,80.0,Ag/MOF,74.16308
592.6065162907269,20.0,80.0,Ag/MOF,74.16668
593.2330827067669,20.0,80.0,Ag/MOF,74.17029
593.859649122807,20.0,80.0,Ag/MOF,74.1739
594.4862155388471,20.0,80.0,Ag/MOF,74.17749
595.1127819548872,20.0,80.0,Ag/MOF,74.18143
595.7393483709274,20.0,80.0,Ag/MOF,74.18578
596.3659147869674,20.0,80.0,Ag/MOF,74.19014
596.9924812030075,20.0,80.0,Ag/MOF,74.19449
597.6190476190476,20.0,80.0,Ag/MOF,74.19884
598.2456140350877,20.0,80.0,Ag/MOF,74.203186
598.8721804511279,20.0,80.0,Ag/MOF,74.20754
599.4987468671679,20.0,80.0,Ag/MOF,74.2119
600.125313283208,20.0,80.0,Ag/MOF,74.21625
600.7518796992481,20.0,80.0,Ag/MOF,74.2206
601.3784461152882,20.0,80.0,Ag/MOF,74.22502
602.0050125313284,20.0,80.0,Ag/MOF,74.229454
602.6315789473684,20.0,80.0,Ag/MOF,74.23389
603.2581453634085,20.0,80.0,Ag/MOF,74.23831
603.8847117794486,20.0,80.0,Ag/MOF,74.242744
604.5112781954887,20.0,80.0,Ag/MOF,74.24718
605.1378446115289,20.0,80.0,Ag/MOF,74.2516
605.7644110275689,20.0,80.0,Ag/MOF,74.25604
606.390977443609,20.0,80.0,Ag/MOF,74.26047
607.0175438596491,20.0,80.0,Ag/MOF,74.26489
607.6441102756892,20.0,80.0,Ag/MOF,74.26933
608.2706766917294,20.0,80.0,Ag/MOF,74.27376
608.8972431077694,20.0,80.0,Ag/MOF,74.2782
609.5238095238095,20.0,80.0,Ag/MOF,74.28262
610.1503759398496,20.0,80.0,Ag/MOF,74.28706
610.7769423558897,20.0,80.0,Ag/MOF,74.2915
611.4035087719299,20.0,80.0,Ag/MOF,74.29592
612.0300751879699,20.0,80.0,Ag/MOF,74.300354
612.65664160401,20.0,80.0,Ag/MOF,74.30479
613.2832080200501,20.0,80.0,Ag/MOF,74.30922
613.9097744360902,20.0,80.0,Ag/MOF,74.31365
614.5363408521304,20.0,80.0,Ag/MOF,74.31808
615.1629072681704,20.0,80.0,Ag/MOF,74.32252
615.7894736842105,20.0,80.0,Ag/MOF,74.32695
616.4160401002506,20.0,80.0,Ag/MOF,74.331375
617.0426065162907,20.0,80.0,Ag/MOF,74.330345
617.6691729323309,20.0,80.0,Ag/MOF,74.32585
618.295739348371,20.0,80.0,Ag/MOF,74.32138
618.922305764411,20.0,80.0,Ag/MOF,74.316895
619.5488721804511,20.0,80.0,Ag/MOF,74.31241
620.1754385964912,20.0,80.0,Ag/MOF,74.307915
620.8020050125314,20.0,80.0,Ag/MOF,74.30344
621.4285714285714,20.0,80.0,Ag/MOF,74.29895
622.0551378446115,20.0,80.0,Ag/MOF,74.29447
622.6817042606516,20.0,80.0,Ag/MOF,74.289986
623.3082706766917,20.0,80.0,Ag/MOF,74.28549
623.9348370927319,20.0,80.0,Ag/MOF,74.281006
624.561403508772,20.0,80.0,Ag/MOF,74.27652
625.187969924812,20.0,80.0,Ag/MOF,74.27203
625.8145363408521,20.0,80.0,Ag/MOF,74.267555
626.4411027568922,20.0,80.0,Ag/MOF,74.26307
627.0676691729324,20.0,80.0,Ag/MOF,74.25858
627.6942355889724,20.0,80.0,Ag/MOF,74.2541
628.3208020050125,20.0,80.0,Ag/MOF,74.24961
628.9473684210526,20.0,80.0,Ag/MOF,74.245125
629.5739348370927,20.0,80.0,Ag/MOF,74.24063
630.2005012531329,20.0,80.0,Ag/MOF,74.23616
630.827067669173,20.0,80.0,Ag/MOF,74.231674
631.453634085213,20.0,80.0,Ag/MOF,74.22719
632.0802005012531,20.0,80.0,Ag/MOF,74.2227
632.7067669172932,20.0,80.0,Ag/MOF,74.218216
633.3333333333334,20.0,80.0,Ag/MOF,74.21372
633.9598997493734,20.0,80.0,Ag/MOF,74.20924
634.5864661654135,20.0,80.0,Ag/MOF,74.20476
635.2130325814536,20.0,80.0,Ag/MOF,74.20028
635.8395989974937,20.0,80.0,Ag/MOF,74.195786
636.4661654135339,20.0,80.0,Ag/MOF,74.19131
637.092731829574,20.0,80.0,Ag/MOF,74.18681
637.719298245614,20.0,80.0,Ag/MOF,74.18233
638.3458646616541,20.0,80.0,Ag/MOF,74.17784
638.9724310776942,20.0,80.0,Ag/MOF,74.17336
639.5989974937344,20.0,80.0,Ag/MOF,74.16888
640.2255639097745,20.0,80.0,Ag/MOF,74.16439
640.8521303258145,20.0,80.0,Ag/MOF,74.15993
641.4786967418546,20.0,80.0,Ag/MOF,74.15549
642.1052631578947,20.0,80.0,Ag/MOF,74.151054
642.7318295739349,20.0,80.0,Ag/MOF,74.14662
643.358395989975,20.0,80.0,Ag/MOF,74.14218
643.984962406015,20.0,80.0,Ag/MOF,74.13774
644.6115288220551,20.0,80.0,Ag/MOF,74.133316
645.2380952380952,20.0,80.0,Ag/MOF,74.12888
645.8646616541354,20.0,80.0,Ag/MOF,74.12445
646.4912280701755,20.0,80.0,Ag/MOF,74.12001
647.1177944862155,20.0,80.0,Ag/MOF,74.11557
647.7443609022556,20.0,80.0,Ag/MOF,74.111145
648.3709273182957,20.0,80.0,Ag/MOF,74.10513
648.9974937343359,20.0,80.0,Ag/MOF,74.09845
649.624060150376,20.0,80.0,Ag/MOF,74.09178
650.250626566416,20.0,80.0,Ag/MOF,74.0851
650.8771929824561,20.0,80.0,Ag/MOF,74.078415
651.5037593984962,20.0,80.0,Ag/MOF,74.07173
652.1303258145364,20.0,80.0,Ag/MOF,74.06505
652.7568922305765,20.0,80.0,Ag/MOF,74.05837
653.3834586466165,20.0,80.0,Ag/MOF,74.0517
654.0100250626566,20.0,80.0,Ag/MOF,74.045006
654.6365914786967,20.0,80.0,Ag/MOF,74.038284
655.2631578947369,20.0,80.0,Ag/MOF,74.03139
655.889724310777,20.0,80.0,Ag/MOF,74.024506
656.516290726817,20.0,80.0,Ag/MOF,74.01761
657.1428571428571,20.0,80.0,Ag/MOF,74.01073
657.7694235588972,20.0,80.0,Ag/MOF,74.00384
658.3959899749374,20.0,80.0,Ag/MOF,73.99694
659.0225563909775,20.0,80.0,Ag/MOF,73.99005
659.6491228070175,20.0,80.0,Ag/MOF,73.983154
660.2756892230576,20.0,80.0,Ag/MOF,73.976265
660.9022556390977,20.0,80.0,Ag/MOF,73.969376
661.5288220551379,20.0,80.0,Ag/MOF,73.96249
662.155388471178,20.0,80.0,Ag/MOF,73.9556
662.781954887218,20.0,80.0,Ag/MOF,73.948715
663.4085213032581,20.0,80.0,Ag/MOF,73.94182
664.0350877192982,20.0,80.0,Ag/MOF,73.93493
664.6616541353384,20.0,80.0,Ag/MOF,73.92886
665.2882205513785,20.0,80.0,Ag/MOF,73.92292
665.9147869674185,20.0,80.0,Ag/MOF,73.91698
666.5413533834586,20.0,80.0,Ag/MOF,73.91102
667.1679197994987,20.0,80.0,Ag/MOF,73.905075
667.7944862155389,20.0,80.0,Ag/MOF,73.89912
668.421052631579,20.0,80.0,Ag/MOF,73.89317
669.047619047619,20.0,80.0,Ag/MOF,73.88723
669.6741854636591,20.0,80.0,Ag/MOF,73.88355
670.3007518796992,20.0,80.0,Ag/MOF,73.88107
670.9273182957394,20.0,80.0,Ag/MOF,73.8786
671.5538847117795,20.0,80.0,Ag/MOF,73.87612
672.1804511278195,20.0,80.0,Ag/MOF,73.873634
672.8070175438596,20.0,80.0,Ag/MOF,73.87117
673.4335839598998,20.0,80.0,Ag/MOF,73.8687
674.0601503759399,20.0,80.0,Ag/MOF,73.86621
674.68671679198,20.0,80.0,Ag/MOF,73.86374
675.31328320802,20.0,80.0,Ag/MOF,73.86125
675.9398496240601,20.0,80.0,Ag/MOF,73.85878
676.5664160401002,20.0,80.0,Ag/MOF,73.85631
677.1929824561404,20.0,80.0,Ag/MOF,73.85382
677.8195488721805,20.0,80.0,Ag/MOF,73.85134
678.4461152882205,20.0,80.0,Ag/MOF,73.84887
679.0726817042606,20.0,80.0,Ag/MOF,73.84639
679.6992481203008,20.0,80.0,Ag/MOF,73.84391
680.3258145363409,20.0,80.0,Ag/MOF,73.84143
680.952380952381,20.0,80.0,Ag/MOF,73.83895
681.578947368421,20.0,80.0,Ag/MOF,73.83649
682.2055137844611,20.0,80.0,Ag/MOF,73.834
682.8320802005012,20.0,80.0,Ag/MOF,73.83152
683.4586466165414,20.0,80.0,Ag/MOF,73.82904
684.0852130325815,20.0,80.0,Ag/MOF,73.82657
684.7117794486215,20.0,80.0,Ag/MOF,73.82408
685.3383458646616,20.0,80.0,Ag/MOF,73.82161
685.9649122807018,20.0,80.0,Ag/MOF,73.81914
686.5914786967419,20.0,80.0,Ag/MOF,73.81665
687.218045112782,20.0,80.0,Ag/MOF,73.81418
687.844611528822,20.0,80.0,Ag/MOF,73.8117
688.4711779448621,20.0,80.0,Ag/MOF,73.80922
689.0977443609022,20.0,80.0,Ag/MOF,73.80675
689.7243107769424,20.0,80.0,Ag/MOF,73.80426
690.3508771929825,20.0,80.0,Ag/MOF,73.80179
690.9774436090225,20.0,80.0,Ag/MOF,73.79931
691.6040100250626,20.0,80.0,Ag/MOF,73.79683
692.2305764411028,20.0,80.0,Ag/MOF,73.79436
692.8571428571429,20.0,80.0,Ag/MOF,73.79188
693.483709273183,20.0,80.0,Ag/MOF,73.7894
694.110275689223,20.0,80.0,Ag/MOF,73.78693
694.7368421052631,20.0,80.0,Ag/MOF,73.78444
695.3634085213032,20.0,80.0,Ag/MOF,73.78197
695.9899749373434,20.0,80.0,Ag/MOF,73.779495
696.6165413533835,20.0,80.0,Ag/MOF,73.777016
697.2431077694235,20.0,80.0,Ag/MOF,73.774536
697.8696741854636,20.0,80.0,Ag/MOF,73.77206
698.4962406015038,20.0,80.0,Ag/MOF,73.76958
699.1228070175439,20.0,80.0,Ag/MOF,73.767105
699.749373433584,20.0,80.0,Ag/MOF,73.76462
700.375939849624,20.0,80.0,Ag/MOF,73.76214
701.0025062656641,20.0,80.0,Ag/MOF,73.75967
701.6290726817042,20.0,80.0,Ag/MOF,73.75719
702.2556390977444,20.0,80.0,Ag/MOF,73.75471
702.8822055137845,20.0,80.0,Ag/MOF,73.75223
703.5087719298245,20.0,80.0,Ag/MOF,73.75119
704.1353383458646,20.0,80.0,Ag/MOF,73.750435
704.7619047619048,20.0,80.0,Ag/MOF,73.74969
705.3884711779449,20.0,80.0,Ag/MOF,73.74894
706.015037593985,20.0,80.0,Ag/MOF,73.748184
706.641604010025,20.0,80.0,Ag/MOF,73.747444
707.2681704260651,20.0,80.0,Ag/MOF,73.74669
707.8947368421052,20.0,80.0,Ag/MOF,73.74594
708.5213032581454,20.0,80.0,Ag/MOF,73.745186
709.1478696741855,20.0,80.0,Ag/MOF,73.744446
709.7744360902255,20.0,80.0,Ag/MOF,73.74369
710.4010025062656,20.0,80.0,Ag/MOF,73.742935
711.0275689223058,20.0,80.0,Ag/MOF,73.742195
711.6541353383459,20.0,80.0,Ag/MOF,73.74144
712.280701754386,20.0,80.0,Ag/MOF,73.7407
712.907268170426,20.0,80.0,Ag/MOF,73.73994
713.5338345864661,20.0,80.0,Ag/MOF,73.7392
714.1604010025062,20.0,80.0,Ag/MOF,73.738434
714.7869674185464,20.0,80.0,Ag/MOF,73.737686
715.4135338345865,20.0,80.0,Ag/MOF,73.73694
716.0401002506266,20.0,80.0,Ag/MOF,73.73619
716.6666666666666,20.0,80.0,Ag/MOF,73.73544
717.2932330827068,20.0,80.0,Ag/MOF,73.73469
717.9197994987469,20.0,80.0,Ag/MOF,73.73394
718.546365914787,20.0,80.0,Ag/MOF,73.733185
719.172932330827,20.0,80.0,Ag/MOF,73.732445
719.7994987468671,20.0,80.0,Ag/MOF,73.7317
720.4260651629072,20.0,80.0,Ag/MOF,73.73094
721.0526315789474,20.0,80.0,Ag/MOF,73.730194
721.6791979949875,20.0,80.0,Ag/MOF,73.72944
722.3057644110276,20.0,80.0,Ag/MOF,73.72869
722.9323308270676,20.0,80.0,Ag/MOF,73.72794
723.5588972431078,20.0,80.0,Ag/MOF,73.72719
724.1854636591479,20.0,80.0,Ag/MOF,73.72644
724.812030075188,20.0,80.0,Ag/MOF,73.72569
725.438596491228,20.0,80.0,Ag/MOF,73.72494
726.0651629072681,20.0,80.0,Ag/MOF,73.72419
726.6917293233082,20.0,80.0,Ag/MOF,73.72344
727.3182957393484,20.0,80.0,Ag/MOF,73.722694
727.9448621553885,20.0,80.0,Ag/MOF,73.72194
728.5714285714286,20.0,80.0,Ag/MOF,73.7212
729.1979949874686,20.0,80.0,Ag/MOF,73.72044
729.8245614035088,20.0,80.0,Ag/MOF,73.719696
730.4511278195489,20.0,80.0,Ag/MOF,73.71895
731.077694235589,20.0,80.0,Ag/MOF,73.718185
731.704260651629,20.0,80.0,Ag/MOF,73.717445
732.3308270676691,20.0,80.0,Ag/MOF,73.7167
732.9573934837092,20.0,80.0,Ag/MOF,73.71594
733.5839598997494,20.0,80.0,Ag/MOF,73.715195
734.2105263157895,20.0,80.0,Ag/MOF,73.71445
734.8370927318296,20.0,80.0,Ag/MOF,73.7137
735.4636591478696,20.0,80.0,Ag/MOF,73.71295
736.0902255639098,20.0,80.0,Ag/MOF,73.7122
736.7167919799499,20.0,80.0,Ag/MOF,73.71144
737.34335839599,20.0,80.0,Ag/MOF,73.71069
737.9699248120301,20.0,80.0,Ag/MOF,73.709946
738.5964912280701,20.0,80.0,Ag/MOF,73.7092
739.2230576441102,20.0,80.0,Ag/MOF,73.708435
739.8496240601504,20.0,80.0,Ag/MOF,73.707695
740.4761904761905,20.0,80.0,Ag/MOF,73.70694
741.1027568922306,20.0,80.0,Ag/MOF,73.70619
741.7293233082706,20.0,80.0,Ag/MOF,73.705444
742.3558897243108,20.0,80.0,Ag/MOF,73.7047
742.9824561403509,20.0,80.0,Ag/MOF,73.70395
743.609022556391,20.0,80.0,Ag/MOF,73.70319
744.2355889724311,20.0,80.0,Ag/MOF,73.702446
744.8621553884711,20.0,80.0,Ag/MOF,73.7017
745.4887218045112,20.0,80.0,Ag/MOF,73.70094
746.1152882205514,20.0,80.0,Ag/MOF,73.700195
746.7418546365915,20.0,80.0,Ag/MOF,73.69944
747.3684210526316,20.0,80.0,Ag/MOF,73.6987
747.9949874686716,20.0,80.0,Ag/MOF,73.69795
748.6215538847118,20.0,80.0,Ag/MOF,73.69719
749.2481203007519,20.0,80.0,Ag/MOF,73.69644
749.874686716792,20.0,80.0,Ag/MOF,73.69569
750.5012531328321,20.0,80.0,Ag/MOF,73.69495
751.1278195488721,20.0,80.0,Ag/MOF,73.6942
751.7543859649122,20.0,80.0,Ag/MOF,73.69344
752.3809523809524,20.0,80.0,Ag/MOF,73.692696
753.0075187969925,20.0,80.0,Ag/MOF,73.69195
753.6340852130326,20.0,80.0,Ag/MOF,73.69119
754.2606516290726,20.0,80.0,Ag/MOF,73.690445
754.8872180451128,20.0,80.0,Ag/MOF,73.6897
755.5137844611529,20.0,80.0,Ag/MOF,73.68894
756.140350877193,20.0,80.0,Ag/MOF,73.688194
756.7669172932331,20.0,80.0,Ag/MOF,73.68745
757.3934837092731,20.0,80.0,Ag/MOF,73.68669
758.0200501253132,20.0,80.0,Ag/MOF,73.68594
758.6466165413534,20.0,80.0,Ag/MOF,73.685196
759.2731829573935,20.0,80.0,Ag/MOF,73.68445
759.8997493734336,20.0,80.0,Ag/MOF,73.68369
760.5263157894736,20.0,80.0,Ag/MOF,73.68294
761.1528822055138,20.0,80.0,Ag/MOF,73.6822
761.7794486215539,20.0,80.0,Ag/MOF,73.68145
762.406015037594,20.0,80.0,Ag/MOF,73.680695
763.0325814536341,20.0,80.0,Ag/MOF,73.67995
763.6591478696741,20.0,80.0,Ag/MOF,73.6792
764.2857142857142,20.0,80.0,Ag/MOF,73.678444
764.9122807017544,20.0,80.0,Ag/MOF,73.6777
765.5388471177945,20.0,80.0,Ag/MOF,73.67694
766.1654135338346,20.0,80.0,Ag/MOF,73.67619
766.7919799498746,20.0,80.0,Ag/MOF,73.675446
767.4185463659148,20.0,80.0,Ag/MOF,73.6747
768.0451127819549,20.0,80.0,Ag/MOF,73.67406
768.671679197995,20.0,80.0,Ag/MOF,73.67615
769.2982456140351,20.0,80.0,Ag/MOF,73.67825
769.9248120300751,20.0,80.0,Ag/MOF,73.68036
770.5513784461152,20.0,80.0,Ag/MOF,73.68244
771.1779448621554,20.0,80.0,Ag/MOF,73.684555
771.8045112781955,20.0,80.0,Ag/MOF,73.68666
772.4310776942356,20.0,80.0,Ag/MOF,73.68875
773.0576441102756,20.0,80.0,Ag/MOF,73.69085
773.6842105263158,20.0,80.0,Ag/MOF,73.69295
774.3107769423559,20.0,80.0,Ag/MOF,73.695045
774.937343358396,20.0,80.0,Ag/MOF,73.69714
775.5639097744361,20.0,80.0,Ag/MOF,73.69924
776.1904761904761,20.0,80.0,Ag/MOF,73.70134
776.8170426065162,20.0,80.0,Ag/MOF,73.703445
777.4436090225564,20.0,80.0,Ag/MOF,73.70554
778.0701754385965,20.0,80.0,Ag/MOF,73.70764
778.6967418546366,20.0,80.0,Ag/MOF,73.70973
779.3233082706766,20.0,80.0,Ag/MOF,73.711845
779.9498746867168,20.0,80.0,Ag/MOF,73.71394
780.5764411027569,20.0,80.0,Ag/MOF,73.716034
781.203007518797,20.0,80.0,Ag/MOF,73.71814
781.8295739348371,20.0,80.0,Ag/MOF,73.72024
782.4561403508771,20.0,80.0,Ag/MOF,73.722336
783.0827067669172,20.0,80.0,Ag/MOF,73.72443
783.7092731829574,20.0,80.0,Ag/MOF,73.72653
784.3358395989975,20.0,80.0,Ag/MOF,73.72864
784.9624060150376,20.0,80.0,Ag/MOF,73.73073
785.5889724310777,20.0,80.0,Ag/MOF,73.732834
786.2155388471178,20.0,80.0,Ag/MOF,73.73493
786.8421052631579,20.0,80.0,Ag/MOF,73.73702
787.468671679198,20.0,80.0,Ag/MOF,73.73913
788.0952380952381,20.0,80.0,Ag/MOF,73.74123
788.7218045112782,20.0,80.0,Ag/MOF,73.743324
789.3483709273182,20.0,80.0,Ag/MOF,73.74542
789.9749373433584,20.0,80.0,Ag/MOF,73.74753
790.6015037593985,20.0,80.0,Ag/MOF,73.74962
791.2280701754386,20.0,80.0,Ag/MOF,73.751724
791.8546365914787,20.0,80.0,Ag/MOF,73.75382
792.4812030075188,20.0,80.0,Ag/MOF,73.75592
793.1077694235589,20.0,80.0,Ag/MOF,73.758026
793.734335839599,20.0,80.0,Ag/MOF,73.76012
794.3609022556391,20.0,80.0,Ag/MOF,73.762215
794.9874686716792,20.0,80.0,Ag/MOF,73.76431
795.6140350877192,20.0,80.0,Ag/MOF,73.76642
796.2406015037594,20.0,80.0,Ag/MOF,73.768524
796.8671679197995,20.0,80.0,Ag/MOF,73.77061
797.4937343358396,20.0,80.0,Ag/MOF,73.772705
798.1203007518797,20.0,80.0,Ag/MOF,73.77481
798.7468671679198,20.0,80.0,Ag/MOF,73.77935
799.3734335839599,20.0,80.0,Ag/MOF,73.78555
800.0,20.0,80.0,Ag/MOF,73.79177
550.0,40.0,80.0,Ag/MOF,73.99872
550.6265664160401,40.0,80.0,Ag/MOF,74.00258
551.2531328320802,40.0,80.0,Ag/MOF,74.00645
551.8796992481203,40.0,80.0,Ag/MOF,74.010315
552.5062656641604,40.0,80.0,Ag/MOF,74.01418
553.1328320802005,40.0,80.0,Ag/MOF,74.01805
553.7593984962406,40.0,80.0,Ag/MOF,74.02193
554.3859649122807,40.0,80.0,Ag/MOF,74.0258
555.0125313283208,40.0,80.0,Ag/MOF,74.02966
555.6390977443609,40.0,80.0,Ag/MOF,74.03326
556.265664160401,40.0,80.0,Ag/MOF,74.03668
556.8922305764411,40.0,80.0,Ag/MOF,74.040115
557.5187969924812,40.0,80.0,Ag/MOF,74.04353
558.1453634085213,40.0,80.0,Ag/MOF,74.04695
558.7719298245614,40.0,80.0,Ag/MOF,74.05038
559.3984962406015,40.0,80.0,Ag/MOF,74.0538
560.0250626566416,40.0,80.0,Ag/MOF,74.05723
560.6516290726817,40.0,80.0,Ag/MOF,74.06065
561.2781954887218,40.0,80.0,Ag/MOF,74.06408
561.9047619047619,40.0,80.0,Ag/MOF,74.0675
562.531328320802,40.0,80.0,Ag/MOF,74.07093
563.1578947368421,40.0,80.0,Ag/MOF,74.074356
563.7844611528822,40.0,80.0,Ag/MOF,74.077774
564.4110275689223,40.0,80.0,Ag/MOF,74.08121
565.0375939849624,40.0,80.0,Ag/MOF,74.084625
565.6641604010025,40.0,80.0,Ag/MOF,74.08805
566.2907268170426,40.0,80.0,Ag/MOF,74.091484
566.9172932330827,40.0,80.0,Ag/MOF,74.0949
567.5438596491229,40.0,80.0,Ag/MOF,74.09833
568.1704260651629,40.0,80.0,Ag/MOF,74.10175
568.796992481203,40.0,80.0,Ag/MOF,74.10519
569.4235588972431,40.0,80.0,Ag/MOF,74.108604
570.0501253132832,40.0,80.0,Ag/MOF,74.11203
570.6766917293234,40.0,80.0,Ag/MOF,74.115456
571.3032581453634,40.0,80.0,Ag/MOF,74.118866
571.9298245614035,40.0,80.0,Ag/MOF,74.1223
572.5563909774436,40.0,80.0,Ag/MOF,74.12654
573.1829573934837,40.0,80.0,Ag/MOF,74.13116
573.8095238095239,40.0,80.0,Ag/MOF,74.13577
574.4360902255639,40.0,80.0,Ag/MOF,74.140396
575.062656641604,40.0,80.0,Ag/MOF,74.14502
575.6892230576441,40.0,80.0,Ag/MOF,74.14964
576.3157894736842,40.0,80.0,Ag/MOF,74.15426
576.9423558897244,40.0,80.0,Ag/MOF,74.15888
577.5689223057644,40.0,80.0,Ag/MOF,74.163506
578.1954887218045,40.0,80.0,Ag/MOF,74.16813
578.8220551378446,40.0,80.0,Ag/MOF,74.17275
579.4486215538847,40.0,80.0,Ag/MOF,74.17737
580.0751879699249,40.0,80.0,Ag/MOF,74.18199
580.7017543859649,40.0,80.0,Ag/MOF,74.186615
581.328320802005,40.0,80.0,Ag/MOF,74.19123
581.9548872180451,40.0,80.0,Ag/MOF,74.195854
582.5814536340852,40.0,80.0,Ag/MOF,74.200485
583.2080200501254,40.0,80.0,Ag/MOF,74.20509
583.8345864661654,40.0,80.0,Ag/MOF,74.209724
584.4611528822055,40.0,80.0,Ag/MOF,74.21434
585.0877192982456,40.0,80.0,Ag/MOF,74.21896
585.7142857142857,40.0,80.0,Ag/MOF,74.22359
586.3408521303259,40.0,80.0,Ag/MOF,74.2282
586.9674185463659,40.0,80.0,Ag/MOF,74.23283
587.593984962406,40.0,80.0,Ag/MOF,74.23744
588.2205513784461,40.0,80.0,Ag/MOF,74.242065
588.8471177944862,40.0,80.0,Ag/MOF,74.24669
589.4736842105264,40.0,80.0,Ag/MOF,74.25131
590.1002506265664,40.0,80.0,Ag/MOF,74.25593
590.7268170426065,40.0,80.0,Ag/MOF,74.26056
591.3533834586466,40.0,80.0,Ag/MOF,74.265175
591.9799498746867,40.0,80.0,Ag/MOF,74.26979
592.6065162907269,40.0,80.0,Ag/MOF,74.274414
593.2330827067669,40.0,80.0,Ag/MOF,74.27904
593.859649122807,40.0,80.0,Ag/MOF,74.28365
594.4862155388471,40.0,80.0,Ag/MOF,74.28828
595.1127819548872,40.0,80.0,Ag/MOF,74.2929
595.7393483709274,40.0,80.0,Ag/MOF,74.29752
596.3659147869674,40.0,80.0,Ag/MOF,74.30214
596.9924812030075,40.0,80.0,Ag/MOF,74.30676
597.6190476190476,40.0,80.0,Ag/MOF,74.311386
598.2456140350877,40.0,80.0,Ag/MOF,74.31601
598.8721804511279,40.0,80.0,Ag/MOF,74.32063
599.4987468671679,40.0,80.0,Ag/MOF,74.32526
600.125313283208,40.0,80.0,Ag/MOF,74.32987
600.7518796992481,40.0,80.0,Ag/MOF,74.33449
601.3784461152882,40.0,80.0,Ag/MOF,74.33911
602.0050125313284,40.0,80.0,Ag/MOF,74.343735
602.6315789473684,40.0,80.0,Ag/MOF,74.34836
603.2581453634085,40.0,80.0,Ag/MOF,74.35298
603.8847117794486,40.0,80.0,Ag/MOF,74.3576
604.5112781954887,40.0,80.0,Ag/MOF,74.36222
605.1378446115289,40.0,80.0,Ag/MOF,74.366844
605.7644110275689,40.0,80.0,Ag/MOF,74.37146
606.390977443609,40.0,80.0,Ag/MOF,74.37608
607.0175438596491,40.0,80.0,Ag/MOF,74.3807
607.6441102756892,40.0,80.0,Ag/MOF,74.38433
608.2706766917294,40.0,80.0,Ag/MOF,74.38725
608.8972431077694,40.0,80.0,Ag/MOF,74.39018
609.5238095238095,40.0,80.0,Ag/MOF,74.39311
610.1503759398496,40.0,80.0,Ag/MOF,74.39604
610.7769423558897,40.0,80.0,Ag/MOF,74.39898
611.4035087719299,40.0,80.0,Ag/MOF,74.4019
612.0300751879699,40.0,80.0,Ag/MOF,74.40484
612.65664160401,40.0,80.0,Ag/MOF,74.408264
613.2832080200501,40.0,80.0,Ag/MOF,74.41196
613.9097744360902,40.0,80.0,Ag/MOF,74.415634
614.5363408521304,40.0,80.0,Ag/MOF,74.4193
615.1629072681704,40.0,80.0,Ag/MOF,74.42298
615.7894736842105,40.0,80.0,Ag/MOF,74.42667
616.4160401002506,40.0,80.0,Ag/MOF,74.43033
617.0426065162907,40.0,80.0,Ag/MOF,74.43402
617.6691729323309,40.0,80.0,Ag/MOF,74.4377
618.295739348371,40.0,80.0,Ag/MOF,74.44137
618.922305764411,40.0,80.0,Ag/MOF,74.445045
619.5488721804511,40.0,80.0,Ag/MOF,74.44873
620.1754385964912,40.0,80.0,Ag/MOF,74.4524
620.8020050125314,40.0,80.0,Ag/MOF,74.45607
621.4285714285714,40.0,80.0,Ag/MOF,74.459755
622.0551378446115,40.0,80.0,Ag/MOF,74.46344
622.6817042606516,40.0,80.0,Ag/MOF,74.4671
623.3082706766917,40.0,80.0,Ag/MOF,74.47079
623.9348370927319,40.0,80.0,Ag/MOF,74.47446
624.561403508772,40.0,80.0,Ag/MOF,74.478134
625.187969924812,40.0,80.0,Ag/MOF,74.48182
625.8145363408521,40.0,80.0,Ag/MOF,74.48549
626.4411027568922,40.0,80.0,Ag/MOF,74.489174
627.0676691729324,40.0,80.0,Ag/MOF,74.49285
627.6942355889724,40.0,80.0,Ag/MOF,74.49652
628.3208020050125,40.0,80.0,Ag/MOF,74.500206
628.9473684210526,40.0,80.0,Ag/MOF,74.503876
629.5739348370927,40.0,80.0,Ag/MOF,74.50756
630.2005012531329,40.0,80.0,Ag/MOF,74.51123
630.827067669173,40.0,80.0,Ag/MOF,74.51491
631.453634085213,40.0,80.0,Ag/MOF,74.518585
632.0802005012531,40.0,80.0,Ag/MOF,74.52226
632.7067669172932,40.0,80.0,Ag/MOF,74.52594
633.3333333333334,40.0,80.0,Ag/MOF,74.52962
633.9598997493734,40.0,80.0,Ag/MOF,74.533295
634.5864661654135,40.0,80.0,Ag/MOF,74.53286
635.2130325814536,40.0,80.0,Ag/MOF,74.53227
635.8395989974937,40.0,80.0,Ag/MOF,74.53171
636.4661654135339,40.0,80.0,Ag/MOF,74.53113
637.092731829574,40.0,80.0,Ag/MOF,74.53055
637.719298245614,40.0,80.0,Ag/MOF,74.52996
638.3458646616541,40.0,80.0,Ag/MOF,74.52939
638.9724310776942,40.0,80.0,Ag/MOF,74.52881
639.5989974937344,40.0,80.0,Ag/MOF,74.52823
640.2255639097745,40.0,80.0,Ag/MOF,74.52765
640.8521303258145,40.0,80.0,Ag/MOF,74.52707
641.4786967418546,40.0,80.0,Ag/MOF,74.52649
642.1052631578947,40.0,80.0,Ag/MOF,74.52591
642.7318295739349,40.0,80.0,Ag/MOF,74.52533
643.358395989975,40.0,80.0,Ag/MOF,74.52475
643.984962406015,40.0,80.0,Ag/MOF,74.52417
644.6115288220551,40.0,80.0,Ag/MOF,74.52359
645.2380952380952,40.0,80.0,Ag/MOF,74.523
645.8646616541354,40.0,80.0,Ag/MOF,74.52243
646.4912280701755,40.0,80.0,Ag/MOF,74.52185
647.1177944862155,40.0,80.0,Ag/MOF,74.52127
647.7443609022556,40.0,80.0,Ag/MOF,74.5207
648.3709273182957,40.0,80.0,Ag/MOF,74.52012
648.9974937343359,40.0,80.0,Ag/MOF,74.51953
649.624060150376,40.0,80.0,Ag/MOF,74.51895
650.250626566416,40.0,80.0,Ag/MOF,74.51837
650.8771929824561,40.0,80.0,Ag/MOF,74.5178
651.5037593984962,40.0,80.0,Ag/MOF,74.51722
652.1303258145364,40.0,80.0,Ag/MOF,74.51663
652.7568922305765,40.0,80.0,Ag/MOF,74.51606
653.3834586466165,40.0,80.0,Ag/MOF,74.51549
654.0100250626566,40.0,80.0,Ag/MOF,74.51489
654.6365914786967,40.0,80.0,Ag/MOF,74.51432
655.2631578947369,40.0,80.0,Ag/MOF,74.51373
655.889724310777,40.0,80.0,Ag/MOF,74.51316
656.516290726817,40.0,80.0,Ag/MOF,74.51246
657.1428571428571,40.0,80.0,Ag/MOF,74.5104
657.7694235588972,40.0,80.0,Ag/MOF,74.508316
658.3959899749374,40.0,80.0,Ag/MOF,74.50624
659.0225563909775,40.0,80.0,Ag/MOF,74.50417
659.6491228070175,40.0,80.0,Ag/MOF,74.502106
660.2756892230576,40.0,80.0,Ag/MOF,74.50003
660.9022556390977,40.0,80.0,Ag/MOF,74.49796
661.5288220551379,40.0,80.0,Ag/MOF,74.49589
662.155388471178,40.0,80.0,Ag/MOF,74.49382
662.781954887218,40.0,80.0,Ag/MOF,74.491745
663.4085213032581,40.0,80.0,Ag/MOF,74.48967
664.0350877192982,40.0,80.0,Ag/MOF,74.4876
664.6616541353384,40.0,80.0,Ag/MOF,74.48109
665.2882205513785,40.0,80.0,Ag/MOF,74.47011
665.9147869674185,40.0,80.0,Ag/MOF,74.45911
666.5413533834586,40.0,80.0,Ag/MOF,74.44813
667.1679197994987,40.0,80.0,Ag/MOF,74.43715
667.7944862155389,40.0,80.0,Ag/MOF,74.42615
668.421052631579,40.0,80.0,Ag/MOF,74.41515
669.047619047619,40.0,80.0,Ag/MOF,74.404175
669.6741854636591,40.0,80.0,Ag/MOF,74.39318
670.3007518796992,40.0,80.0,Ag/MOF,74.38313
670.9273182957394,40.0,80.0,Ag/MOF,74.37352
671.5538847117795,40.0,80.0,Ag/MOF,74.36389
672.1804511278195,40.0,80.0,Ag/MOF,74.35426
672.8070175438596,40.0,80.0,Ag/MOF,74.34464
673.4335839598998,40.0,80.0,Ag/MOF,74.335014
674.0601503759399,40.0,80.0,Ag/MOF,74.32539
674.68671679198,40.0,80.0,Ag/MOF,74.315765
675.31328320802,40.0,80.0,Ag/MOF,74.306145
675.9398496240601,40.0,80.0,Ag/MOF,74.296524
676.5664160401002,40.0,80.0,Ag/MOF,74.286896
677.1929824561404,40.0,80.0,Ag/MOF,74.27727
677.8195488721805,40.0,80.0,Ag/MOF,74.26765
678.4461152882205,40.0,80.0,Ag/MOF,74.25802
679.0726817042606,40.0,80.0,Ag/MOF,74.2484
679.6992481203008,40.0,80.0,Ag/MOF,74.23878
680.3258145363409,40.0,80.0,Ag/MOF,74.22916
680.952380952381,40.0,80.0,Ag/MOF,74.21953
681.578947368421,40.0,80.0,Ag/MOF,74.2099
682.2055137844611,40.0,80.0,Ag/MOF,74.20028
682.8320802005012,40.0,80.0,Ag/MOF,74.19065
683.4586466165414,40.0,80.0,Ag/MOF,74.18102
684.0852130325815,40.0,80.0,Ag/MOF,74.1714
684.7117794486215,40.0,80.0,Ag/MOF,74.16177
685.3383458646616,40.0,80.0,Ag/MOF,74.152145
685.9649122807018,40.0,80.0,Ag/MOF,74.142525
686.5914786967419,40.0,80.0,Ag/MOF,74.132904
687.218045112782,40.0,80.0,Ag/MOF,74.123276
687.844611528822,40.0,80.0,Ag/MOF,74.11365
688.4711779448621,40.0,80.0,Ag/MOF,74.10402
689.0977443609022,40.0,80.0,Ag/MOF,74.094406
689.7243107769424,40.0,80.0,Ag/MOF,74.08477
690.3508771929825,40.0,80.0,Ag/MOF,74.07515
690.9774436090225,40.0,80.0,Ag/MOF,74.06553
691.6040100250626,40.0,80.0,Ag/MOF,74.05589
692.2305764411028,40.0,80.0,Ag/MOF,74.04628
692.8571428571429,40.0,80.0,Ag/MOF,74.036644
693.483709273183,40.0,80.0,Ag/MOF,74.02703
694.110275689223,40.0,80.0,Ag/MOF,74.017395
694.7368421052631,40.0,80.0,Ag/MOF,74.007774
695.3634085213032,40.0,80.0,Ag/MOF,73.998146
695.9899749373434,40.0,80.0,Ag/MOF,73.988525
696.6165413533835,40.0,80.0,Ag/MOF,73.97891
697.2431077694235,40.0,80.0,Ag/MOF,73.96928
697.8696741854636,40.0,80.0,Ag/MOF,73.959656
698.4962406015038,40.0,80.0,Ag/MOF,73.95239
699.1228070175439,40.0,80.0,Ag/MOF,73.94624
699.749373433584,40.0,80.0,Ag/MOF,73.94009
700.375939849624,40.0,80.0,Ag/MOF,73.93394
701.0025062656641,40.0,80.0,Ag/MOF,73.92778
701.6290726817042,40.0,80.0,Ag/MOF,73.92162
702.2556390977444,40.0,80.0,Ag/MOF,73.91548
702.8822055137845,40.0,80.0,Ag/MOF,73.90932
703.5087719298245,40.0,80.0,Ag/MOF,73.90317
704.1353383458646,40.0,80.0,Ag/MOF,73.897
704.7619047619048,40.0,80.0,Ag/MOF,73.89085
705.3884711779449,40.0,80.0,Ag/MOF,73.8847
706.015037593985,40.0,80.0,Ag/MOF,73.87854
706.641604010025,40.0,80.0,Ag/MOF,73.87238
707.2681704260651,40.0,80.0,Ag/MOF,73.86624
707.8947368421052,40.0,80.0,Ag/MOF,73.86008
708.5213032581454,40.0,80.0,Ag/MOF,73.85392
709.1478696741855,40.0,80.0,Ag/MOF,73.84776
709.7744360902255,40.0,80.0,Ag/MOF,73.84161
710.4010025062656,40.0,80.0,Ag/MOF,73.83546
711.0275689223058,40.0,80.0,Ag/MOF,73.8293
711.6541353383459,40.0,80.0,Ag/MOF,73.82315
712.280701754386,40.0,80.0,Ag/MOF,73.817
712.907268170426,40.0,80.0,Ag/MOF,73.81084
713.5338345864661,40.0,80.0,Ag/MOF,73.80469
714.1604010025062,40.0,80.0,Ag/MOF,73.79852
714.7869674185464,40.0,80.0,Ag/MOF,73.79237
715.4135338345865,40.0,80.0,Ag/MOF,73.786224
716.0401002506266,40.0,80.0,Ag/MOF,73.78007
716.6666666666666,40.0,80.0,Ag/MOF,73.77391
717.2932330827068,40.0,80.0,Ag/MOF,73.76776
717.9197994987469,40.0,80.0,Ag/MOF,73.761604
718.546365914787,40.0,80.0,Ag/MOF,73.755455
719.172932330827,40.0,80.0,Ag/MOF,73.74929
719.7994987468671,40.0,80.0,Ag/MOF,73.74313
720.4260651629072,40.0,80.0,Ag/MOF,73.736984
721.0526315789474,40.0,80.0,Ag/MOF,73.73083
721.6791979949875,40.0,80.0,Ag/MOF,73.72468
722.3057644110276,40.0,80.0,Ag/MOF,73.71851
722.9323308270676,40.0,80.0,Ag/MOF,73.712364
723.5588972431078,40.0,80.0,Ag/MOF,73.70621
724.1854636591479,40.0,80.0,Ag/MOF,73.70006
724.812030075188,40.0,80.0,Ag/MOF,73.6939
725.438596491228,40.0,80.0,Ag/MOF,73.687744
726.0651629072681,40.0,80.0,Ag/MOF,73.68159
726.6917293233082,40.0,80.0,Ag/MOF,73.67544
727.3182957393484,40.0,80.0,Ag/MOF,73.66928
727.9448621553885,40.0,80.0,Ag/MOF,73.66313
728.5714285714286,40.0,80.0,Ag/MOF,73.65697
729.1979949874686,40.0,80.0,Ag/MOF,73.65082
729.8245614035088,40.0,80.0,Ag/MOF,73.64466
730.4511278195489,40.0,80.0,Ag/MOF,73.638504
731.077694235589,40.0,80.0,Ag/MOF,73.63235
731.704260651629,40.0,80.0,Ag/MOF,73.6262
732.3308270676691,40.0,80.0,Ag/MOF,73.62004
732.9573934837092,40.0,80.0,Ag/MOF,73.613884
733.5839598997494,40.0,80.0,Ag/MOF,73.60773
734.2105263157895,40.0,80.0,Ag/MOF,73.60158
734.8370927318296,40.0,80.0,Ag/MOF,73.59543
735.4636591478696,40.0,80.0,Ag/MOF,73.58927
736.0902255639098,40.0,80.0,Ag/MOF,73.583115
736.7167919799499,40.0,80.0,Ag/MOF,73.576965
737.34335839599,40.0,80.0,Ag/MOF,73.57081
737.9699248120301,40.0,80.0,Ag/MOF,73.56466
738.5964912280701,40.0,80.0,Ag/MOF,73.5585
739.2230576441102,40.0,80.0,Ag/MOF,73.55235
739.8496240601504,40.0,80.0,Ag/MOF,73.54619
740.4761904761905,40.0,80.0,Ag/MOF,73.54004
741.1027568922306,40.0,80.0,Ag/MOF,73.53388
741.7293233082706,40.0,80.0,Ag/MOF,73.52773
742.3558897243108,40.0,80.0,Ag/MOF,73.521576
742.9824561403509,40.0,80.0,Ag/MOF,73.51582
743.609022556391,40.0,80.0,Ag/MOF,73.51164
744.2355889724311,40.0,80.0,Ag/MOF,73.50747
744.8621553884711,40.0,80.0,Ag/MOF,73.503296
745.4887218045112,40.0,80.0,Ag/MOF,73.49912
746.1152882205514,40.0,80.0,Ag/MOF,73.494995
746.7418546365915,40.0,80.0,Ag/MOF,73.490875
747.3684210526316,40.0,80.0,Ag/MOF,73.486755
747.9949874686716,40.0,80.0,Ag/MOF,73.482635
748.6215538847118,40.0,80.0,Ag/MOF,73.4785
749.2481203007519,40.0,80.0,Ag/MOF,73.47439
749.874686716792,40.0,80.0,Ag/MOF,73.47026
750.5012531328321,40.0,80.0,Ag/MOF,73.46715
751.1278195488721,40.0,80.0,Ag/MOF,73.46588
751.7543859649122,40.0,80.0,Ag/MOF,73.4646
752.3809523809524,40.0,80.0,Ag/MOF,73.46333
753.0075187969925,40.0,80.0,Ag/MOF,73.46206
753.6340852130326,40.0,80.0,Ag/MOF,73.460785
754.2606516290726,40.0,80.0,Ag/MOF,73.4595
754.8872180451128,40.0,80.0,Ag/MOF,73.45824
755.5137844611529,40.0,80.0,Ag/MOF,73.456955
756.140350877193,40.0,80.0,Ag/MOF,73.45569
756.7669172932331,40.0,80.0,Ag/MOF,73.45436
757.3934837092731,40.0,80.0,Ag/MOF,73.45288
758.0200501253132,40.0,80.0,Ag/MOF,73.4514
758.6466165413534,40.0,80.0,Ag/MOF,73.449905
759.2731829573935,40.0,80.0,Ag/MOF,73.448425
759.8997493734336,40.0,80.0,Ag/MOF,73.44694
760.5263157894736,40.0,80.0,Ag/MOF,73.44546
761.1528822055138,40.0,80.0,Ag/MOF,73.44398
761.7794486215539,40.0,80.0,Ag/MOF,73.4425
762.406015037594,40.0,80.0,Ag/MOF,73.44101
763.0325814536341,40.0,80.0,Ag/MOF,73.43953
763.6591478696741,40.0,80.0,Ag/MOF,73.43804
764.2857142857142,40.0,80.0,Ag/MOF,73.43656
764.9122807017544,40.0,80.0,Ag/MOF,73.435074
765.5388471177945,40.0,80.0,Ag/MOF,73.43359
766.1654135338346,40.0,80.0,Ag/MOF,73.432106
766.7919799498746,40.0,80.0,Ag/MOF,73.430626
767.4185463659148,40.0,80.0,Ag/MOF,73.42914
768.0451127819549,40.0,80.0,Ag/MOF,73.42766
768.671679197995,40.0,80.0,Ag/MOF,73.42617
769.2982456140351,40.0,80.0,Ag/MOF,73.42469
769.9248120300751,40.0,80.0,Ag/MOF,73.4232
770.5513784461152,40.0,80.0,Ag/MOF,73.42172
771.1779448621554,40.0,80.0,Ag/MOF,73.42024
771.8045112781955,40.0,80.0,Ag/MOF,73.41876
772.4310776942356,40.0,80.0,Ag/MOF,73.41727
773.0576441102756,40.0,80.0,Ag/MOF,73.415794
773.6842105263158,40.0,80.0,Ag/MOF,73.41431
774.3107769423559,40.0,80.0,Ag/MOF,73.41281
774.937343358396,40.0,80.0,Ag/MOF,73.41133
775.5639097744361,40.0,80.0,Ag/MOF,73.40986
776.1904761904761,40.0,80.0,Ag/MOF,73.40838
776.8170426065162,40.0,80.0,Ag/MOF,73.40689
777.4436090225564,40.0,80.0,Ag/MOF,73.40541
778.0701754385965,40.0,80.0,Ag/MOF,73.40392
778.6967418546366,40.0,80.0,Ag/MOF,73.402435
779.3233082706766,40.0,80.0,Ag/MOF,73.400955
779.9498746867168,40.0,80.0,Ag/MOF,73.399475
780.5764411027569,40.0,80.0,Ag/MOF,73.397995
781.203007518797,40.0,80.0,Ag/MOF,73.3965
781.8295739348371,40.0,80.0,Ag/MOF,73.39502
782.4561403508771,40.0,80.0,Ag/MOF,73.39354
783.0827067669172,40.0,80.0,Ag/MOF,73.39206
783.7092731829574,40.0,80.0,Ag/MOF,73.39057
784.3358395989975,40.0,80.0,Ag/MOF,73.389084
784.9624060150376,40.0,80.0,Ag/MOF,73.3876
785.5889724310777,40.0,80.0,Ag/MOF,73.38612
786.2155388471178,40.0,80.0,Ag/MOF,73.384636
786.8421052631579,40.0,80.0,Ag/MOF,73.38422
787.468671679198,40.0,80.0,Ag/MOF,73.38447
788.0952380952381,40.0,80.0,Ag/MOF,73.38471
788.7218045112782,40.0,80.0,Ag/MOF,73.384964
789.3483709273182,40.0,80.0,Ag/MOF,73.3852
789.9749373433584,40.0,80.0,Ag/MOF,73.38544
790.6015037593985,40.0,80.0,Ag/MOF,73.3857
791.2280701754386,40.0,80.0,Ag/MOF,73.385925
791.8546365914787,40.0,80.0,Ag/MOF,73.38618
792.4812030075188,40.0,80.0,Ag/MOF,73.38642
793.1077694235589,40.0,80.0,Ag/MOF,73.38666
793.734335839599,40.0,80.0,Ag/MOF,73.38547
794.3609022556391,40.0,80.0,Ag/MOF,73.3835
794.9874686716792,40.0,80.0,Ag/MOF,73.38153
795.6140350877192,40.0,80.0,Ag/MOF,73.37958
796.2406015037594,40.0,80.0,Ag/MOF,73.37761
796.8671679197995,40.0,80.0,Ag/MOF,73.37564
797.4937343358396,40.0,80.0,Ag/MOF,73.373886
798.1203007518797,40.0,80.0,Ag/MOF,73.37603
798.7468671679198,40.0,80.0,Ag/MOF,73.378174
799.3734335839599,40.0,80.0,Ag/MOF,73.38031
800.0,40.0,80.0,Ag/MOF,73.38246
550.0,50.0,80.0,Ag/MOF,68.77675
550.6265664160401,50.0,80.0,Ag/MOF,68.77539
551.2531328320802,50.0,80.0,Ag/MOF,68.774994
551.8796992481203,50.0,80.0,Ag/MOF,68.774605
552.5062656641604,50.0,80.0,Ag/MOF,68.774216
553.1328320802005,50.0,80.0,Ag/MOF,68.773834
553.7593984962406,50.0,80.0,Ag/MOF,68.77345
554.3859649122807,50.0,80.0,Ag/MOF,68.773056
555.0125313283208,50.0,80.0,Ag/MOF,68.772675
555.6390977443609,50.0,80.0,Ag/MOF,68.772285
556.265664160401,50.0,80.0,Ag/MOF,68.7719
556.8922305764411,50.0,80.0,Ag/MOF,68.77151
557.5187969924812,50.0,80.0,Ag/MOF,68.771126
558.1453634085213,50.0,80.0,Ag/MOF,68.77074
558.7719298245614,50.0,80.0,Ag/MOF,68.770355
559.3984962406015,50.0,80.0,Ag/MOF,68.76997
560.0250626566416,50.0,80.0,Ag/MOF,68.769585
560.6516290726817,50.0,80.0,Ag/MOF,68.769196
561.2781954887218,50.0,80.0,Ag/MOF,68.768814
561.9047619047619,50.0,80.0,Ag/MOF,68.768425
562.531328320802,50.0,80.0,Ag/MOF,68.768036
563.1578947368421,50.0,80.0,Ag/MOF,68.767654
563.7844611528822,50.0,80.0,Ag/MOF,68.767265
564.4110275689223,50.0,80.0,Ag/MOF,68.766884
565.0375939849624,50.0,80.0,Ag/MOF,68.766495
565.6641604010025,50.0,80.0,Ag/MOF,68.7661
566.2907268170426,50.0,80.0,Ag/MOF,68.76572
566.9172932330827,50.0,80.0,Ag/MOF,68.765335
567.5438596491229,50.0,80.0,Ag/MOF,68.764946
568.1704260651629,50.0,80.0,Ag/MOF,68.76456
568.796992481203,50.0,80.0,Ag/MOF,68.76417
569.4235588972431,50.0,80.0,Ag/MOF,68.76379
570.0501253132832,50.0,80.0,Ag/MOF,68.7634
570.6766917293234,50.0,80.0,Ag/MOF,68.763016
571.3032581453634,50.0,80.0,Ag/MOF,68.76262
571.9298245614035,50.0,80.0,Ag/MOF,68.76224
572.5563909774436,50.0,80.0,Ag/MOF,68.761856
573.1829573934837,50.0,80.0,Ag/MOF,68.76147
573.8095238095239,50.0,80.0,Ag/MOF,68.76108
574.4360902255639,50.0,80.0,Ag/MOF,68.76069
575.062656641604,50.0,80.0,Ag/MOF,68.76031
575.6892230576441,50.0,80.0,Ag/MOF,68.75992
576.3157894736842,50.0,80.0,Ag/MOF,68.75954
576.9423558897244,50.0,80.0,Ag/MOF,68.759155
577.5689223057644,50.0,80.0,Ag/MOF,68.758766
578.1954887218045,50.0,80.0,Ag/MOF,68.75838
578.8220551378446,50.0,80.0,Ag/MOF,68.75799
579.4486215538847,50.0,80.0,Ag/MOF,68.7576
580.0751879699249,50.0,80.0,Ag/MOF,68.75722
580.7017543859649,50.0,80.0,Ag/MOF,68.75683
581.328320802005,50.0,80.0,Ag/MOF,68.75545
581.9548872180451,50.0,80.0,Ag/MOF,68.75401
582.5814536340852,50.0,80.0,Ag/MOF,68.75259
583.2080200501254,50.0,80.0,Ag/MOF,68.75116
583.8345864661654,50.0,80.0,Ag/MOF,68.74973
584.4611528822055,50.0,80.0,Ag/MOF,68.7483
585.0877192982456,50.0,80.0,Ag/MOF,68.746445
585.7142857142857,50.0,80.0,Ag/MOF,68.744576
586.3408521303259,50.0,80.0,Ag/MOF,68.74271
586.9674185463659,50.0,80.0,Ag/MOF,68.74083
587.593984962406,50.0,80.0,Ag/MOF,68.73895
588.2205513784461,50.0,80.0,Ag/MOF,68.737076
588.8471177944862,50.0,80.0,Ag/MOF,68.735214
589.4736842105264,50.0,80.0,Ag/MOF,68.73334
590.1002506265664,50.0,80.0,Ag/MOF,68.73146
590.7268170426065,50.0,80.0,Ag/MOF,68.729614
591.3533834586466,50.0,80.0,Ag/MOF,68.728935
591.9799498746867,50.0,80.0,Ag/MOF,68.72824
592.6065162907269,50.0,80.0,Ag/MOF,68.72758
593.2330827067669,50.0,80.0,Ag/MOF,68.7269
593.859649122807,50.0,80.0,Ag/MOF,68.72622
594.4862155388471,50.0,80.0,Ag/MOF,68.72554
595.1127819548872,50.0,80.0,Ag/MOF,68.72486
595.7393483709274,50.0,80.0,Ag/MOF,68.72419
596.3659147869674,50.0,80.0,Ag/MOF,68.72351
596.9924812030075,50.0,80.0,Ag/MOF,68.72284
597.6190476190476,50.0,80.0,Ag/MOF,68.72217
598.2456140350877,50.0,80.0,Ag/MOF,68.72148
598.8721804511279,50.0,80.0,Ag/MOF,68.72081
599.4987468671679,50.0,80.0,Ag/MOF,68.72014
600.125313283208,50.0,80.0,Ag/MOF,68.71945
600.7518796992481,50.0,80.0,Ag/MOF,68.71878
601.3784461152882,50.0,80.0,Ag/MOF,68.7181
602.0050125313284,50.0,80.0,Ag/MOF,68.71742
602.6315789473684,50.0,80.0,Ag/MOF,68.71675
603.2581453634085,50.0,80.0,Ag/MOF,68.71607
603.8847117794486,50.0,80.0,Ag/MOF,68.71539
604.5112781954887,50.0,80.0,Ag/MOF,68.714714
605.1378446115289,50.0,80.0,Ag/MOF,68.714035
605.7644110275689,50.0,80.0,Ag/MOF,68.71336
606.390977443609,50.0,80.0,Ag/MOF,68.71268
607.0175438596491,50.0,80.0,Ag/MOF,68.71201
607.6441102756892,50.0,80.0,Ag/MOF,68.71133
608.2706766917294,50.0,80.0,Ag/MOF,68.71065
608.8972431077694,50.0,80.0,Ag/MOF,68.70998
609.5238095238095,50.0,80.0,Ag/MOF,68.709305
610.1503759398496,50.0,80.0,Ag/MOF,68.708626
610.7769423558897,50.0,80.0,Ag/MOF,68.70795
611.4035087719299,50.0,80.0,Ag/MOF,68.707275
612.0300751879699,50.0,80.0,Ag/MOF,68.70659
612.65664160401,50.0,80.0,Ag/MOF,68.70592
613.2832080200501,50.0,80.0,Ag/MOF,68.70524
613.9097744360902,50.0,80.0,Ag/MOF,68.70456
614.5363408521304,50.0,80.0,Ag/MOF,68.70389
615.1629072681704,50.0,80.0,Ag/MOF,68.70322
615.7894736842105,50.0,80.0,Ag/MOF,68.70254
616.4160401002506,50.0,80.0,Ag/MOF,68.70186
617.0426065162907,50.0,80.0,Ag/MOF,68.70118
617.6691729323309,50.0,80.0,Ag/MOF,68.7005
618.295739348371,50.0,80.0,Ag/MOF,68.69983
618.922305764411,50.0,80.0,Ag/MOF,68.69915
619.5488721804511,50.0,80.0,Ag/MOF,68.69847
620.1754385964912,50.0,80.0,Ag/MOF,68.69779
620.8020050125314,50.0,80.0,Ag/MOF,68.69711
621.4285714285714,50.0,80.0,Ag/MOF,68.69704
622.0551378446115,50.0,80.0,Ag/MOF,68.697105
622.6817042606516,50.0,80.0,Ag/MOF,68.697174
623.3082706766917,50.0,80.0,Ag/MOF,68.69725
623.9348370927319,50.0,80.0,Ag/MOF,68.69731
624.561403508772,50.0,80.0,Ag/MOF,68.69739
625.187969924812,50.0,80.0,Ag/MOF,68.69745
625.8145363408521,50.0,80.0,Ag/MOF,68.69752
626.4411027568922,50.0,80.0,Ag/MOF,68.6976
627.0676691729324,50.0,80.0,Ag/MOF,68.69766
627.6942355889724,50.0,80.0,Ag/MOF,68.69774
628.3208020050125,50.0,80.0,Ag/MOF,68.69781
628.9473684210526,50.0,80.0,Ag/MOF,68.697876
629.5739348370927,50.0,80.0,Ag/MOF,68.697945
630.2005012531329,50.0,80.0,Ag/MOF,68.69801
630.827067669173,50.0,80.0,Ag/MOF,68.69808
631.453634085213,50.0,80.0,Ag/MOF,68.698166
632.0802005012531,50.0,80.0,Ag/MOF,68.69822
632.7067669172932,50.0,80.0,Ag/MOF,68.698296
633.3333333333334,50.0,80.0,Ag/MOF,68.698364
633.9598997493734,50.0,80.0,Ag/MOF,68.69844
634.5864661654135,50.0,80.0,Ag/MOF,68.69851
635.2130325814536,50.0,80.0,Ag/MOF,68.69858
635.8395989974937,50.0,80.0,Ag/MOF,68.698654
636.4661654135339,50.0,80.0,Ag/MOF,68.69872
637.092731829574,50.0,80.0,Ag/MOF,68.69879
637.719298245614,50.0,80.0,Ag/MOF,68.69885
638.3458646616541,50.0,80.0,Ag/MOF,68.69893
638.9724310776942,50.0,80.0,Ag/MOF,68.69899
639.5989974937344,50.0,80.0,Ag/MOF,68.699066
640.2255639097745,50.0,80.0,Ag/MOF,68.69914
640.8521303258145,50.0,80.0,Ag/MOF,68.6992
641.4786967418546,50.0,80.0,Ag/MOF,68.69928
642.1052631578947,50.0,80.0,Ag/MOF,68.69934
642.7318295739349,50.0,80.0,Ag/MOF,68.69942
643.358395989975,50.0,80.0,Ag/MOF,68.69949
643.984962406015,50.0,80.0,Ag/MOF,68.69955
644.6115288220551,50.0,80.0,Ag/MOF,68.69963
645.2380952380952,50.0,80.0,Ag/MOF,68.6997
645.8646616541354,50.0,80.0,Ag/MOF,68.69977
646.4912280701755,50.0,80.0,Ag/MOF,68.69984
647.1177944862155,50.0,80.0,Ag/MOF,68.699905
647.7443609022556,50.0,80.0,Ag/MOF,68.69998
648.3709273182957,50.0,80.0,Ag/MOF,68.70004
648.9974937343359,50.0,80.0,Ag/MOF,68.70012
649.624060150376,50.0,80.0,Ag/MOF,68.700195
650.250626566416,50.0,80.0,Ag/MOF,68.70026
650.8771929824561,50.0,80.0,Ag/MOF,68.70033
651.5037593984962,50.0,80.0,Ag/MOF,68.7004
652.1303258145364,50.0,80.0,Ag/MOF,68.70047
652.7568922305765,50.0,80.0,Ag/MOF,68.70054
653.3834586466165,50.0,80.0,Ag/MOF,68.70061
654.0100250626566,50.0,80.0,Ag/MOF,68.70068
654.6365914786967,50.0,80.0,Ag/MOF,68.700745
655.2631578947369,50.0,80.0,Ag/MOF,68.70081
655.889724310777,50.0,80.0,Ag/MOF,68.70089
656.516290726817,50.0,80.0,Ag/MOF,68.70096
657.1428571428571,50.0,80.0,Ag/MOF,68.70103
657.7694235588972,50.0,80.0,Ag/MOF,68.701096
658.3959899749374,50.0,80.0,Ag/MOF,68.701164
659.0225563909775,50.0,80.0,Ag/MOF,68.70124
659.6491228070175,50.0,80.0,Ag/MOF,68.70131
660.2756892230576,50.0,80.0,Ag/MOF,68.70138
660.9022556390977,50.0,80.0,Ag/MOF,68.701454
661.5288220551379,50.0,80.0,Ag/MOF,68.70152
662.155388471178,50.0,80.0,Ag/MOF,68.70159
662.781954887218,50.0,80.0,Ag/MOF,68.70166
663.4085213032581,50.0,80.0,Ag/MOF,68.70174
664.0350877192982,50.0,80.0,Ag/MOF,68.701805
664.6616541353384,50.0,80.0,Ag/MOF,68.70187
665.2882205513785,50.0,80.0,Ag/MOF,68.70194
665.9147869674185,50.0,80.0,Ag/MOF,68.70201
666.5413533834586,50.0,80.0,Ag/MOF,68.70209
667.1679197994987,50.0,80.0,Ag/MOF,68.70215
667.7944862155389,50.0,80.0,Ag/MOF,68.70222
668.421052631579,50.0,80.0,Ag/MOF,68.702286
669.047619047619,50.0,80.0,Ag/MOF,68.70236
669.6741854636591,50.0,80.0,Ag/MOF,68.70242
670.3007518796992,50.0,80.0,Ag/MOF,68.7025
670.9273182957394,50.0,80.0,Ag/MOF,68.70196
671.5538847117795,50.0,80.0,Ag/MOF,68.70035
672.1804511278195,50.0,80.0,Ag/MOF,68.69872
672.8070175438596,50.0,80.0,Ag/MOF,68.6971
673.4335839598998,50.0,80.0,Ag/MOF,68.69547
674.0601503759399,50.0,80.0,Ag/MOF,68.69386
674.68671679198,50.0,80.0,Ag/MOF,68.69224
675.31328320802,50.0,80.0,Ag/MOF,68.69061
675.9398496240601,50.0,80.0,Ag/MOF,68.688995
676.5664160401002,50.0,80.0,Ag/MOF,68.68738
677.1929824561404,50.0,80.0,Ag/MOF,68.68576
677.8195488721805,50.0,80.0,Ag/MOF,68.68413
678.4461152882205,50.0,80.0,Ag/MOF,68.68251
679.0726817042606,50.0,80.0,Ag/MOF,68.68089
679.6992481203008,50.0,80.0,Ag/MOF,68.679276
680.3258145363409,50.0,80.0,Ag/MOF,68.6791
680.952380952381,50.0,80.0,Ag/MOF,68.67946
681.578947368421,50.0,80.0,Ag/MOF,68.679825
682.2055137844611,50.0,80.0,Ag/MOF,68.68018
682.8320802005012,50.0,80.0,Ag/MOF,68.68055
683.4586466165414,50.0,80.0,Ag/MOF,68.68091
684.0852130325815,50.0,80.0,Ag/MOF,68.681274
684.7117794486215,50.0,80.0,Ag/MOF,68.68163
685.3383458646616,50.0,80.0,Ag/MOF,68.68199
685.9649122807018,50.0,80.0,Ag/MOF,68.68236
686.5914786967419,50.0,80.0,Ag/MOF,68.68272
687.218045112782,50.0,80.0,Ag/MOF,68.683075
687.844611528822,50.0,80.0,Ag/MOF,68.68344
688.4711779448621,50.0,80.0,Ag/MOF,68.67988
689.0977443609022,50.0,80.0,Ag/MOF,68.67132
689.7243107769424,50.0,80.0,Ag/MOF,68.66277
690.3508771929825,50.0,80.0,Ag/MOF,68.65421
690.9774436090225,50.0,80.0,Ag/MOF,68.64565
691.6040100250626,50.0,80.0,Ag/MOF,68.63711
692.2305764411028,50.0,80.0,Ag/MOF,68.62855
692.8571428571429,50.0,80.0,Ag/MOF,68.61999
693.483709273183,50.0,80.0,Ag/MOF,68.611435
694.110275689223,50.0,80.0,Ag/MOF,68.602875
694.7368421052631,50.0,80.0,Ag/MOF,68.59432
695.3634085213032,50.0,80.0,Ag/MOF,68.58576
695.9899749373434,50.0,80.0,Ag/MOF,68.57722
696.6165413533835,50.0,80.0,Ag/MOF,68.56866
697.2431077694235,50.0,80.0,Ag/MOF,68.560104
697.8696741854636,50.0,80.0,Ag/MOF,68.551544
698.4962406015038,50.0,80.0,Ag/MOF,68.542984
699.1228070175439,50.0,80.0,Ag/MOF,68.53444
699.749373433584,50.0,80.0,Ag/MOF,68.52588
700.375939849624,50.0,80.0,Ag/MOF,68.51732
701.0025062656641,50.0,80.0,Ag/MOF,68.50877
701.6290726817042,50.0,80.0,Ag/MOF,68.50021
702.2556390977444,50.0,80.0,Ag/MOF,68.49165
702.8822055137845,50.0,80.0,Ag/MOF,68.48311
703.5087719298245,50.0,80.0,Ag/MOF,68.47455
704.1353383458646,50.0,80.0,Ag/MOF,68.46599
704.7619047619048,50.0,80.0,Ag/MOF,68.45744
705.3884711779449,50.0,80.0,Ag/MOF,68.448875
706.015037593985,50.0,80.0,Ag/MOF,68.44032
706.641604010025,50.0,80.0,Ag/MOF,68.43177
707.2681704260651,50.0,80.0,Ag/MOF,68.42322
707.8947368421052,50.0,80.0,Ag/MOF,68.41466
708.5213032581454,50.0,80.0,Ag/MOF,68.4061
709.1478696741855,50.0,80.0,Ag/MOF,68.39755
709.7744360902255,50.0,80.0,Ag/MOF,68.38899
710.4010025062656,50.0,80.0,Ag/MOF,68.38044
711.0275689223058,50.0,80.0,Ag/MOF,68.37188
711.6541353383459,50.0,80.0,Ag/MOF,68.36333
712.280701754386,50.0,80.0,Ag/MOF,68.35477
712.907268170426,50.0,80.0,Ag/MOF,68.34863
713.5338345864661,50.0,80.0,Ag/MOF,68.343544
714.1604010025062,50.0,80.0,Ag/MOF,68.33846
714.7869674185464,50.0,80.0,Ag/MOF,68.333374
715.4135338345865,50.0,80.0,Ag/MOF,68.32829
716.0401002506266,50.0,80.0,Ag/MOF,68.323204
716.6666666666666,50.0,80.0,Ag/MOF,68.318115
717.2932330827068,50.0,80.0,Ag/MOF,68.313034
717.9197994987469,50.0,80.0,Ag/MOF,68.307945
718.546365914787,50.0,80.0,Ag/MOF,68.302864
719.172932330827,50.0,80.0,Ag/MOF,68.297775
719.7994987468671,50.0,80.0,Ag/MOF,68.292694
720.4260651629072,50.0,80.0,Ag/MOF,68.28761
721.0526315789474,50.0,80.0,Ag/MOF,68.28252
721.6791979949875,50.0,80.0,Ag/MOF,68.27744
722.3057644110276,50.0,80.0,Ag/MOF,68.272354
722.9323308270676,50.0,80.0,Ag/MOF,68.267265
723.5588972431078,50.0,80.0,Ag/MOF,68.26218
724.1854636591479,50.0,80.0,Ag/MOF,68.257095
724.812030075188,50.0,80.0,Ag/MOF,68.252014
725.438596491228,50.0,80.0,Ag/MOF,68.246925
726.0651629072681,50.0,80.0,Ag/MOF,68.24184
726.6917293233082,50.0,80.0,Ag/MOF,68.236755
727.3182957393484,50.0,80.0,Ag/MOF,68.231674
727.9448621553885,50.0,80.0,Ag/MOF,68.22658
728.5714285714286,50.0,80.0,Ag/MOF,68.2215
729.1979949874686,50.0,80.0,Ag/MOF,68.21641
729.8245614035088,50.0,80.0,Ag/MOF,68.21132
730.4511278195489,50.0,80.0,Ag/MOF,68.206245
731.077694235589,50.0,80.0,Ag/MOF,68.20116
731.704260651629,50.0,80.0,Ag/MOF,68.19607
732.3308270676691,50.0,80.0,Ag/MOF,68.19098
732.9573934837092,50.0,80.0,Ag/MOF,68.186745
733.5839598997494,50.0,80.0,Ag/MOF,68.18302
734.2105263157895,50.0,80.0,Ag/MOF,68.1793
734.8370927318296,50.0,80.0,Ag/MOF,68.17558
735.4636591478696,50.0,80.0,Ag/MOF,68.170456
736.0902255639098,50.0,80.0,Ag/MOF,68.16495
736.7167919799499,50.0,80.0,Ag/MOF,68.159454
737.34335839599,50.0,80.0,Ag/MOF,68.15396
737.9699248120301,50.0,80.0,Ag/MOF,68.14845
738.5964912280701,50.0,80.0,Ag/MOF,68.14296
739.2230576441102,50.0,80.0,Ag/MOF,68.13747
739.8496240601504,50.0,80.0,Ag/MOF,68.131966
740.4761904761905,50.0,80.0,Ag/MOF,68.126465
741.1027568922306,50.0,80.0,Ag/MOF,68.12097
741.7293233082706,50.0,80.0,Ag/MOF,68.11693
742.3558897243108,50.0,80.0,Ag/MOF,68.11425
742.9824561403509,50.0,80.0,Ag/MOF,68.11134
743.609022556391,50.0,80.0,Ag/MOF,68.10846
744.2355889724311,50.0,80.0,Ag/MOF,68.10556
744.8621553884711,50.0,80.0,Ag/MOF,68.10268
745.4887218045112,50.0,80.0,Ag/MOF,68.09978
746.1152882205514,50.0,80.0,Ag/MOF,68.09688
746.7418546365915,50.0,80.0,Ag/MOF,68.09398
747.3684210526316,50.0,80.0,Ag/MOF,68.09109
747.9949874686716,50.0,80.0,Ag/MOF,68.088196
748.6215538847118,50.0,80.0,Ag/MOF,68.0853
749.2481203007519,50.0,80.0,Ag/MOF,68.082405
749.874686716792,50.0,80.0,Ag/MOF,68.079506
750.5012531328321,50.0,80.0,Ag/MOF,68.076614
751.1278195488721,50.0,80.0,Ag/MOF,68.073715
751.7543859649122,50.0,80.0,Ag/MOF,68.07082
752.3809523809524,50.0,80.0,Ag/MOF,68.06793
753.0075187969925,50.0,80.0,Ag/MOF,68.06503
753.6340852130326,50.0,80.0,Ag/MOF,68.06213
754.2606516290726,50.0,80.0,Ag/MOF,68.059235
754.8872180451128,50.0,80.0,Ag/MOF,68.05635
755.5137844611529,50.0,80.0,Ag/MOF,68.05345
756.140350877193,50.0,80.0,Ag/MOF,68.05056
756.7669172932331,50.0,80.0,Ag/MOF,68.04766
757.3934837092731,50.0,80.0,Ag/MOF,68.04266
758.0200501253132,50.0,80.0,Ag/MOF,68.03756
758.6466165413534,50.0,80.0,Ag/MOF,68.032455
759.2731829573935,50.0,80.0,Ag/MOF,68.02734
759.8997493734336,50.0,80.0,Ag/MOF,68.022255
760.5263157894736,50.0,80.0,Ag/MOF,68.01714
761.1528822055138,50.0,80.0,Ag/MOF,68.012054
761.7794486215539,50.0,80.0,Ag/MOF,68.00694
762.406015037594,50.0,80.0,Ag/MOF,68.00183
763.0325814536341,50.0,80.0,Ag/MOF,67.996735
763.6591478696741,50.0,80.0,Ag/MOF,67.99163
764.2857142857142,50.0,80.0,Ag/MOF,67.98653
764.9122807017544,50.0,80.0,Ag/MOF,67.98143
765.5388471177945,50.0,80.0,Ag/MOF,67.976326
766.1654135338346,50.0,80.0,Ag/MOF,67.971214
766.7919799498746,50.0,80.0,Ag/MOF,67.966125
767.4185463659148,50.0,80.0,Ag/MOF,67.96101
768.0451127819549,50.0,80.0,Ag/MOF,67.95592
768.671679197995,50.0,80.0,Ag/MOF,67.950806
769.2982456140351,50.0,80.0,Ag/MOF,67.9457
769.9248120300751,50.0,80.0,Ag/MOF,67.940605
770.5513784461152,50.0,80.0,Ag/MOF,67.9355
771.1779448621554,50.0,80.0,Ag/MOF,67.930405
771.8045112781955,50.0,80.0,Ag/MOF,67.92529
772.4310776942356,50.0,80.0,Ag/MOF,67.92019
773.0576441102756,50.0,80.0,Ag/MOF,67.915085
773.6842105263158,50.0,80.0,Ag/MOF,67.90999
774.3107769423559,50.0,80.0,Ag/MOF,67.90488
774.937343358396,50.0,80.0,Ag/MOF,67.89978
775.5639097744361,50.0,80.0,Ag/MOF,67.89468
776.1904761904761,50.0,80.0,Ag/MOF,67.88957
776.8170426065162,50.0,80.0,Ag/MOF,67.884476
777.4436090225564,50.0,80.0,Ag/MOF,67.879364
778.0701754385965,50.0,80.0,Ag/MOF,67.87427
778.6967418546366,50.0,80.0,Ag/MOF,67.86916
779.3233082706766,50.0,80.0,Ag/MOF,67.86406
779.9498746867168,50.0,80.0,Ag/MOF,67.858955
780.5764411027569,50.0,80.0,Ag/MOF,67.85385
781.203007518797,50.0,80.0,Ag/MOF,67.84875
781.8295739348371,50.0,80.0,Ag/MOF,67.84365
782.4561403508771,50.0,80.0,Ag/MOF,67.83855
783.0827067669172,50.0,80.0,Ag/MOF,67.83464
783.7092731829574,50.0,80.0,Ag/MOF,67.83183
784.3358395989975,50.0,80.0,Ag/MOF,67.829025
784.9624060150376,50.0,80.0,Ag/MOF,67.82623
785.5889724310777,50.0,80.0,Ag/MOF,67.82344
786.2155388471178,50.0,80.0,Ag/MOF,67.82064
786.8421052631579,50.0,80.0,Ag/MOF,67.81784
787.468671679198,50.0,80.0,Ag/MOF,67.81503
788.0952380952381,50.0,80.0,Ag/MOF,67.81224
788.7218045112782,50.0,80.0,Ag/MOF,67.80943
789.3483709273182,50.0,80.0,Ag/MOF,67.80664
789.9749373433584,50.0,80.0,Ag/MOF,67.803825
790.6015037593985,50.0,80.0,Ag/MOF,67.80103
791.2280701754386,50.0,80.0,Ag/MOF,67.79823
791.8546365914787,50.0,80.0,Ag/MOF,67.79544
792.4812030075188,50.0,80.0,Ag/MOF,67.79263
793.1077694235589,50.0,80.0,Ag/MOF,67.78983
793.734335839599,50.0,80.0,Ag/MOF,67.78703
794.3609022556391,50.0,80.0,Ag/MOF,67.78423
794.9874686716792,50.0,80.0,Ag/MOF,67.78143
795.6140350877192,50.0,80.0,Ag/MOF,67.77864
796.2406015037594,50.0,80.0,Ag/MOF,67.77584
796.8671679197995,50.0,80.0,Ag/MOF,67.773026
797.4937343358396,50.0,80.0,Ag/MOF,67.77342
798.1203007518797,50.0,80.0,Ag/MOF,67.77474
798.7468671679198,50.0,80.0,Ag/MOF,67.77609
799.3734335839599,50.0,80.0,Ag/MOF,67.77745
800.0,50.0,80.0,Ag/MOF,67.77881
550.0,60.0,80.0,Ag/MOF,64.326584
550.6265664160401,60.0,80.0,Ag/MOF,64.321396
551.2531328320802,60.0,80.0,Ag/MOF,64.31621
551.8796992481203,60.0,80.0,Ag/MOF,64.311005
552.5062656641604,60.0,80.0,Ag/MOF,64.305824
553.1328320802005,60.0,80.0,Ag/MOF,64.30063
553.7593984962406,60.0,80.0,Ag/MOF,64.29544
554.3859649122807,60.0,80.0,Ag/MOF,64.29026
555.0125313283208,60.0,80.0,Ag/MOF,64.28505
555.6390977443609,60.0,80.0,Ag/MOF,64.27987
556.265664160401,60.0,80.0,Ag/MOF,64.27468
556.8922305764411,60.0,80.0,Ag/MOF,64.26949
557.5187969924812,60.0,80.0,Ag/MOF,64.264305
558.1453634085213,60.0,80.0,Ag/MOF,64.25911
558.7719298245614,60.0,80.0,Ag/MOF,64.25392
559.3984962406015,60.0,80.0,Ag/MOF,64.24996
560.0250626566416,60.0,80.0,Ag/MOF,64.24721
560.6516290726817,60.0,80.0,Ag/MOF,64.24445
561.2781954887218,60.0,80.0,Ag/MOF,64.24171
561.9047619047619,60.0,80.0,Ag/MOF,64.238945
562.531328320802,60.0,80.0,Ag/MOF,64.23619
563.1578947368421,60.0,80.0,Ag/MOF,64.23344
563.7844611528822,60.0,80.0,Ag/MOF,64.23068
564.4110275689223,60.0,80.0,Ag/MOF,64.22793
565.0375939849624,60.0,80.0,Ag/MOF,64.22518
565.6641604010025,60.0,80.0,Ag/MOF,64.22242
566.2907268170426,60.0,80.0,Ag/MOF,64.219666
566.9172932330827,60.0,80.0,Ag/MOF,64.21691
567.5438596491229,60.0,80.0,Ag/MOF,64.21416
568.1704260651629,60.0,80.0,Ag/MOF,64.211395
568.796992481203,60.0,80.0,Ag/MOF,64.20865
569.4235588972431,60.0,80.0,Ag/MOF,64.20589
570.0501253132832,60.0,80.0,Ag/MOF,64.20314
570.6766917293234,60.0,80.0,Ag/MOF,64.20039
571.3032581453634,60.0,80.0,Ag/MOF,64.19763
571.9298245614035,60.0,80.0,Ag/MOF,64.19488
572.5563909774436,60.0,80.0,Ag/MOF,64.19212
573.1829573934837,60.0,80.0,Ag/MOF,64.18937
573.8095238095239,60.0,80.0,Ag/MOF,64.186615
574.4360902255639,60.0,80.0,Ag/MOF,64.18387
575.062656641604,60.0,80.0,Ag/MOF,64.18059
575.6892230576441,60.0,80.0,Ag/MOF,64.17712
576.3157894736842,60.0,80.0,Ag/MOF,64.173645
576.9423558897244,60.0,80.0,Ag/MOF,64.170166
577.5689223057644,60.0,80.0,Ag/MOF,64.166695
578.1954887218045,60.0,80.0,Ag/MOF,64.16321
578.8220551378446,60.0,80.0,Ag/MOF,64.15975
579.4486215538847,60.0,80.0,Ag/MOF,64.156265
580.0751879699249,60.0,80.0,Ag/MOF,64.152794
580.7017543859649,60.0,80.0,Ag/MOF,64.149315
581.328320802005,60.0,80.0,Ag/MOF,64.14584
581.9548872180451,60.0,80.0,Ag/MOF,64.142365
582.5814536340852,60.0,80.0,Ag/MOF,64.1389
583.2080200501254,60.0,80.0,Ag/MOF,64.13542
583.8345864661654,60.0,80.0,Ag/MOF,64.13195
584.4611528822055,60.0,80.0,Ag/MOF,64.12847
585.0877192982456,60.0,80.0,Ag/MOF,64.125
585.7142857142857,60.0,80.0,Ag/MOF,64.12152
586.3408521303259,60.0,80.0,Ag/MOF,64.11805
586.9674185463659,60.0,80.0,Ag/MOF,64.11458
587.593984962406,60.0,80.0,Ag/MOF,64.1111
588.2205513784461,60.0,80.0,Ag/MOF,64.10763
588.8471177944862,60.0,80.0,Ag/MOF,64.10416
589.4736842105264,60.0,80.0,Ag/MOF,64.100685
590.1002506265664,60.0,80.0,Ag/MOF,64.0972
590.7268170426065,60.0,80.0,Ag/MOF,64.093735
591.3533834586466,60.0,80.0,Ag/MOF,64.09025
591.9799498746867,60.0,80.0,Ag/MOF,64.086784
592.6065162907269,60.0,80.0,Ag/MOF,64.08331
593.2330827067669,60.0,80.0,Ag/MOF,64.07985
593.859649122807,60.0,80.0,Ag/MOF,64.07636
594.4862155388471,60.0,80.0,Ag/MOF,64.07288
595.1127819548872,60.0,80.0,Ag/MOF,64.069405
595.7393483709274,60.0,80.0,Ag/MOF,64.06593
596.3659147869674,60.0,80.0,Ag/MOF,64.06246
596.9924812030075,60.0,80.0,Ag/MOF,64.05899
597.6190476190476,60.0,80.0,Ag/MOF,64.05551
598.2456140350877,60.0,80.0,Ag/MOF,64.05205
598.8721804511279,60.0,80.0,Ag/MOF,64.04857
599.4987468671679,60.0,80.0,Ag/MOF,64.04509
600.125313283208,60.0,80.0,Ag/MOF,64.04161
600.7518796992481,60.0,80.0,Ag/MOF,64.03814
601.3784461152882,60.0,80.0,Ag/MOF,64.03621
602.0050125313284,60.0,80.0,Ag/MOF,64.03479
602.6315789473684,60.0,80.0,Ag/MOF,64.033356
603.2581453634085,60.0,80.0,Ag/MOF,64.03193
603.8847117794486,60.0,80.0,Ag/MOF,64.0305
604.5112781954887,60.0,80.0,Ag/MOF,64.029076
605.1378446115289,60.0,80.0,Ag/MOF,64.02764
605.7644110275689,60.0,80.0,Ag/MOF,64.02622
606.390977443609,60.0,80.0,Ag/MOF,64.024796
607.0175438596491,60.0,80.0,Ag/MOF,64.02336
607.6441102756892,60.0,80.0,Ag/MOF,64.021935
608.2706766917294,60.0,80.0,Ag/MOF,64.02051
608.8972431077694,60.0,80.0,Ag/MOF,64.01908
609.5238095238095,60.0,80.0,Ag/MOF,64.01807
610.1503759398496,60.0,80.0,Ag/MOF,64.01784
610.7769423558897,60.0,80.0,Ag/MOF,64.0176
611.4035087719299,60.0,80.0,Ag/MOF,64.01737
612.0300751879699,60.0,80.0,Ag/MOF,64.01714
612.65664160401,60.0,80.0,Ag/MOF,64.016914
613.2832080200501,60.0,80.0,Ag/MOF,64.01668
613.9097744360902,60.0,80.0,Ag/MOF,64.01632
614.5363408521304,60.0,80.0,Ag/MOF,64.015656
615.1629072681704,60.0,80.0,Ag/MOF,64.01497
615.7894736842105,60.0,80.0,Ag/MOF,64.01429
616.4160401002506,60.0,80.0,Ag/MOF,64.01362
617.0426065162907,60.0,80.0,Ag/MOF,64.01347
617.6691729323309,60.0,80.0,Ag/MOF,64.014786
618.295739348371,60.0,80.0,Ag/MOF,64.01608
618.922305764411,60.0,80.0,Ag/MOF,64.01739
619.5488721804511,60.0,80.0,Ag/MOF,64.01869
620.1754385964912,60.0,80.0,Ag/MOF,64.02
620.8020050125314,60.0,80.0,Ag/MOF,64.0213
621.4285714285714,60.0,80.0,Ag/MOF,64.022606
622.0551378446115,60.0,80.0,Ag/MOF,64.02391
622.6817042606516,60.0,80.0,Ag/MOF,64.025215
623.3082706766917,60.0,80.0,Ag/MOF,64.02652
623.9348370927319,60.0,80.0,Ag/MOF,64.02783
624.561403508772,60.0,80.0,Ag/MOF,64.02914
625.187969924812,60.0,80.0,Ag/MOF,64.03043
625.8145363408521,60.0,80.0,Ag/MOF,64.03175
626.4411027568922,60.0,80.0,Ag/MOF,64.03305
627.0676691729324,60.0,80.0,Ag/MOF,64.034355
627.6942355889724,60.0,80.0,Ag/MOF,64.03566
628.3208020050125,60.0,80.0,Ag/MOF,64.036964
628.9473684210526,60.0,80.0,Ag/MOF,64.03827
629.5739348370927,60.0,80.0,Ag/MOF,64.03957
630.2005012531329,60.0,80.0,Ag/MOF,64.041565
630.827067669173,60.0,80.0,Ag/MOF,64.04362
631.453634085213,60.0,80.0,Ag/MOF,64.04566
632.0802005012531,60.0,80.0,Ag/MOF,64.047714
632.7067669172932,60.0,80.0,Ag/MOF,64.04977
633.3333333333334,60.0,80.0,Ag/MOF,64.05183
633.9598997493734,60.0,80.0,Ag/MOF,64.05388
634.5864661654135,60.0,80.0,Ag/MOF,64.05592
635.2130325814536,60.0,80.0,Ag/MOF,64.05798
635.8395989974937,60.0,80.0,Ag/MOF,64.06003
636.4661654135339,60.0,80.0,Ag/MOF,64.06209
637.092731829574,60.0,80.0,Ag/MOF,64.06413
637.719298245614,60.0,80.0,Ag/MOF,64.066185
638.3458646616541,60.0,80.0,Ag/MOF,64.06824
638.9724310776942,60.0,80.0,Ag/MOF,64.0703
639.5989974937344,60.0,80.0,Ag/MOF,64.07234
640.2255639097745,60.0,80.0,Ag/MOF,64.074394
640.8521303258145,60.0,80.0,Ag/MOF,64.07645
641.4786967418546,60.0,80.0,Ag/MOF,64.07851
642.1052631578947,60.0,80.0,Ag/MOF,64.08055
642.7318295739349,60.0,80.0,Ag/MOF,64.082596
643.358395989975,60.0,80.0,Ag/MOF,64.08466
643.984962406015,60.0,80.0,Ag/MOF,64.0867
644.6115288220551,60.0,80.0,Ag/MOF,64.08876
645.2380952380952,60.0,80.0,Ag/MOF,64.090805
645.8646616541354,60.0,80.0,Ag/MOF,64.09287
646.4912280701755,60.0,80.0,Ag/MOF,64.094925
647.1177944862155,60.0,80.0,Ag/MOF,64.09698
647.7443609022556,60.0,80.0,Ag/MOF,64.09903
648.3709273182957,60.0,80.0,Ag/MOF,64.10108
648.9974937343359,60.0,80.0,Ag/MOF,64.103134
649.624060150376,60.0,80.0,Ag/MOF,64.105194
650.250626566416,60.0,80.0,Ag/MOF,64.10723
650.8771929824561,60.0,80.0,Ag/MOF,64.10839
651.5037593984962,60.0,80.0,Ag/MOF,64.108665
652.1303258145364,60.0,80.0,Ag/MOF,64.10895
652.7568922305765,60.0,80.0,Ag/MOF,64.10922
653.3834586466165,60.0,80.0,Ag/MOF,64.1095
654.0100250626566,60.0,80.0,Ag/MOF,64.109764
654.6365914786967,60.0,80.0,Ag/MOF,64.11005
655.2631578947369,60.0,80.0,Ag/MOF,64.11032
655.889724310777,60.0,80.0,Ag/MOF,64.110596
656.516290726817,60.0,80.0,Ag/MOF,64.11088
657.1428571428571,60.0,80.0,Ag/MOF,64.111145
657.7694235588972,60.0,80.0,Ag/MOF,64.11143
658.3959899749374,60.0,80.0,Ag/MOF,64.111694
659.0225563909775,60.0,80.0,Ag/MOF,64.11198
659.6491228070175,60.0,80.0,Ag/MOF,64.11225
660.2756892230576,60.0,80.0,Ag/MOF,64.112526
660.9022556390977,60.0,80.0,Ag/MOF,64.1128
661.5288220551379,60.0,80.0,Ag/MOF,64.113075
662.155388471178,60.0,80.0,Ag/MOF,64.11334
662.781954887218,60.0,80.0,Ag/MOF,64.11363
663.4085213032581,60.0,80.0,Ag/MOF,64.1139
664.0350877192982,60.0,80.0,Ag/MOF,64.114174
664.6616541353384,60.0,80.0,Ag/MOF,64.114456
665.2882205513785,60.0,80.0,Ag/MOF,64.11473
665.9147869674185,60.0,80.0,Ag/MOF,64.115005
666.5413533834586,60.0,80.0,Ag/MOF,64.11528
667.1679197994987,60.0,80.0,Ag/MOF,64.11556
667.7944862155389,60.0,80.0,Ag/MOF,64.11584
668.421052631579,60.0,80.0,Ag/MOF,64.116104
669.047619047619,60.0,80.0,Ag/MOF,64.116165
669.6741854636591,60.0,80.0,Ag/MOF,64.116196
670.3007518796992,60.0,80.0,Ag/MOF,64.11623
670.9273182957394,60.0,80.0,Ag/MOF,64.11626
671.5538847117795,60.0,80.0,Ag/MOF,64.11628
672.1804511278195,60.0,80.0,Ag/MOF,64.11632
672.8070175438596,60.0,80.0,Ag/MOF,64.11634
673.4335839598998,60.0,80.0,Ag/MOF,64.11637
674.0601503759399,60.0,80.0,Ag/MOF,64.11641
674.68671679198,60.0,80.0,Ag/MOF,64.116425
675.31328320802,60.0,80.0,Ag/MOF,64.11647
675.9398496240601,60.0,80.0,Ag/MOF,64.11649
676.5664160401002,60.0,80.0,Ag/MOF,64.116516
677.1929824561404,60.0,80.0,Ag/MOF,64.11655
677.8195488721805,60.0,80.0,Ag/MOF,64.116585
678.4461152882205,60.0,80.0,Ag/MOF,64.11661
679.0726817042606,60.0,80.0,Ag/MOF,64.11664
679.6992481203008,60.0,80.0,Ag/MOF,64.11666
680.3258145363409,60.0,80.0,Ag/MOF,64.1167
680.952380952381,60.0,80.0,Ag/MOF,64.11673
681.578947368421,60.0,80.0,Ag/MOF,64.11675
682.2055137844611,60.0,80.0,Ag/MOF,64.11679
682.8320802005012,60.0,80.0,Ag/MOF,64.11682
683.4586466165414,60.0,80.0,Ag/MOF,64.11685
684.0852130325815,60.0,80.0,Ag/MOF,64.116875
684.7117794486215,60.0,80.0,Ag/MOF,64.1169
685.3383458646616,60.0,80.0,Ag/MOF,64.11693
685.9649122807018,60.0,80.0,Ag/MOF,64.11696
686.5914786967419,60.0,80.0,Ag/MOF,64.117
687.218045112782,60.0,80.0,Ag/MOF,64.11703
687.844611528822,60.0,80.0,Ag/MOF,64.11705
688.4711779448621,60.0,80.0,Ag/MOF,64.11708
689.0977443609022,60.0,80.0,Ag/MOF,64.1171
689.7243107769424,60.0,80.0,Ag/MOF,64.11714
690.3508771929825,60.0,80.0,Ag/MOF,64.117165
690.9774436090225,60.0,80.0,Ag/MOF,64.1172
691.6040100250626,60.0,80.0,Ag/MOF,64.117226
692.2305764411028,60.0,80.0,Ag/MOF,64.117256
692.8571428571429,60.0,80.0,Ag/MOF,64.11729
693.483709273183,60.0,80.0,Ag/MOF,64.11732
694.110275689223,60.0,80.0,Ag/MOF,64.11734
694.7368421052631,60.0,80.0,Ag/MOF,64.11737
695.3634085213032,60.0,80.0,Ag/MOF,64.11741
695.9899749373434,60.0,80.0,Ag/MOF,64.11743
696.6165413533835,60.0,80.0,Ag/MOF,64.11746
697.2431077694235,60.0,80.0,Ag/MOF,64.11749
697.8696741854636,60.0,80.0,Ag/MOF,64.11752
698.4962406015038,60.0,80.0,Ag/MOF,64.11755
699.1228070175439,60.0,80.0,Ag/MOF,64.11758
699.749373433584,60.0,80.0,Ag/MOF,64.11761
700.375939849624,60.0,80.0,Ag/MOF,64.11763
701.0025062656641,60.0,80.0,Ag/MOF,64.11766
701.6290726817042,60.0,80.0,Ag/MOF,64.11769
702.2556390977444,60.0,80.0,Ag/MOF,64.11773
702.8822055137845,60.0,80.0,Ag/MOF,64.11775
703.5087719298245,60.0,80.0,Ag/MOF,64.11778
704.1353383458646,60.0,80.0,Ag/MOF,64.11782
704.7619047619048,60.0,80.0,Ag/MOF,64.11784
705.3884711779449,60.0,80.0,Ag/MOF,64.117874
706.015037593985,60.0,80.0,Ag/MOF,64.117905
706.641604010025,60.0,80.0,Ag/MOF,64.117935
707.2681704260651,60.0,80.0,Ag/MOF,64.117966
707.8947368421052,60.0,80.0,Ag/MOF,64.118
708.5213032581454,60.0,80.0,Ag/MOF,64.11821
709.1478696741855,60.0,80.0,Ag/MOF,64.120544
709.7744360902255,60.0,80.0,Ag/MOF,64.12286
710.4010025062656,60.0,80.0,Ag/MOF,64.1252
711.0275689223058,60.0,80.0,Ag/MOF,64.12753
711.6541353383459,60.0,80.0,Ag/MOF,64.12987
712.280701754386,60.0,80.0,Ag/MOF,64.12879
712.907268170426,60.0,80.0,Ag/MOF,64.1222
713.5338345864661,60.0,80.0,Ag/MOF,64.115616
714.1604010025062,60.0,80.0,Ag/MOF,64.10903
714.7869674185464,60.0,80.0,Ag/MOF,64.10245
715.4135338345865,60.0,80.0,Ag/MOF,64.09587
716.0401002506266,60.0,80.0,Ag/MOF,64.08928
716.6666666666666,60.0,80.0,Ag/MOF,64.082695
717.2932330827068,60.0,80.0,Ag/MOF,64.07611
717.9197994987469,60.0,80.0,Ag/MOF,64.06953
718.546365914787,60.0,80.0,Ag/MOF,64.06294
719.172932330827,60.0,80.0,Ag/MOF,64.056366
719.7994987468671,60.0,80.0,Ag/MOF,64.049774
720.4260651629072,60.0,80.0,Ag/MOF,64.04263
721.0526315789474,60.0,80.0,Ag/MOF,64.033844
721.6791979949875,60.0,80.0,Ag/MOF,64.02505
722.3057644110276,60.0,80.0,Ag/MOF,64.01625
722.9323308270676,60.0,80.0,Ag/MOF,64.00747
723.5588972431078,60.0,80.0,Ag/MOF,63.998676
724.1854636591479,60.0,80.0,Ag/MOF,63.989883
724.812030075188,60.0,80.0,Ag/MOF,63.981094
725.438596491228,60.0,80.0,Ag/MOF,63.972305
726.0651629072681,60.0,80.0,Ag/MOF,63.963505
726.6917293233082,60.0,80.0,Ag/MOF,63.95471
727.3182957393484,60.0,80.0,Ag/MOF,63.94839
727.9448621553885,60.0,80.0,Ag/MOF,63.943066
728.5714285714286,60.0,80.0,Ag/MOF,63.937737
729.1979949874686,60.0,80.0,Ag/MOF,63.932423
729.8245614035088,60.0,80.0,Ag/MOF,63.927105
730.4511278195489,60.0,80.0,Ag/MOF,63.92178
731.077694235589,60.0,80.0,Ag/MOF,63.916454
731.704260651629,60.0,80.0,Ag/MOF,63.91113
732.3308270676691,60.0,80.0,Ag/MOF,63.905804
732.9573934837092,60.0,80.0,Ag/MOF,63.90239
733.5839598997494,60.0,80.0,Ag/MOF,63.89992
734.2105263157895,60.0,80.0,Ag/MOF,63.89723
734.8370927318296,60.0,80.0,Ag/MOF,63.893066
735.4636591478696,60.0,80.0,Ag/MOF,63.888897
736.0902255639098,60.0,80.0,Ag/MOF,63.88473
736.7167919799499,60.0,80.0,Ag/MOF,63.880573
737.34335839599,60.0,80.0,Ag/MOF,63.876408
737.9699248120301,60.0,80.0,Ag/MOF,63.87224
738.5964912280701,60.0,80.0,Ag/MOF,63.868076
739.2230576441102,60.0,80.0,Ag/MOF,63.86391
739.8496240601504,60.0,80.0,Ag/MOF,63.859753
740.4761904761905,60.0,80.0,Ag/MOF,63.855587
741.1027568922306,60.0,80.0,Ag/MOF,63.85142
741.7293233082706,60.0,80.0,Ag/MOF,63.847263
742.3558897243108,60.0,80.0,Ag/MOF,63.843098
742.9824561403509,60.0,80.0,Ag/MOF,63.838924
743.609022556391,60.0,80.0,Ag/MOF,63.83477
744.2355889724311,60.0,80.0,Ag/MOF,63.8306
744.8621553884711,60.0,80.0,Ag/MOF,63.826435
745.4887218045112,60.0,80.0,Ag/MOF,63.82227
746.1152882205514,60.0,80.0,Ag/MOF,63.81811
746.7418546365915,60.0,80.0,Ag/MOF,63.81394
747.3684210526316,60.0,80.0,Ag/MOF,63.809784
747.9949874686716,60.0,80.0,Ag/MOF,63.805614
748.6215538847118,60.0,80.0,Ag/MOF,63.80145
749.2481203007519,60.0,80.0,Ag/MOF,63.79729
749.874686716792,60.0,80.0,Ag/MOF,63.793125
750.5012531328321,60.0,80.0,Ag/MOF,63.788967
751.1278195488721,60.0,80.0,Ag/MOF,63.784794
751.7543859649122,60.0,80.0,Ag/MOF,63.78063
752.3809523809524,60.0,80.0,Ag/MOF,63.77647
753.0075187969925,60.0,80.0,Ag/MOF,63.7723
753.6340852130326,60.0,80.0,Ag/MOF,63.76814
754.2606516290726,60.0,80.0,Ag/MOF,63.763977
754.8872180451128,60.0,80.0,Ag/MOF,63.75981
755.5137844611529,60.0,80.0,Ag/MOF,63.755646
756.140350877193,60.0,80.0,Ag/MOF,63.751484
756.7669172932331,60.0,80.0,Ag/MOF,63.74732
757.3934837092731,60.0,80.0,Ag/MOF,63.743156
758.0200501253132,60.0,80.0,Ag/MOF,63.738987
758.6466165413534,60.0,80.0,Ag/MOF,63.73483
759.2731829573935,60.0,80.0,Ag/MOF,63.730663
759.8997493734336,60.0,80.0,Ag/MOF,63.726498
760.5263157894736,60.0,80.0,Ag/MOF,63.722332
761.1528822055138,60.0,80.0,Ag/MOF,63.718166
761.7794486215539,60.0,80.0,Ag/MOF,63.71401
762.406015037594,60.0,80.0,Ag/MOF,63.709835
763.0325814536341,60.0,80.0,Ag/MOF,63.705677
763.6591478696741,60.0,80.0,Ag/MOF,63.701504
764.2857142857142,60.0,80.0,Ag/MOF,63.697346
764.9122807017544,60.0,80.0,Ag/MOF,63.693184
765.5388471177945,60.0,80.0,Ag/MOF,63.689022
766.1654135338346,60.0,80.0,Ag/MOF,63.684856
766.7919799498746,60.0,80.0,Ag/MOF,63.68069
767.4185463659148,60.0,80.0,Ag/MOF,63.676525
768.0451127819549,60.0,80.0,Ag/MOF,63.672356
768.671679197995,60.0,80.0,Ag/MOF,63.668194
769.2982456140351,60.0,80.0,Ag/MOF,63.66403
769.9248120300751,60.0,80.0,Ag/MOF,63.659866
770.5513784461152,60.0,80.0,Ag/MOF,63.655704
771.1779448621554,60.0,80.0,Ag/MOF,63.651543
771.8045112781955,60.0,80.0,Ag/MOF,63.647377
772.4310776942356,60.0,80.0,Ag/MOF,63.64321
773.0576441102756,60.0,80.0,Ag/MOF,63.63904
773.6842105263158,60.0,80.0,Ag/MOF,63.63489
774.3107769423559,60.0,80.0,Ag/MOF,63.630722
774.937343358396,60.0,80.0,Ag/MOF,63.626553
775.5639097744361,60.0,80.0,Ag/MOF,63.622395
776.1904761904761,60.0,80.0,Ag/MOF,63.61823
776.8170426065162,60.0,80.0,Ag/MOF,63.614063
777.4436090225564,60.0,80.0,Ag/MOF,63.609898
778.0701754385965,60.0,80.0,Ag/MOF,63.605732
778.6967418546366,60.0,80.0,Ag/MOF,63.601574
779.3233082706766,60.0,80.0,Ag/MOF,63.596428
779.9498746867168,60.0,80.0,Ag/MOF,63.591255
780.5764411027569,60.0,80.0,Ag/MOF,63.58608
781.203007518797,60.0,80.0,Ag/MOF,63.580917
781.8295739348371,60.0,80.0,Ag/MOF,63.57575
782.4561403508771,60.0,80.0,Ag/MOF,63.570576
783.0827067669172,60.0,80.0,Ag/MOF,63.56541
783.7092731829574,60.0,80.0,Ag/MOF,63.560238
784.3358395989975,60.0,80.0,Ag/MOF,63.55507
784.9624060150376,60.0,80.0,Ag/MOF,63.5499
785.5889724310777,60.0,80.0,Ag/MOF,63.54473
786.2155388471178,60.0,80.0,Ag/MOF,63.53956
786.8421052631579,60.0,80.0,Ag/MOF,63.53439
787.468671679198,60.0,80.0,Ag/MOF,63.528774
788.0952380952381,60.0,80.0,Ag/MOF,63.522785
788.7218045112782,60.0,80.0,Ag/MOF,63.516773
789.3483709273182,60.0,80.0,Ag/MOF,63.510777
789.9749373433584,60.0,80.0,Ag/MOF,63.50478
790.6015037593985,60.0,80.0,Ag/MOF,63.498775
791.2280701754386,60.0,80.0,Ag/MOF,63.492786
791.8546365914787,60.0,80.0,Ag/MOF,63.486782
792.4812030075188,60.0,80.0,Ag/MOF,63.48078
793.1077694235589,60.0,80.0,Ag/MOF,63.47478
793.734335839599,60.0,80.0,Ag/MOF,63.468784
794.3609022556391,60.0,80.0,Ag/MOF,63.46278
794.9874686716792,60.0,80.0,Ag/MOF,63.456783
795.6140350877192,60.0,80.0,Ag/MOF,63.451515
796.2406015037594,60.0,80.0,Ag/MOF,63.44688
796.8671679197995,60.0,80.0,Ag/MOF,63.444324
797.4937343358396,60.0,80.0,Ag/MOF,63.44379
798.1203007518797,60.0,80.0,Ag/MOF,63.443264
798.7468671679198,60.0,80.0,Ag/MOF,63.442722
799.3734335839599,60.0,80.0,Ag/MOF,63.442196
800.0,60.0,80.0,Ag/MOF,63.44167
550.0,80.0,80.0,Ag/MOF,57.90621
550.6265664160401,80.0,80.0,Ag/MOF,57.902733
551.2531328320802,80.0,80.0,Ag/MOF,57.899258
551.8796992481203,80.0,80.0,Ag/MOF,57.895767
552.5062656641604,80.0,80.0,Ag/MOF,57.892292
553.1328320802005,80.0,80.0,Ag/MOF,57.88881
553.7593984962406,80.0,80.0,Ag/MOF,57.885326
554.3859649122807,80.0,80.0,Ag/MOF,57.881844
555.0125313283208,80.0,80.0,Ag/MOF,57.87836
555.6390977443609,80.0,80.0,Ag/MOF,57.87488
556.265664160401,80.0,80.0,Ag/MOF,57.8714
556.8922305764411,80.0,80.0,Ag/MOF,57.867916
557.5187969924812,80.0,80.0,Ag/MOF,57.864437
558.1453634085213,80.0,80.0,Ag/MOF,57.860954
558.7719298245614,80.0,80.0,Ag/MOF,57.85747
559.3984962406015,80.0,80.0,Ag/MOF,57.853992
560.0250626566416,80.0,80.0,Ag/MOF,57.85098
560.6516290726817,80.0,80.0,Ag/MOF,57.849796
561.2781954887218,80.0,80.0,Ag/MOF,57.84862
561.9047619047619,80.0,80.0,Ag/MOF,57.847443
562.531328320802,80.0,80.0,Ag/MOF,57.846264
563.1578947368421,80.0,80.0,Ag/MOF,57.84509
563.7844611528822,80.0,80.0,Ag/MOF,57.8439
564.4110275689223,80.0,80.0,Ag/MOF,57.842728
565.0375939849624,80.0,80.0,Ag/MOF,57.841557
565.6641604010025,80.0,80.0,Ag/MOF,57.840336
566.2907268170426,80.0,80.0,Ag/MOF,57.83913
566.9172932330827,80.0,80.0,Ag/MOF,57.837917
567.5438596491229,80.0,80.0,Ag/MOF,57.836708
568.1704260651629,80.0,80.0,Ag/MOF,57.8355
568.796992481203,80.0,80.0,Ag/MOF,57.834286
569.4235588972431,80.0,80.0,Ag/MOF,57.833073
570.0501253132832,80.0,80.0,Ag/MOF,57.831863
570.6766917293234,80.0,80.0,Ag/MOF,57.830654
571.3032581453634,80.0,80.0,Ag/MOF,57.829445
571.9298245614035,80.0,80.0,Ag/MOF,57.828243
572.5563909774436,80.0,80.0,Ag/MOF,57.827026
573.1829573934837,80.0,80.0,Ag/MOF,57.825817
573.8095238095239,80.0,80.0,Ag/MOF,57.824608
574.4360902255639,80.0,80.0,Ag/MOF,57.8234
575.062656641604,80.0,80.0,Ag/MOF,57.822193
575.6892230576441,80.0,80.0,Ag/MOF,57.820976
576.3157894736842,80.0,80.0,Ag/MOF,57.819767
576.9423558897244,80.0,80.0,Ag/MOF,57.819363
577.5689223057644,80.0,80.0,Ag/MOF,57.82059
578.1954887218045,80.0,80.0,Ag/MOF,57.821815
578.8220551378446,80.0,80.0,Ag/MOF,57.823048
579.4486215538847,80.0,80.0,Ag/MOF,57.82427
580.0751879699249,80.0,80.0,Ag/MOF,57.825497
580.7017543859649,80.0,80.0,Ag/MOF,57.826725
581.328320802005,80.0,80.0,Ag/MOF,57.827953
581.9548872180451,80.0,80.0,Ag/MOF,57.829178
582.5814536340852,80.0,80.0,Ag/MOF,57.830402
583.2080200501254,80.0,80.0,Ag/MOF,57.83163
583.8345864661654,80.0,80.0,Ag/MOF,57.83285
584.4611528822055,80.0,80.0,Ag/MOF,57.83408
585.0877192982456,80.0,80.0,Ag/MOF,57.835308
585.7142857142857,80.0,80.0,Ag/MOF,57.83654
586.3408521303259,80.0,80.0,Ag/MOF,57.837757
586.9674185463659,80.0,80.0,Ag/MOF,57.83899
587.593984962406,80.0,80.0,Ag/MOF,57.840214
588.2205513784461,80.0,80.0,Ag/MOF,57.841442
588.8471177944862,80.0,80.0,Ag/MOF,57.842663
589.4736842105264,80.0,80.0,Ag/MOF,57.843895
590.1002506265664,80.0,80.0,Ag/MOF,57.84512
590.7268170426065,80.0,80.0,Ag/MOF,57.84635
591.3533834586466,80.0,80.0,Ag/MOF,57.84757
591.9799498746867,80.0,80.0,Ag/MOF,57.8488
592.6065162907269,80.0,80.0,Ag/MOF,57.85002
593.2330827067669,80.0,80.0,Ag/MOF,57.85126
593.859649122807,80.0,80.0,Ag/MOF,57.852478
594.4862155388471,80.0,80.0,Ag/MOF,57.853706
595.1127819548872,80.0,80.0,Ag/MOF,57.854935
595.7393483709274,80.0,80.0,Ag/MOF,57.85616
596.3659147869674,80.0,80.0,Ag/MOF,57.857388
596.9924812030075,80.0,80.0,Ag/MOF,57.858612
597.6190476190476,80.0,80.0,Ag/MOF,57.859837
598.2456140350877,80.0,80.0,Ag/MOF,57.861065
598.8721804511279,80.0,80.0,Ag/MOF,57.862286
599.4987468671679,80.0,80.0,Ag/MOF,57.86352
600.125313283208,80.0,80.0,Ag/MOF,57.864746
600.7518796992481,80.0,80.0,Ag/MOF,57.865974
601.3784461152882,80.0,80.0,Ag/MOF,57.867203
602.0050125313284,80.0,80.0,Ag/MOF,57.86842
602.6315789473684,80.0,80.0,Ag/MOF,57.86965
603.2581453634085,80.0,80.0,Ag/MOF,57.87088
603.8847117794486,80.0,80.0,Ag/MOF,57.872112
604.5112781954887,80.0,80.0,Ag/MOF,57.87333
605.1378446115289,80.0,80.0,Ag/MOF,57.874557
605.7644110275689,80.0,80.0,Ag/MOF,57.87578
606.390977443609,80.0,80.0,Ag/MOF,57.877014
607.0175438596491,80.0,80.0,Ag/MOF,57.87824
607.6441102756892,80.0,80.0,Ag/MOF,57.87946
608.2706766917294,80.0,80.0,Ag/MOF,57.88068
608.8972431077694,80.0,80.0,Ag/MOF,57.881912
609.5238095238095,80.0,80.0,Ag/MOF,57.88314
610.1503759398496,80.0,80.0,Ag/MOF,57.884365
610.7769423558897,80.0,80.0,Ag/MOF,57.8856
611.4035087719299,80.0,80.0,Ag/MOF,57.88682
612.0300751879699,80.0,80.0,Ag/MOF,57.88805
612.65664160401,80.0,80.0,Ag/MOF,57.88928
613.2832080200501,80.0,80.0,Ag/MOF,57.8905
613.9097744360902,80.0,80.0,Ag/MOF,57.891724
614.5363408521304,80.0,80.0,Ag/MOF,57.892956
615.1629072681704,80.0,80.0,Ag/MOF,57.894176
615.7894736842105,80.0,80.0,Ag/MOF,57.895412
616.4160401002506,80.0,80.0,Ag/MOF,57.896633
617.0426065162907,80.0,80.0,Ag/MOF,57.89786
617.6691729323309,80.0,80.0,Ag/MOF,57.899082
618.295739348371,80.0,80.0,Ag/MOF,57.90031
618.922305764411,80.0,80.0,Ag/MOF,57.90154
619.5488721804511,80.0,80.0,Ag/MOF,57.902763
620.1754385964912,80.0,80.0,Ag/MOF,57.903996
620.8020050125314,80.0,80.0,Ag/MOF,57.905212
621.4285714285714,80.0,80.0,Ag/MOF,57.906437
622.0551378446115,80.0,80.0,Ag/MOF,57.907673
622.6817042606516,80.0,80.0,Ag/MOF,57.908894
623.3082706766917,80.0,80.0,Ag/MOF,57.910126
623.9348370927319,80.0,80.0,Ag/MOF,57.911354
624.561403508772,80.0,80.0,Ag/MOF,57.91258
625.187969924812,80.0,80.0,Ag/MOF,57.913807
625.8145363408521,80.0,80.0,Ag/MOF,57.915024
626.4411027568922,80.0,80.0,Ag/MOF,57.916252
627.0676691729324,80.0,80.0,Ag/MOF,57.917477
627.6942355889724,80.0,80.0,Ag/MOF,57.91871
628.3208020050125,80.0,80.0,Ag/MOF,57.919933
628.9473684210526,80.0,80.0,Ag/MOF,57.921154
629.5739348370927,80.0,80.0,Ag/MOF,57.922386
630.2005012531329,80.0,80.0,Ag/MOF,57.923615
630.827067669173,80.0,80.0,Ag/MOF,57.92483
631.453634085213,80.0,80.0,Ag/MOF,57.926064
632.0802005012531,80.0,80.0,Ag/MOF,57.927296
632.7067669172932,80.0,80.0,Ag/MOF,57.928524
633.3333333333334,80.0,80.0,Ag/MOF,57.929745
633.9598997493734,80.0,80.0,Ag/MOF,57.930977
634.5864661654135,80.0,80.0,Ag/MOF,57.932198
635.2130325814536,80.0,80.0,Ag/MOF,57.93343
635.8395989974937,80.0,80.0,Ag/MOF,57.93465
636.4661654135339,80.0,80.0,Ag/MOF,57.93587
637.092731829574,80.0,80.0,Ag/MOF,57.937107
637.719298245614,80.0,80.0,Ag/MOF,57.938328
638.3458646616541,80.0,80.0,Ag/MOF,57.939556
638.9724310776942,80.0,80.0,Ag/MOF,57.94078
639.5989974937344,80.0,80.0,Ag/MOF,57.942013
640.2255639097745,80.0,80.0,Ag/MOF,57.94324
640.8521303258145,80.0,80.0,Ag/MOF,57.94446
641.4786967418546,80.0,80.0,Ag/MOF,57.945694
642.1052631578947,80.0,80.0,Ag/MOF,57.946922
642.7318295739349,80.0,80.0,Ag/MOF,57.94814
643.358395989975,80.0,80.0,Ag/MOF,57.949364
643.984962406015,80.0,80.0,Ag/MOF,57.950596
644.6115288220551,80.0,80.0,Ag/MOF,57.951817
645.2380952380952,80.0,80.0,Ag/MOF,57.95305
645.8646616541354,80.0,80.0,Ag/MOF,57.954273
646.4912280701755,80.0,80.0,Ag/MOF,57.95554
647.1177944862155,80.0,80.0,Ag/MOF,57.95807
647.7443609022556,80.0,80.0,Ag/MOF,57.95937
648.3709273182957,80.0,80.0,Ag/MOF,57.96033
648.9974937343359,80.0,80.0,Ag/MOF,57.961292
649.624060150376,80.0,80.0,Ag/MOF,57.962254
650.250626566416,80.0,80.0,Ag/MOF,57.963215
650.8771929824561,80.0,80.0,Ag/MOF,57.964172
651.5037593984962,80.0,80.0,Ag/MOF,57.965137
652.1303258145364,80.0,80.0,Ag/MOF,57.966103
652.7568922305765,80.0,80.0,Ag/MOF,57.96706
653.3834586466165,80.0,80.0,Ag/MOF,57.968025
654.0100250626566,80.0,80.0,Ag/MOF,57.968983
654.6365914786967,80.0,80.0,Ag/MOF,57.969948
655.2631578947369,80.0,80.0,Ag/MOF,57.970745
655.889724310777,80.0,80.0,Ag/MOF,57.970985
656.516290726817,80.0,80.0,Ag/MOF,57.971226
657.1428571428571,80.0,80.0,Ag/MOF,57.97146
657.7694235588972,80.0,80.0,Ag/MOF,57.971703
658.3959899749374,80.0,80.0,Ag/MOF,57.97195
659.0225563909775,80.0,80.0,Ag/MOF,57.972187
659.6491228070175,80.0,80.0,Ag/MOF,57.97244
660.2756892230576,80.0,80.0,Ag/MOF,57.972675
660.9022556390977,80.0,80.0,Ag/MOF,57.972603
661.5288220551379,80.0,80.0,Ag/MOF,57.971836
662.155388471178,80.0,80.0,Ag/MOF,57.971073
662.781954887218,80.0,80.0,Ag/MOF,57.97031
663.4085213032581,80.0,80.0,Ag/MOF,57.969547
664.0350877192982,80.0,80.0,Ag/MOF,57.968784
664.6616541353384,80.0,80.0,Ag/MOF,57.96802
665.2882205513785,80.0,80.0,Ag/MOF,57.96726
665.9147869674185,80.0,80.0,Ag/MOF,57.9665
666.5413533834586,80.0,80.0,Ag/MOF,57.965725
667.1679197994987,80.0,80.0,Ag/MOF,57.964977
667.7944862155389,80.0,80.0,Ag/MOF,57.964203
668.421052631579,80.0,80.0,Ag/MOF,57.963436
669.047619047619,80.0,80.0,Ag/MOF,57.962673
669.6741854636591,80.0,80.0,Ag/MOF,57.961918
670.3007518796992,80.0,80.0,Ag/MOF,57.96034
670.9273182957394,80.0,80.0,Ag/MOF,57.958755
671.5538847117795,80.0,80.0,Ag/MOF,57.95715
672.1804511278195,80.0,80.0,Ag/MOF,57.95556
672.8070175438596,80.0,80.0,Ag/MOF,57.953564
673.4335839598998,80.0,80.0,Ag/MOF,57.951523
674.0601503759399,80.0,80.0,Ag/MOF,57.94949
674.68671679198,80.0,80.0,Ag/MOF,57.947445
675.31328320802,80.0,80.0,Ag/MOF,57.945408
675.9398496240601,80.0,80.0,Ag/MOF,57.94337
676.5664160401002,80.0,80.0,Ag/MOF,57.941326
677.1929824561404,80.0,80.0,Ag/MOF,57.939297
677.8195488721805,80.0,80.0,Ag/MOF,57.937256
678.4461152882205,80.0,80.0,Ag/MOF,57.93521
679.0726817042606,80.0,80.0,Ag/MOF,57.933174
679.6992481203008,80.0,80.0,Ag/MOF,57.930088
680.3258145363409,80.0,80.0,Ag/MOF,57.926834
680.952380952381,80.0,80.0,Ag/MOF,57.923588
681.578947368421,80.0,80.0,Ag/MOF,57.920338
682.2055137844611,80.0,80.0,Ag/MOF,57.917255
682.8320802005012,80.0,80.0,Ag/MOF,57.914745
683.4586466165414,80.0,80.0,Ag/MOF,57.91223
684.0852130325815,80.0,80.0,Ag/MOF,57.90971
684.7117794486215,80.0,80.0,Ag/MOF,57.907204
685.3383458646616,80.0,80.0,Ag/MOF,57.90469
685.9649122807018,80.0,80.0,Ag/MOF,57.902176
686.5914786967419,80.0,80.0,Ag/MOF,57.899666
687.218045112782,80.0,80.0,Ag/MOF,57.89716
687.844611528822,80.0,80.0,Ag/MOF,57.89464
688.4711779448621,80.0,80.0,Ag/MOF,57.892117
689.0977443609022,80.0,80.0,Ag/MOF,57.889614
689.7243107769424,80.0,80.0,Ag/MOF,57.8871
690.3508771929825,80.0,80.0,Ag/MOF,57.884586
690.9774436090225,80.0,80.0,Ag/MOF,57.88208
691.6040100250626,80.0,80.0,Ag/MOF,57.879562
692.2305764411028,80.0,80.0,Ag/MOF,57.877052
692.8571428571429,80.0,80.0,Ag/MOF,57.87454
693.483709273183,80.0,80.0,Ag/MOF,57.872025
694.110275689223,80.0,80.0,Ag/MOF,57.869503
694.7368421052631,80.0,80.0,Ag/MOF,57.866997
695.3634085213032,80.0,80.0,Ag/MOF,57.86448
695.9899749373434,80.0,80.0,Ag/MOF,57.86198
696.6165413533835,80.0,80.0,Ag/MOF,57.85946
697.2431077694235,80.0,80.0,Ag/MOF,57.85695
697.8696741854636,80.0,80.0,Ag/MOF,57.85443
698.4962406015038,80.0,80.0,Ag/MOF,57.85191
699.1228070175439,80.0,80.0,Ag/MOF,57.849407
699.749373433584,80.0,80.0,Ag/MOF,57.846897
700.375939849624,80.0,80.0,Ag/MOF,57.84438
701.0025062656641,80.0,80.0,Ag/MOF,57.84186
701.6290726817042,80.0,80.0,Ag/MOF,57.839355
702.2556390977444,80.0,80.0,Ag/MOF,57.83684
702.8822055137845,80.0,80.0,Ag/MOF,57.83433
703.5087719298245,80.0,80.0,Ag/MOF,57.831814
704.1353383458646,80.0,80.0,Ag/MOF,57.829304
704.7619047619048,80.0,80.0,Ag/MOF,57.826786
705.3884711779449,80.0,80.0,Ag/MOF,57.824276
706.015037593985,80.0,80.0,Ag/MOF,57.821766
706.641604010025,80.0,80.0,Ag/MOF,57.819256
707.2681704260651,80.0,80.0,Ag/MOF,57.81673
707.8947368421052,80.0,80.0,Ag/MOF,57.814228
708.5213032581454,80.0,80.0,Ag/MOF,57.81171
709.1478696741855,80.0,80.0,Ag/MOF,57.8092
709.7744360902255,80.0,80.0,Ag/MOF,57.806683
710.4010025062656,80.0,80.0,Ag/MOF,57.80417
711.0275689223058,80.0,80.0,Ag/MOF,57.801662
711.6541353383459,80.0,80.0,Ag/MOF,57.79915
712.280701754386,80.0,80.0,Ag/MOF,57.79664
712.907268170426,80.0,80.0,Ag/MOF,57.79411
713.5338345864661,80.0,80.0,Ag/MOF,57.791607
714.1604010025062,80.0,80.0,Ag/MOF,57.789097
714.7869674185464,80.0,80.0,Ag/MOF,57.78658
715.4135338345865,80.0,80.0,Ag/MOF,57.786884
716.0401002506266,80.0,80.0,Ag/MOF,57.787216
716.6666666666666,80.0,80.0,Ag/MOF,57.78754
717.2932330827068,80.0,80.0,Ag/MOF,57.78789
717.9197994987469,80.0,80.0,Ag/MOF,57.78822
718.546365914787,80.0,80.0,Ag/MOF,57.78856
719.172932330827,80.0,80.0,Ag/MOF,57.788887
719.7994987468671,80.0,80.0,Ag/MOF,57.78923
720.4260651629072,80.0,80.0,Ag/MOF,57.78957
721.0526315789474,80.0,80.0,Ag/MOF,57.78999
721.6791979949875,80.0,80.0,Ag/MOF,57.792366
722.3057644110276,80.0,80.0,Ag/MOF,57.79475
722.9323308270676,80.0,80.0,Ag/MOF,57.79713
723.5588972431078,80.0,80.0,Ag/MOF,57.799515
724.1854636591479,80.0,80.0,Ag/MOF,57.8019
724.812030075188,80.0,80.0,Ag/MOF,57.804283
725.438596491228,80.0,80.0,Ag/MOF,57.80666
726.0651629072681,80.0,80.0,Ag/MOF,57.809044
726.6917293233082,80.0,80.0,Ag/MOF,57.811428
727.3182957393484,80.0,80.0,Ag/MOF,57.81381
727.9448621553885,80.0,80.0,Ag/MOF,57.816185
728.5714285714286,80.0,80.0,Ag/MOF,57.81857
729.1979949874686,80.0,80.0,Ag/MOF,57.820953
729.8245614035088,80.0,80.0,Ag/MOF,57.82333
730.4511278195489,80.0,80.0,Ag/MOF,57.825714
731.077694235589,80.0,80.0,Ag/MOF,57.828625
731.704260651629,80.0,80.0,Ag/MOF,57.832706
732.3308270676691,80.0,80.0,Ag/MOF,57.836796
732.9573934837092,80.0,80.0,Ag/MOF,57.84087
733.5839598997494,80.0,80.0,Ag/MOF,57.844963
734.2105263157895,80.0,80.0,Ag/MOF,57.849052
734.8370927318296,80.0,80.0,Ag/MOF,57.853138
735.4636591478696,80.0,80.0,Ag/MOF,57.857224
736.0902255639098,80.0,80.0,Ag/MOF,57.861305
736.7167919799499,80.0,80.0,Ag/MOF,57.865383
737.34335839599,80.0,80.0,Ag/MOF,57.869488
737.9699248120301,80.0,80.0,Ag/MOF,57.87356
738.5964912280701,80.0,80.0,Ag/MOF,57.87765
739.2230576441102,80.0,80.0,Ag/MOF,57.881737
739.8496240601504,80.0,80.0,Ag/MOF,57.885822
740.4761904761905,80.0,80.0,Ag/MOF,57.88991
741.1027568922306,80.0,80.0,Ag/MOF,57.893993
741.7293233082706,80.0,80.0,Ag/MOF,57.898075
742.3558897243108,80.0,80.0,Ag/MOF,57.902164
742.9824561403509,80.0,80.0,Ag/MOF,57.906246
743.609022556391,80.0,80.0,Ag/MOF,57.91033
744.2355889724311,80.0,80.0,Ag/MOF,57.91442
744.8621553884711,80.0,80.0,Ag/MOF,57.9185
745.4887218045112,80.0,80.0,Ag/MOF,57.92259
746.1152882205514,80.0,80.0,Ag/MOF,57.92667
746.7418546365915,80.0,80.0,Ag/MOF,57.930767
747.3684210526316,80.0,80.0,Ag/MOF,57.93485
747.9949874686716,80.0,80.0,Ag/MOF,57.938934
748.6215538847118,80.0,80.0,Ag/MOF,57.94302
749.2481203007519,80.0,80.0,Ag/MOF,57.9471
749.874686716792,80.0,80.0,Ag/MOF,57.95119
750.5012531328321,80.0,80.0,Ag/MOF,57.955273
751.1278195488721,80.0,80.0,Ag/MOF,57.959362
751.7543859649122,80.0,80.0,Ag/MOF,57.963444
752.3809523809524,80.0,80.0,Ag/MOF,57.96753
753.0075187969925,80.0,80.0,Ag/MOF,57.971615
753.6340852130326,80.0,80.0,Ag/MOF,57.975704
754.2606516290726,80.0,80.0,Ag/MOF,57.979794
754.8872180451128,80.0,80.0,Ag/MOF,57.983875
755.5137844611529,80.0,80.0,Ag/MOF,57.987957
756.140350877193,80.0,80.0,Ag/MOF,57.9946
756.7669172932331,80.0,80.0,Ag/MOF,58.00216
757.3934837092731,80.0,80.0,Ag/MOF,58.009712
758.0200501253132,80.0,80.0,Ag/MOF,58.017273
758.6466165413534,80.0,80.0,Ag/MOF,58.02483
759.2731829573935,80.0,80.0,Ag/MOF,58.032383
759.8997493734336,80.0,80.0,Ag/MOF,58.03756
760.5263157894736,80.0,80.0,Ag/MOF,58.03619
761.1528822055138,80.0,80.0,Ag/MOF,58.034832
761.7794486215539,80.0,80.0,Ag/MOF,58.033474
762.406015037594,80.0,80.0,Ag/MOF,58.032112
763.0325814536341,80.0,80.0,Ag/MOF,58.030743
763.6591478696741,80.0,80.0,Ag/MOF,58.029392
764.2857142857142,80.0,80.0,Ag/MOF,58.028027
764.9122807017544,80.0,80.0,Ag/MOF,58.02667
765.5388471177945,80.0,80.0,Ag/MOF,58.02531
766.1654135338346,80.0,80.0,Ag/MOF,58.02394
766.7919799498746,80.0,80.0,Ag/MOF,58.022587
767.4185463659148,80.0,80.0,Ag/MOF,58.021214
768.0451127819549,80.0,80.0,Ag/MOF,58.019855
768.671679197995,80.0,80.0,Ag/MOF,58.018497
769.2982456140351,80.0,80.0,Ag/MOF,58.017136
769.9248120300751,80.0,80.0,Ag/MOF,58.01578
770.5513784461152,80.0,80.0,Ag/MOF,58.014412
771.1779448621554,80.0,80.0,Ag/MOF,58.013058
771.8045112781955,80.0,80.0,Ag/MOF,58.011696
772.4310776942356,80.0,80.0,Ag/MOF,58.01033
773.0576441102756,80.0,80.0,Ag/MOF,58.00897
773.6842105263158,80.0,80.0,Ag/MOF,58.00761
774.3107769423559,80.0,80.0,Ag/MOF,58.006245
774.937343358396,80.0,80.0,Ag/MOF,58.004887
775.5639097744361,80.0,80.0,Ag/MOF,58.00353
776.1904761904761,80.0,80.0,Ag/MOF,58.00216
776.8170426065162,80.0,80.0,Ag/MOF,58.00081
777.4436090225564,80.0,80.0,Ag/MOF,57.999443
778.0701754385965,80.0,80.0,Ag/MOF,57.998077
778.6967418546366,80.0,80.0,Ag/MOF,57.99672
779.3233082706766,80.0,80.0,Ag/MOF,57.995354
779.9498746867168,80.0,80.0,Ag/MOF,57.994
780.5764411027569,80.0,80.0,Ag/MOF,57.992638
781.203007518797,80.0,80.0,Ag/MOF,57.991276
781.8295739348371,80.0,80.0,Ag/MOF,57.98991
782.4561403508771,80.0,80.0,Ag/MOF,57.98855
783.0827067669172,80.0,80.0,Ag/MOF,57.987186
783.7092731829574,80.0,80.0,Ag/MOF,57.98582
784.3358395989975,80.0,80.0,Ag/MOF,57.984463
784.9624060150376,80.0,80.0,Ag/MOF,57.983097
785.5889724310777,80.0,80.0,Ag/MOF,57.981747
786.2155388471178,80.0,80.0,Ag/MOF,57.980385
786.8421052631579,80.0,80.0,Ag/MOF,57.979023
787.468671679198,80.0,80.0,Ag/MOF,57.977665
788.0952380952381,80.0,80.0,Ag/MOF,57.976295
788.7218045112782,80.0,80.0,Ag/MOF,57.97494
789.3483709273182,80.0,80.0,Ag/MOF,57.973576
789.9749373433584,80.0,80.0,Ag/MOF,57.97221
790.6015037593985,80.0,80.0,Ag/MOF,57.97085
791.2280701754386,80.0,80.0,Ag/MOF,57.969486
791.8546365914787,80.0,80.0,Ag/MOF,57.968136
792.4812030075188,80.0,80.0,Ag/MOF,57.96677
793.1077694235589,80.0,80.0,Ag/MOF,57.965412
793.734335839599,80.0,80.0,Ag/MOF,57.96405
794.3609022556391,80.0,80.0,Ag/MOF,57.96269
794.9874686716792,80.0,80.0,Ag/MOF,57.96132
795.6140350877192,80.0,80.0,Ag/MOF,57.959957
796.2406015037594,80.0,80.0,Ag/MOF,57.962543
796.8671679197995,80.0,80.0,Ag/MOF,57.9653
797.4937343358396,80.0,80.0,Ag/MOF,57.96804
798.1203007518797,80.0,80.0,Ag/MOF,57.97078
798.7468671679198,80.0,80.0,Ag/MOF,57.973515
799.3734335839599,80.0,80.0,Ag/MOF,57.976257
800.0,80.0,80.0,Ag/MOF,57.979008
550.0,0.0,20.0,Au/MOF,71.747826
550.6265664160401,0.0,20.0,Au/MOF,71.755325
551.2531328320802,0.0,20.0,Au/MOF,71.76283
551.8796992481203,0.0,20.0,Au/MOF,71.77033
552.5062656641604,0.0,20.0,Au/MOF,71.777824
553.1328320802005,0.0,20.0,Au/MOF,71.78533
553.7593984962406,0.0,20.0,Au/MOF,71.79284
554.3859649122807,0.0,20.0,Au/MOF,71.80033
555.0125313283208,0.0,20.0,Au/MOF,71.80784
555.6390977443609,0.0,20.0,Au/MOF,71.815346
556.265664160401,0.0,20.0,Au/MOF,71.82283
556.8922305764411,0.0,20.0,Au/MOF,71.83034
557.5187969924812,0.0,20.0,Au/MOF,71.83784
558.1453634085213,0.0,20.0,Au/MOF,71.84534
558.7719298245614,0.0,20.0,Au/MOF,71.852844
559.3984962406015,0.0,20.0,Au/MOF,71.86035
560.0250626566416,0.0,20.0,Au/MOF,71.86785
560.6516290726817,0.0,20.0,Au/MOF,71.87517
561.2781954887218,0.0,20.0,Au/MOF,71.876114
561.9047619047619,0.0,20.0,Au/MOF,71.87706
562.531328320802,0.0,20.0,Au/MOF,71.878006
563.1578947368421,0.0,20.0,Au/MOF,71.87894
563.7844611528822,0.0,20.0,Au/MOF,71.87989
564.4110275689223,0.0,20.0,Au/MOF,71.88084
565.0375939849624,0.0,20.0,Au/MOF,71.88189
565.6641604010025,0.0,20.0,Au/MOF,71.882965
566.2907268170426,0.0,20.0,Au/MOF,71.88403
566.9172932330827,0.0,20.0,Au/MOF,71.8851
567.5438596491229,0.0,20.0,Au/MOF,71.88617
568.1704260651629,0.0,20.0,Au/MOF,71.88724
568.796992481203,0.0,20.0,Au/MOF,71.88831
569.4235588972431,0.0,20.0,Au/MOF,71.88937
570.0501253132832,0.0,20.0,Au/MOF,71.89044
570.6766917293234,0.0,20.0,Au/MOF,71.891525
571.3032581453634,0.0,20.0,Au/MOF,71.892586
571.9298245614035,0.0,20.0,Au/MOF,71.893654
572.5563909774436,0.0,20.0,Au/MOF,71.89473
573.1829573934837,0.0,20.0,Au/MOF,71.89579
573.8095238095239,0.0,20.0,Au/MOF,71.896866
574.4360902255639,0.0,20.0,Au/MOF,71.897934
575.062656641604,0.0,20.0,Au/MOF,71.899
575.6892230576441,0.0,20.0,Au/MOF,71.89945
576.3157894736842,0.0,20.0,Au/MOF,71.899826
576.9423558897244,0.0,20.0,Au/MOF,71.900185
577.5689223057644,0.0,20.0,Au/MOF,71.90056
578.1954887218045,0.0,20.0,Au/MOF,71.89954
578.8220551378446,0.0,20.0,Au/MOF,71.89814
579.4486215538847,0.0,20.0,Au/MOF,71.896736
580.0751879699249,0.0,20.0,Au/MOF,71.89534
580.7017543859649,0.0,20.0,Au/MOF,71.893936
581.328320802005,0.0,20.0,Au/MOF,71.89254
581.9548872180451,0.0,20.0,Au/MOF,71.89114
582.5814536340852,0.0,20.0,Au/MOF,71.88973
583.2080200501254,0.0,20.0,Au/MOF,71.888336
583.8345864661654,0.0,20.0,Au/MOF,71.88694
584.4611528822055,0.0,20.0,Au/MOF,71.885544
585.0877192982456,0.0,20.0,Au/MOF,71.88413
585.7142857142857,0.0,20.0,Au/MOF,71.88274
586.3408521303259,0.0,20.0,Au/MOF,71.88134
586.9674185463659,0.0,20.0,Au/MOF,71.879944
587.593984962406,0.0,20.0,Au/MOF,71.87854
588.2205513784461,0.0,20.0,Au/MOF,71.877144
588.8471177944862,0.0,20.0,Au/MOF,71.87511
589.4736842105264,0.0,20.0,Au/MOF,71.87295
590.1002506265664,0.0,20.0,Au/MOF,71.87077
590.7268170426065,0.0,20.0,Au/MOF,71.86862
591.3533834586466,0.0,20.0,Au/MOF,71.86645
591.9799498746867,0.0,20.0,Au/MOF,71.86429
592.6065162907269,0.0,20.0,Au/MOF,71.86212
593.2330827067669,0.0,20.0,Au/MOF,71.859955
593.859649122807,0.0,20.0,Au/MOF,71.85779
594.4862155388471,0.0,20.0,Au/MOF,71.85563
595.1127819548872,0.0,20.0,Au/MOF,71.85346
595.7393483709274,0.0,20.0,Au/MOF,71.851295
596.3659147869674,0.0,20.0,Au/MOF,71.84914
596.9924812030075,0.0,20.0,Au/MOF,71.84697
597.6190476190476,0.0,20.0,Au/MOF,71.8448
598.2456140350877,0.0,20.0,Au/MOF,71.842636
598.8721804511279,0.0,20.0,Au/MOF,71.840485
599.4987468671679,0.0,20.0,Au/MOF,71.83832
600.125313283208,0.0,20.0,Au/MOF,71.83615
600.7518796992481,0.0,20.0,Au/MOF,71.83399
601.3784461152882,0.0,20.0,Au/MOF,71.831825
602.0050125313284,0.0,20.0,Au/MOF,71.82965
602.6315789473684,0.0,20.0,Au/MOF,71.8275
603.2581453634085,0.0,20.0,Au/MOF,71.82533
603.8847117794486,0.0,20.0,Au/MOF,71.823166
604.5112781954887,0.0,20.0,Au/MOF,71.821
605.1378446115289,0.0,20.0,Au/MOF,71.81884
605.7644110275689,0.0,20.0,Au/MOF,71.816666
606.390977443609,0.0,20.0,Au/MOF,71.81451
607.0175438596491,0.0,20.0,Au/MOF,71.81235
607.6441102756892,0.0,20.0,Au/MOF,71.81017
608.2706766917294,0.0,20.0,Au/MOF,71.808014
608.8972431077694,0.0,20.0,Au/MOF,71.80585
609.5238095238095,0.0,20.0,Au/MOF,71.803696
610.1503759398496,0.0,20.0,Au/MOF,71.80152
610.7769423558897,0.0,20.0,Au/MOF,71.79936
611.4035087719299,0.0,20.0,Au/MOF,71.797195
612.0300751879699,0.0,20.0,Au/MOF,71.79503
612.65664160401,0.0,20.0,Au/MOF,71.79286
613.2832080200501,0.0,20.0,Au/MOF,71.790695
613.9097744360902,0.0,20.0,Au/MOF,71.78854
614.5363408521304,0.0,20.0,Au/MOF,71.78637
615.1629072681704,0.0,20.0,Au/MOF,71.78421
615.7894736842105,0.0,20.0,Au/MOF,71.782036
616.4160401002506,0.0,20.0,Au/MOF,71.77988
617.0426065162907,0.0,20.0,Au/MOF,71.77771
617.6691729323309,0.0,20.0,Au/MOF,71.77555
618.295739348371,0.0,20.0,Au/MOF,71.773384
618.922305764411,0.0,20.0,Au/MOF,71.771225
619.5488721804511,0.0,20.0,Au/MOF,71.76906
620.1754385964912,0.0,20.0,Au/MOF,71.76689
620.8020050125314,0.0,20.0,Au/MOF,71.764725
621.4285714285714,0.0,20.0,Au/MOF,71.76256
622.0551378446115,0.0,20.0,Au/MOF,71.76041
622.6817042606516,0.0,20.0,Au/MOF,71.75823
623.3082706766917,0.0,20.0,Au/MOF,71.75607
623.9348370927319,0.0,20.0,Au/MOF,71.75391
624.561403508772,0.0,20.0,Au/MOF,71.75174
625.187969924812,0.0,20.0,Au/MOF,71.74957
625.8145363408521,0.0,20.0,Au/MOF,71.74741
626.4411027568922,0.0,20.0,Au/MOF,71.74525
627.0676691729324,0.0,20.0,Au/MOF,71.74309
627.6942355889724,0.0,20.0,Au/MOF,71.74092
628.3208020050125,0.0,20.0,Au/MOF,71.738754
628.9473684210526,0.0,20.0,Au/MOF,71.73659
629.5739348370927,0.0,20.0,Au/MOF,71.73443
630.2005012531329,0.0,20.0,Au/MOF,71.73227
630.827067669173,0.0,20.0,Au/MOF,71.730095
631.453634085213,0.0,20.0,Au/MOF,71.72793
632.0802005012531,0.0,20.0,Au/MOF,71.72578
632.7067669172932,0.0,20.0,Au/MOF,71.7236
633.3333333333334,0.0,20.0,Au/MOF,71.721436
633.9598997493734,0.0,20.0,Au/MOF,71.71927
634.5864661654135,0.0,20.0,Au/MOF,71.71712
635.2130325814536,0.0,20.0,Au/MOF,71.71495
635.8395989974937,0.0,20.0,Au/MOF,71.71278
636.4661654135339,0.0,20.0,Au/MOF,71.71062
637.092731829574,0.0,20.0,Au/MOF,71.70845
637.719298245614,0.0,20.0,Au/MOF,71.70628
638.3458646616541,0.0,20.0,Au/MOF,71.70413
638.9724310776942,0.0,20.0,Au/MOF,71.701965
639.5989974937344,0.0,20.0,Au/MOF,71.69979
640.2255639097745,0.0,20.0,Au/MOF,71.69764
640.8521303258145,0.0,20.0,Au/MOF,71.695465
641.4786967418546,0.0,20.0,Au/MOF,71.6933
642.1052631578947,0.0,20.0,Au/MOF,71.69114
642.7318295739349,0.0,20.0,Au/MOF,71.68897
643.358395989975,0.0,20.0,Au/MOF,71.68681
643.984962406015,0.0,20.0,Au/MOF,71.68465
644.6115288220551,0.0,20.0,Au/MOF,71.68274
645.2380952380952,0.0,20.0,Au/MOF,71.68258
645.8646616541354,0.0,20.0,Au/MOF,71.68242
646.4912280701755,0.0,20.0,Au/MOF,71.68225
647.1177944862155,0.0,20.0,Au/MOF,71.68208
647.7443609022556,0.0,20.0,Au/MOF,71.681915
648.3709273182957,0.0,20.0,Au/MOF,71.68174
648.9974937343359,0.0,20.0,Au/MOF,71.68157
649.624060150376,0.0,20.0,Au/MOF,71.68141
650.250626566416,0.0,20.0,Au/MOF,71.681244
650.8771929824561,0.0,20.0,Au/MOF,71.681076
651.5037593984962,0.0,20.0,Au/MOF,71.68091
652.1303258145364,0.0,20.0,Au/MOF,71.68074
652.7568922305765,0.0,20.0,Au/MOF,71.68058
653.3834586466165,0.0,20.0,Au/MOF,71.680405
654.0100250626566,0.0,20.0,Au/MOF,71.680244
654.6365914786967,0.0,20.0,Au/MOF,71.68007
655.2631578947369,0.0,20.0,Au/MOF,71.6799
655.889724310777,0.0,20.0,Au/MOF,71.67973
656.516290726817,0.0,20.0,Au/MOF,71.67957
657.1428571428571,0.0,20.0,Au/MOF,71.67941
657.7694235588972,0.0,20.0,Au/MOF,71.67924
658.3959899749374,0.0,20.0,Au/MOF,71.67908
659.0225563909775,0.0,20.0,Au/MOF,71.67891
659.6491228070175,0.0,20.0,Au/MOF,71.67874
660.2756892230576,0.0,20.0,Au/MOF,71.67857
660.9022556390977,0.0,20.0,Au/MOF,71.678406
661.5288220551379,0.0,20.0,Au/MOF,71.678246
662.155388471178,0.0,20.0,Au/MOF,71.67807
662.781954887218,0.0,20.0,Au/MOF,71.6779
663.4085213032581,0.0,20.0,Au/MOF,71.677734
664.0350877192982,0.0,20.0,Au/MOF,71.67757
664.6616541353384,0.0,20.0,Au/MOF,71.6774
665.2882205513785,0.0,20.0,Au/MOF,71.67723
665.9147869674185,0.0,20.0,Au/MOF,71.67706
666.5413533834586,0.0,20.0,Au/MOF,71.67798
667.1679197994987,0.0,20.0,Au/MOF,71.6805
667.7944862155389,0.0,20.0,Au/MOF,71.683014
668.421052631579,0.0,20.0,Au/MOF,71.68554
669.047619047619,0.0,20.0,Au/MOF,71.68806
669.6741854636591,0.0,20.0,Au/MOF,71.690575
670.3007518796992,0.0,20.0,Au/MOF,71.6931
670.9273182957394,0.0,20.0,Au/MOF,71.69562
671.5538847117795,0.0,20.0,Au/MOF,71.698135
672.1804511278195,0.0,20.0,Au/MOF,71.70066
672.8070175438596,0.0,20.0,Au/MOF,71.70318
673.4335839598998,0.0,20.0,Au/MOF,71.70712
674.0601503759399,0.0,20.0,Au/MOF,71.71215
674.68671679198,0.0,20.0,Au/MOF,71.71428
675.31328320802,0.0,20.0,Au/MOF,71.71596
675.9398496240601,0.0,20.0,Au/MOF,71.71763
676.5664160401002,0.0,20.0,Au/MOF,71.719315
677.1929824561404,0.0,20.0,Au/MOF,71.72099
677.8195488721805,0.0,20.0,Au/MOF,71.722664
678.4461152882205,0.0,20.0,Au/MOF,71.72435
679.0726817042606,0.0,20.0,Au/MOF,71.72603
679.6992481203008,0.0,20.0,Au/MOF,71.72771
680.3258145363409,0.0,20.0,Au/MOF,71.729385
680.952380952381,0.0,20.0,Au/MOF,71.73105
681.578947368421,0.0,20.0,Au/MOF,71.73273
682.2055137844611,0.0,20.0,Au/MOF,71.73441
682.8320802005012,0.0,20.0,Au/MOF,71.736084
683.4586466165414,0.0,20.0,Au/MOF,71.73777
684.0852130325815,0.0,20.0,Au/MOF,71.73944
684.7117794486215,0.0,20.0,Au/MOF,71.74112
685.3383458646616,0.0,20.0,Au/MOF,71.7428
685.9649122807018,0.0,20.0,Au/MOF,71.74448
686.5914786967419,0.0,20.0,Au/MOF,71.74615
687.218045112782,0.0,20.0,Au/MOF,71.747826
687.844611528822,0.0,20.0,Au/MOF,71.74951
688.4711779448621,0.0,20.0,Au/MOF,71.75119
689.0977443609022,0.0,20.0,Au/MOF,71.75286
689.7243107769424,0.0,20.0,Au/MOF,71.75453
690.3508771929825,0.0,20.0,Au/MOF,71.756226
690.9774436090225,0.0,20.0,Au/MOF,71.757904
691.6040100250626,0.0,20.0,Au/MOF,71.75957
692.2305764411028,0.0,20.0,Au/MOF,71.761246
692.8571428571429,0.0,20.0,Au/MOF,71.762924
693.483709273183,0.0,20.0,Au/MOF,71.76462
694.110275689223,0.0,20.0,Au/MOF,71.76629
694.7368421052631,0.0,20.0,Au/MOF,71.76796
695.3634085213032,0.0,20.0,Au/MOF,71.76964
695.9899749373434,0.0,20.0,Au/MOF,71.77132
696.6165413533835,0.0,20.0,Au/MOF,71.772995
697.2431077694235,0.0,20.0,Au/MOF,71.77467
697.8696741854636,0.0,20.0,Au/MOF,71.77635
698.4962406015038,0.0,20.0,Au/MOF,71.77803
699.1228070175439,0.0,20.0,Au/MOF,71.77971
699.749373433584,0.0,20.0,Au/MOF,71.78139
700.375939849624,0.0,20.0,Au/MOF,71.78306
701.0025062656641,0.0,20.0,Au/MOF,71.784744
701.6290726817042,0.0,20.0,Au/MOF,71.786415
702.2556390977444,0.0,20.0,Au/MOF,71.785385
702.8822055137845,0.0,20.0,Au/MOF,71.783295
703.5087719298245,0.0,20.0,Au/MOF,71.78121
704.1353383458646,0.0,20.0,Au/MOF,71.77911
704.7619047619048,0.0,20.0,Au/MOF,71.77702
705.3884711779449,0.0,20.0,Au/MOF,71.77493
706.015037593985,0.0,20.0,Au/MOF,71.77284
706.641604010025,0.0,20.0,Au/MOF,71.77075
707.2681704260651,0.0,20.0,Au/MOF,71.76867
707.8947368421052,0.0,20.0,Au/MOF,71.76657
708.5213032581454,0.0,20.0,Au/MOF,71.76448
709.1478696741855,0.0,20.0,Au/MOF,71.7624
709.7744360902255,0.0,20.0,Au/MOF,71.76031
710.4010025062656,0.0,20.0,Au/MOF,71.758224
711.0275689223058,0.0,20.0,Au/MOF,71.75612
711.6541353383459,0.0,20.0,Au/MOF,71.75404
712.280701754386,0.0,20.0,Au/MOF,71.751945
712.907268170426,0.0,20.0,Au/MOF,71.749855
713.5338345864661,0.0,20.0,Au/MOF,71.74776
714.1604010025062,0.0,20.0,Au/MOF,71.74568
714.7869674185464,0.0,20.0,Au/MOF,71.74359
715.4135338345865,0.0,20.0,Au/MOF,71.741486
716.0401002506266,0.0,20.0,Au/MOF,71.73941
716.6666666666666,0.0,20.0,Au/MOF,71.73731
717.2932330827068,0.0,20.0,Au/MOF,71.73523
717.9197994987469,0.0,20.0,Au/MOF,71.73314
718.546365914787,0.0,20.0,Au/MOF,71.73105
719.172932330827,0.0,20.0,Au/MOF,71.72896
719.7994987468671,0.0,20.0,Au/MOF,71.72687
720.4260651629072,0.0,20.0,Au/MOF,71.72478
721.0526315789474,0.0,20.0,Au/MOF,71.722694
721.6791979949875,0.0,20.0,Au/MOF,71.7206
722.3057644110276,0.0,20.0,Au/MOF,71.71851
722.9323308270676,0.0,20.0,Au/MOF,71.716415
723.5588972431078,0.0,20.0,Au/MOF,71.714325
724.1854636591479,0.0,20.0,Au/MOF,71.71224
724.812030075188,0.0,20.0,Au/MOF,71.710144
725.438596491228,0.0,20.0,Au/MOF,71.70807
726.0651629072681,0.0,20.0,Au/MOF,71.70597
726.6917293233082,0.0,20.0,Au/MOF,71.70389
727.3182957393484,0.0,20.0,Au/MOF,71.7018
727.9448621553885,0.0,20.0,Au/MOF,71.69971
728.5714285714286,0.0,20.0,Au/MOF,71.69762
729.1979949874686,0.0,20.0,Au/MOF,71.695526
729.8245614035088,0.0,20.0,Au/MOF,71.69343
730.4511278195489,0.0,20.0,Au/MOF,71.691345
731.077694235589,0.0,20.0,Au/MOF,71.689255
731.704260651629,0.0,20.0,Au/MOF,71.687164
732.3308270676691,0.0,20.0,Au/MOF,71.685074
732.9573934837092,0.0,20.0,Au/MOF,71.683
733.5839598997494,0.0,20.0,Au/MOF,71.68089
734.2105263157895,0.0,20.0,Au/MOF,71.67881
734.8370927318296,0.0,20.0,Au/MOF,71.67672
735.4636591478696,0.0,20.0,Au/MOF,71.67462
736.0902255639098,0.0,20.0,Au/MOF,71.67254
736.7167919799499,0.0,20.0,Au/MOF,71.67044
737.34335839599,0.0,20.0,Au/MOF,71.66836
737.9699248120301,0.0,20.0,Au/MOF,71.66627
738.5964912280701,0.0,20.0,Au/MOF,71.66417
739.2230576441102,0.0,20.0,Au/MOF,71.662094
739.8496240601504,0.0,20.0,Au/MOF,71.66
740.4761904761905,0.0,20.0,Au/MOF,71.657906
741.1027568922306,0.0,20.0,Au/MOF,71.655815
741.7293233082706,0.0,20.0,Au/MOF,71.65373
742.3558897243108,0.0,20.0,Au/MOF,71.651634
742.9824561403509,0.0,20.0,Au/MOF,71.64955
743.609022556391,0.0,20.0,Au/MOF,71.64745
744.2355889724311,0.0,20.0,Au/MOF,71.64537
744.8621553884711,0.0,20.0,Au/MOF,71.64327
745.4887218045112,0.0,20.0,Au/MOF,71.64119
746.1152882205514,0.0,20.0,Au/MOF,71.6391
746.7418546365915,0.0,20.0,Au/MOF,71.63701
747.3684210526316,0.0,20.0,Au/MOF,71.634926
747.9949874686716,0.0,20.0,Au/MOF,71.632835
748.6215538847118,0.0,20.0,Au/MOF,71.63074
749.2481203007519,0.0,20.0,Au/MOF,71.62865
749.874686716792,0.0,20.0,Au/MOF,71.626564
750.5012531328321,0.0,20.0,Au/MOF,71.62447
751.1278195488721,0.0,20.0,Au/MOF,71.62239
751.7543859649122,0.0,20.0,Au/MOF,71.62029
752.3809523809524,0.0,20.0,Au/MOF,71.6182
753.0075187969925,0.0,20.0,Au/MOF,71.61611
753.6340852130326,0.0,20.0,Au/MOF,71.61441
754.2606516290726,0.0,20.0,Au/MOF,71.61331
754.8872180451128,0.0,20.0,Au/MOF,71.612206
755.5137844611529,0.0,20.0,Au/MOF,71.6111
756.140350877193,0.0,20.0,Au/MOF,71.61
756.7669172932331,0.0,20.0,Au/MOF,71.6089
757.3934837092731,0.0,20.0,Au/MOF,71.60779
758.0200501253132,0.0,20.0,Au/MOF,71.60669
758.6466165413534,0.0,20.0,Au/MOF,71.60559
759.2731829573935,0.0,20.0,Au/MOF,71.60449
759.8997493734336,0.0,20.0,Au/MOF,71.6036
760.5263157894736,0.0,20.0,Au/MOF,71.60326
761.1528822055138,0.0,20.0,Au/MOF,71.60293
761.7794486215539,0.0,20.0,Au/MOF,71.60259
762.406015037594,0.0,20.0,Au/MOF,71.602264
763.0325814536341,0.0,20.0,Au/MOF,71.60193
763.6591478696741,0.0,20.0,Au/MOF,71.60159
764.2857142857142,0.0,20.0,Au/MOF,71.60126
764.9122807017544,0.0,20.0,Au/MOF,71.60093
765.5388471177945,0.0,20.0,Au/MOF,71.60059
766.1654135338346,0.0,20.0,Au/MOF,71.60026
766.7919799498746,0.0,20.0,Au/MOF,71.59993
767.4185463659148,0.0,20.0,Au/MOF,71.59959
768.0451127819549,0.0,20.0,Au/MOF,71.59926
768.671679197995,0.0,20.0,Au/MOF,71.59892
769.2982456140351,0.0,20.0,Au/MOF,71.59859
769.9248120300751,0.0,20.0,Au/MOF,71.59826
770.5513784461152,0.0,20.0,Au/MOF,71.597916
771.1779448621554,0.0,20.0,Au/MOF,71.59759
771.8045112781955,0.0,20.0,Au/MOF,71.59726
772.4310776942356,0.0,20.0,Au/MOF,71.59691
773.0576441102756,0.0,20.0,Au/MOF,71.59659
773.6842105263158,0.0,20.0,Au/MOF,71.596245
774.3107769423559,0.0,20.0,Au/MOF,71.59592
774.937343358396,0.0,20.0,Au/MOF,71.59558
775.5639097744361,0.0,20.0,Au/MOF,71.59525
776.1904761904761,0.0,20.0,Au/MOF,71.59492
776.8170426065162,0.0,20.0,Au/MOF,71.59458
777.4436090225564,0.0,20.0,Au/MOF,71.59425
778.0701754385965,0.0,20.0,Au/MOF,71.59612
778.6967418546366,0.0,20.0,Au/MOF,71.59801
779.3233082706766,0.0,20.0,Au/MOF,71.599884
779.9498746867168,0.0,20.0,Au/MOF,71.60176
780.5764411027569,0.0,20.0,Au/MOF,71.60364
781.203007518797,0.0,20.0,Au/MOF,71.60553
781.8295739348371,0.0,20.0,Au/MOF,71.60741
782.4561403508771,0.0,20.0,Au/MOF,71.60928
783.0827067669172,0.0,20.0,Au/MOF,71.61117
783.7092731829574,0.0,20.0,Au/MOF,71.613045
784.3358395989975,0.0,20.0,Au/MOF,71.614914
784.9624060150376,0.0,20.0,Au/MOF,71.616806
785.5889724310777,0.0,20.0,Au/MOF,71.61868
786.2155388471178,0.0,20.0,Au/MOF,71.62056
786.8421052631579,0.0,20.0,Au/MOF,71.622444
787.468671679198,0.0,20.0,Au/MOF,71.62433
788.0952380952381,0.0,20.0,Au/MOF,71.6262
788.7218045112782,0.0,20.0,Au/MOF,71.628075
789.3483709273182,0.0,20.0,Au/MOF,71.62996
789.9749373433584,0.0,20.0,Au/MOF,71.631836
790.6015037593985,0.0,20.0,Au/MOF,71.63372
791.2280701754386,0.0,20.0,Au/MOF,71.6356
791.8546365914787,0.0,20.0,Au/MOF,71.63748
792.4812030075188,0.0,20.0,Au/MOF,71.63936
793.1077694235589,0.0,20.0,Au/MOF,71.64124
793.734335839599,0.0,20.0,Au/MOF,71.64311
794.3609022556391,0.0,20.0,Au/MOF,71.645
794.9874686716792,0.0,20.0,Au/MOF,71.64688
795.6140350877192,0.0,20.0,Au/MOF,71.64876
796.2406015037594,0.0,20.0,Au/MOF,71.650635
796.8671679197995,0.0,20.0,Au/MOF,71.65251
797.4937343358396,0.0,20.0,Au/MOF,71.6544
798.1203007518797,0.0,20.0,Au/MOF,71.65474
798.7468671679198,0.0,20.0,Au/MOF,71.65456
799.3734335839599,0.0,20.0,Au/MOF,71.65439
800.0,0.0,20.0,Au/MOF,71.65422
550.0,20.0,20.0,Au/MOF,70.14378
550.6265664160401,20.0,20.0,Au/MOF,70.14193
551.2531328320802,20.0,20.0,Au/MOF,70.140076
551.8796992481203,20.0,20.0,Au/MOF,70.13823
552.5062656641604,20.0,20.0,Au/MOF,70.13637
553.1328320802005,20.0,20.0,Au/MOF,70.13452
553.7593984962406,20.0,20.0,Au/MOF,70.132675
554.3859649122807,20.0,20.0,Au/MOF,70.13081
555.0125313283208,20.0,20.0,Au/MOF,70.12897
555.6390977443609,20.0,20.0,Au/MOF,70.12711
556.265664160401,20.0,20.0,Au/MOF,70.125244
556.8922305764411,20.0,20.0,Au/MOF,70.1234
557.5187969924812,20.0,20.0,Au/MOF,70.12155
558.1453634085213,20.0,20.0,Au/MOF,70.11969
558.7719298245614,20.0,20.0,Au/MOF,70.11784
559.3984962406015,20.0,20.0,Au/MOF,70.11598
560.0250626566416,20.0,20.0,Au/MOF,70.11412
560.6516290726817,20.0,20.0,Au/MOF,70.11228
561.2781954887218,20.0,20.0,Au/MOF,70.11043
561.9047619047619,20.0,20.0,Au/MOF,70.108574
562.531328320802,20.0,20.0,Au/MOF,70.10672
563.1578947368421,20.0,20.0,Au/MOF,70.104866
563.7844611528822,20.0,20.0,Au/MOF,70.10301
564.4110275689223,20.0,20.0,Au/MOF,70.10115
565.0375939849624,20.0,20.0,Au/MOF,70.099304
565.6641604010025,20.0,20.0,Au/MOF,70.09745
566.2907268170426,20.0,20.0,Au/MOF,70.0956
566.9172932330827,20.0,20.0,Au/MOF,70.09375
567.5438596491229,20.0,20.0,Au/MOF,70.0919
568.1704260651629,20.0,20.0,Au/MOF,70.09004
568.796992481203,20.0,20.0,Au/MOF,70.08818
569.4235588972431,20.0,20.0,Au/MOF,70.086334
570.0501253132832,20.0,20.0,Au/MOF,70.08447
570.6766917293234,20.0,20.0,Au/MOF,70.08263
571.3032581453634,20.0,20.0,Au/MOF,70.08077
571.9298245614035,20.0,20.0,Au/MOF,70.078926
572.5563909774436,20.0,20.0,Au/MOF,70.07707
573.1829573934837,20.0,20.0,Au/MOF,70.07521
573.8095238095239,20.0,20.0,Au/MOF,70.073364
574.4360902255639,20.0,20.0,Au/MOF,70.0715
575.062656641604,20.0,20.0,Au/MOF,70.06966
575.6892230576441,20.0,20.0,Au/MOF,70.067795
576.3157894736842,20.0,20.0,Au/MOF,70.06595
576.9423558897244,20.0,20.0,Au/MOF,70.06409
577.5689223057644,20.0,20.0,Au/MOF,70.06223
578.1954887218045,20.0,20.0,Au/MOF,70.060394
578.8220551378446,20.0,20.0,Au/MOF,70.05854
579.4486215538847,20.0,20.0,Au/MOF,70.05667
580.0751879699249,20.0,20.0,Au/MOF,70.054825
580.7017543859649,20.0,20.0,Au/MOF,70.05297
581.328320802005,20.0,20.0,Au/MOF,70.05113
581.9548872180451,20.0,20.0,Au/MOF,70.04927
582.5814536340852,20.0,20.0,Au/MOF,70.047424
583.2080200501254,20.0,20.0,Au/MOF,70.045555
583.8345864661654,20.0,20.0,Au/MOF,70.04372
584.4611528822055,20.0,20.0,Au/MOF,70.041855
585.0877192982456,20.0,20.0,Au/MOF,70.04
585.7142857142857,20.0,20.0,Au/MOF,70.03815
586.3408521303259,20.0,20.0,Au/MOF,70.03629
586.9674185463659,20.0,20.0,Au/MOF,70.03444
587.593984962406,20.0,20.0,Au/MOF,70.032585
588.2205513784461,20.0,20.0,Au/MOF,70.03073
588.8471177944862,20.0,20.0,Au/MOF,70.028885
589.4736842105264,20.0,20.0,Au/MOF,70.02702
590.1002506265664,20.0,20.0,Au/MOF,70.02518
590.7268170426065,20.0,20.0,Au/MOF,70.02332
591.3533834586466,20.0,20.0,Au/MOF,70.02147
591.9799498746867,20.0,20.0,Au/MOF,70.01961
592.6065162907269,20.0,20.0,Au/MOF,70.01776
593.2330827067669,20.0,20.0,Au/MOF,70.01591
593.859649122807,20.0,20.0,Au/MOF,70.01405
594.4862155388471,20.0,20.0,Au/MOF,70.01221
595.1127819548872,20.0,20.0,Au/MOF,70.01035
595.7393483709274,20.0,20.0,Au/MOF,70.0085
596.3659147869674,20.0,20.0,Au/MOF,70.006645
596.9924812030075,20.0,20.0,Au/MOF,70.00479
597.6190476190476,20.0,20.0,Au/MOF,70.00293
598.2456140350877,20.0,20.0,Au/MOF,70.001076
598.8721804511279,20.0,20.0,Au/MOF,69.99922
599.4987468671679,20.0,20.0,Au/MOF,69.997375
600.125313283208,20.0,20.0,Au/MOF,69.99553
600.7518796992481,20.0,20.0,Au/MOF,69.99367
601.3784461152882,20.0,20.0,Au/MOF,69.99182
602.0050125313284,20.0,20.0,Au/MOF,69.98996
602.6315789473684,20.0,20.0,Au/MOF,69.98819
603.2581453634085,20.0,20.0,Au/MOF,69.98772
603.8847117794486,20.0,20.0,Au/MOF,69.98724
604.5112781954887,20.0,20.0,Au/MOF,69.98676
605.1378446115289,20.0,20.0,Au/MOF,69.98629
605.7644110275689,20.0,20.0,Au/MOF,69.98582
606.390977443609,20.0,20.0,Au/MOF,69.985344
607.0175438596491,20.0,20.0,Au/MOF,69.98461
607.6441102756892,20.0,20.0,Au/MOF,69.98088
608.2706766917294,20.0,20.0,Au/MOF,69.97714
608.8972431077694,20.0,20.0,Au/MOF,69.973404
609.5238095238095,20.0,20.0,Au/MOF,69.969666
610.1503759398496,20.0,20.0,Au/MOF,69.96593
610.7769423558897,20.0,20.0,Au/MOF,69.96219
611.4035087719299,20.0,20.0,Au/MOF,69.95845
612.0300751879699,20.0,20.0,Au/MOF,69.95471
612.65664160401,20.0,20.0,Au/MOF,69.95097
613.2832080200501,20.0,20.0,Au/MOF,69.947235
613.9097744360902,20.0,20.0,Au/MOF,69.9435
614.5363408521304,20.0,20.0,Au/MOF,69.93975
615.1629072681704,20.0,20.0,Au/MOF,69.93602
615.7894736842105,20.0,20.0,Au/MOF,69.93228
616.4160401002506,20.0,20.0,Au/MOF,69.92854
617.0426065162907,20.0,20.0,Au/MOF,69.924805
617.6691729323309,20.0,20.0,Au/MOF,69.92107
618.295739348371,20.0,20.0,Au/MOF,69.91733
618.922305764411,20.0,20.0,Au/MOF,69.91359
619.5488721804511,20.0,20.0,Au/MOF,69.90985
620.1754385964912,20.0,20.0,Au/MOF,69.906105
620.8020050125314,20.0,20.0,Au/MOF,69.90237
621.4285714285714,20.0,20.0,Au/MOF,69.898636
622.0551378446115,20.0,20.0,Au/MOF,69.8949
622.6817042606516,20.0,20.0,Au/MOF,69.89116
623.3082706766917,20.0,20.0,Au/MOF,69.88742
623.9348370927319,20.0,20.0,Au/MOF,69.88368
624.561403508772,20.0,20.0,Au/MOF,69.879944
625.187969924812,20.0,20.0,Au/MOF,69.876205
625.8145363408521,20.0,20.0,Au/MOF,69.87247
626.4411027568922,20.0,20.0,Au/MOF,69.869255
627.0676691729324,20.0,20.0,Au/MOF,69.86725
627.6942355889724,20.0,20.0,Au/MOF,69.86523
628.3208020050125,20.0,20.0,Au/MOF,69.86336
628.9473684210526,20.0,20.0,Au/MOF,69.86266
629.5739348370927,20.0,20.0,Au/MOF,69.86398
630.2005012531329,20.0,20.0,Au/MOF,69.865295
630.827067669173,20.0,20.0,Au/MOF,69.86662
631.453634085213,20.0,20.0,Au/MOF,69.86795
632.0802005012531,20.0,20.0,Au/MOF,69.86926
632.7067669172932,20.0,20.0,Au/MOF,69.87059
633.3333333333334,20.0,20.0,Au/MOF,69.8719
633.9598997493734,20.0,20.0,Au/MOF,69.873215
634.5864661654135,20.0,20.0,Au/MOF,69.87455
635.2130325814536,20.0,20.0,Au/MOF,69.87587
635.8395989974937,20.0,20.0,Au/MOF,69.87719
636.4661654135339,20.0,20.0,Au/MOF,69.87851
637.092731829574,20.0,20.0,Au/MOF,69.87984
637.719298245614,20.0,20.0,Au/MOF,69.88115
638.3458646616541,20.0,20.0,Au/MOF,69.882484
638.9724310776942,20.0,20.0,Au/MOF,69.88379
639.5989974937344,20.0,20.0,Au/MOF,69.88718
640.2255639097745,20.0,20.0,Au/MOF,69.887436
640.8521303258145,20.0,20.0,Au/MOF,69.88771
641.4786967418546,20.0,20.0,Au/MOF,69.88798
642.1052631578947,20.0,20.0,Au/MOF,69.88824
642.7318295739349,20.0,20.0,Au/MOF,69.888504
643.358395989975,20.0,20.0,Au/MOF,69.88877
643.984962406015,20.0,20.0,Au/MOF,69.88904
644.6115288220551,20.0,20.0,Au/MOF,69.88931
645.2380952380952,20.0,20.0,Au/MOF,69.88957
645.8646616541354,20.0,20.0,Au/MOF,69.88985
646.4912280701755,20.0,20.0,Au/MOF,69.89011
647.1177944862155,20.0,20.0,Au/MOF,69.89037
647.7443609022556,20.0,20.0,Au/MOF,69.89065
648.3709273182957,20.0,20.0,Au/MOF,69.89091
648.9974937343359,20.0,20.0,Au/MOF,69.89118
649.624060150376,20.0,20.0,Au/MOF,69.89145
650.250626566416,20.0,20.0,Au/MOF,69.89171
650.8771929824561,20.0,20.0,Au/MOF,69.891975
651.5037593984962,20.0,20.0,Au/MOF,69.892235
652.1303258145364,20.0,20.0,Au/MOF,69.8925
652.7568922305765,20.0,20.0,Au/MOF,69.89278
653.3834586466165,20.0,20.0,Au/MOF,69.89304
654.0100250626566,20.0,20.0,Au/MOF,69.89331
654.6365914786967,20.0,20.0,Au/MOF,69.893585
655.2631578947369,20.0,20.0,Au/MOF,69.89385
655.889724310777,20.0,20.0,Au/MOF,69.89411
656.516290726817,20.0,20.0,Au/MOF,69.89438
657.1428571428571,20.0,20.0,Au/MOF,69.89465
657.7694235588972,20.0,20.0,Au/MOF,69.89491
658.3959899749374,20.0,20.0,Au/MOF,69.89519
659.0225563909775,20.0,20.0,Au/MOF,69.89544
659.6491228070175,20.0,20.0,Au/MOF,69.89571
660.2756892230576,20.0,20.0,Au/MOF,69.89598
660.9022556390977,20.0,20.0,Au/MOF,69.896255
661.5288220551379,20.0,20.0,Au/MOF,69.89652
662.155388471178,20.0,20.0,Au/MOF,69.89678
662.781954887218,20.0,20.0,Au/MOF,69.89705
663.4085213032581,20.0,20.0,Au/MOF,69.897316
664.0350877192982,20.0,20.0,Au/MOF,69.89759
664.6616541353384,20.0,20.0,Au/MOF,69.89785
665.2882205513785,20.0,20.0,Au/MOF,69.89811
665.9147869674185,20.0,20.0,Au/MOF,69.89838
666.5413533834586,20.0,20.0,Au/MOF,69.89865
667.1679197994987,20.0,20.0,Au/MOF,69.89892
667.7944862155389,20.0,20.0,Au/MOF,69.899185
668.421052631579,20.0,20.0,Au/MOF,69.899445
669.047619047619,20.0,20.0,Au/MOF,69.899475
669.6741854636591,20.0,20.0,Au/MOF,69.899025
670.3007518796992,20.0,20.0,Au/MOF,69.898575
670.9273182957394,20.0,20.0,Au/MOF,69.89811
671.5538847117795,20.0,20.0,Au/MOF,69.89767
672.1804511278195,20.0,20.0,Au/MOF,69.89722
672.8070175438596,20.0,20.0,Au/MOF,69.89676
673.4335839598998,20.0,20.0,Au/MOF,69.89632
674.0601503759399,20.0,20.0,Au/MOF,69.89586
674.68671679198,20.0,20.0,Au/MOF,69.89539
675.31328320802,20.0,20.0,Au/MOF,69.89494
675.9398496240601,20.0,20.0,Au/MOF,69.89449
676.5664160401002,20.0,20.0,Au/MOF,69.89404
677.1929824561404,20.0,20.0,Au/MOF,69.893585
677.8195488721805,20.0,20.0,Au/MOF,69.89314
678.4461152882205,20.0,20.0,Au/MOF,69.892685
679.0726817042606,20.0,20.0,Au/MOF,69.89223
679.6992481203008,20.0,20.0,Au/MOF,69.89177
680.3258145363409,20.0,20.0,Au/MOF,69.89132
680.952380952381,20.0,20.0,Au/MOF,69.89087
681.578947368421,20.0,20.0,Au/MOF,69.89041
682.2055137844611,20.0,20.0,Au/MOF,69.88997
682.8320802005012,20.0,20.0,Au/MOF,69.88951
683.4586466165414,20.0,20.0,Au/MOF,69.88905
684.0852130325815,20.0,20.0,Au/MOF,69.8886
684.7117794486215,20.0,20.0,Au/MOF,69.88815
685.3383458646616,20.0,20.0,Au/MOF,69.887695
685.9649122807018,20.0,20.0,Au/MOF,69.88724
686.5914786967419,20.0,20.0,Au/MOF,69.88679
687.218045112782,20.0,20.0,Au/MOF,69.88634
687.844611528822,20.0,20.0,Au/MOF,69.885895
688.4711779448621,20.0,20.0,Au/MOF,69.88544
689.0977443609022,20.0,20.0,Au/MOF,69.88498
689.7243107769424,20.0,20.0,Au/MOF,69.88452
690.3508771929825,20.0,20.0,Au/MOF,69.88407
690.9774436090225,20.0,20.0,Au/MOF,69.88362
691.6040100250626,20.0,20.0,Au/MOF,69.88316
692.2305764411028,20.0,20.0,Au/MOF,69.88271
692.8571428571429,20.0,20.0,Au/MOF,69.882256
693.483709273183,20.0,20.0,Au/MOF,69.88181
694.110275689223,20.0,20.0,Au/MOF,69.88135
694.7368421052631,20.0,20.0,Au/MOF,69.880905
695.3634085213032,20.0,20.0,Au/MOF,69.88045
695.9899749373434,20.0,20.0,Au/MOF,69.87999
696.6165413533835,20.0,20.0,Au/MOF,69.87954
697.2431077694235,20.0,20.0,Au/MOF,69.87909
697.8696741854636,20.0,20.0,Au/MOF,69.87863
698.4962406015038,20.0,20.0,Au/MOF,69.87818
699.1228070175439,20.0,20.0,Au/MOF,69.87773
699.749373433584,20.0,20.0,Au/MOF,69.87728
700.375939849624,20.0,20.0,Au/MOF,69.87683
701.0025062656641,20.0,20.0,Au/MOF,69.87637
701.6290726817042,20.0,20.0,Au/MOF,69.875916
702.2556390977444,20.0,20.0,Au/MOF,69.87547
702.8822055137845,20.0,20.0,Au/MOF,69.87501
703.5087719298245,20.0,20.0,Au/MOF,69.87456
704.1353383458646,20.0,20.0,Au/MOF,69.87411
704.7619047619048,20.0,20.0,Au/MOF,69.87312
705.3884711779449,20.0,20.0,Au/MOF,69.87099
706.015037593985,20.0,20.0,Au/MOF,69.868835
706.641604010025,20.0,20.0,Au/MOF,69.86669
707.2681704260651,20.0,20.0,Au/MOF,69.86455
707.8947368421052,20.0,20.0,Au/MOF,69.86241
708.5213032581454,20.0,20.0,Au/MOF,69.86027
709.1478696741855,20.0,20.0,Au/MOF,69.85812
709.7744360902255,20.0,20.0,Au/MOF,69.85597
710.4010025062656,20.0,20.0,Au/MOF,69.853836
711.0275689223058,20.0,20.0,Au/MOF,69.851685
711.6541353383459,20.0,20.0,Au/MOF,69.84954
712.280701754386,20.0,20.0,Au/MOF,69.8474
712.907268170426,20.0,20.0,Au/MOF,69.84526
713.5338345864661,20.0,20.0,Au/MOF,69.84311
714.1604010025062,20.0,20.0,Au/MOF,69.840965
714.7869674185464,20.0,20.0,Au/MOF,69.83883
715.4135338345865,20.0,20.0,Au/MOF,69.83667
716.0401002506266,20.0,20.0,Au/MOF,69.83453
716.6666666666666,20.0,20.0,Au/MOF,69.83239
717.2932330827068,20.0,20.0,Au/MOF,69.830246
717.9197994987469,20.0,20.0,Au/MOF,69.82811
718.546365914787,20.0,20.0,Au/MOF,69.82596
719.172932330827,20.0,20.0,Au/MOF,69.823814
719.7994987468671,20.0,20.0,Au/MOF,69.82167
720.4260651629072,20.0,20.0,Au/MOF,69.81953
721.0526315789474,20.0,20.0,Au/MOF,69.81739
721.6791979949875,20.0,20.0,Au/MOF,69.81524
722.3057644110276,20.0,20.0,Au/MOF,69.813095
722.9323308270676,20.0,20.0,Au/MOF,69.81094
723.5588972431078,20.0,20.0,Au/MOF,69.80881
724.1854636591479,20.0,20.0,Au/MOF,69.80667
724.812030075188,20.0,20.0,Au/MOF,69.80374
725.438596491228,20.0,20.0,Au/MOF,69.79939
726.0651629072681,20.0,20.0,Au/MOF,69.795044
726.6917293233082,20.0,20.0,Au/MOF,69.790695
727.3182957393484,20.0,20.0,Au/MOF,69.78634
727.9448621553885,20.0,20.0,Au/MOF,69.78199
728.5714285714286,20.0,20.0,Au/MOF,69.77998
729.1979949874686,20.0,20.0,Au/MOF,69.778595
729.8245614035088,20.0,20.0,Au/MOF,69.77718
730.4511278195489,20.0,20.0,Au/MOF,69.775795
731.077694235589,20.0,20.0,Au/MOF,69.77558
731.704260651629,20.0,20.0,Au/MOF,69.77588
732.3308270676691,20.0,20.0,Au/MOF,69.776184
732.9573934837092,20.0,20.0,Au/MOF,69.7765
733.5839598997494,20.0,20.0,Au/MOF,69.7768
734.2105263157895,20.0,20.0,Au/MOF,69.77711
734.8370927318296,20.0,20.0,Au/MOF,69.77741
735.4636591478696,20.0,20.0,Au/MOF,69.77772
736.0902255639098,20.0,20.0,Au/MOF,69.778015
736.7167919799499,20.0,20.0,Au/MOF,69.77833
737.34335839599,20.0,20.0,Au/MOF,69.77864
737.9699248120301,20.0,20.0,Au/MOF,69.778946
738.5964912280701,20.0,20.0,Au/MOF,69.77924
739.2230576441102,20.0,20.0,Au/MOF,69.77956
739.8496240601504,20.0,20.0,Au/MOF,69.77986
740.4761904761905,20.0,20.0,Au/MOF,69.78017
741.1027568922306,20.0,20.0,Au/MOF,69.78047
741.7293233082706,20.0,20.0,Au/MOF,69.78078
742.3558897243108,20.0,20.0,Au/MOF,69.78109
742.9824561403509,20.0,20.0,Au/MOF,69.78139
743.609022556391,20.0,20.0,Au/MOF,69.78171
744.2355889724311,20.0,20.0,Au/MOF,69.782
744.8621553884711,20.0,20.0,Au/MOF,69.78231
745.4887218045112,20.0,20.0,Au/MOF,69.782616
746.1152882205514,20.0,20.0,Au/MOF,69.78292
746.7418546365915,20.0,20.0,Au/MOF,69.783226
747.3684210526316,20.0,20.0,Au/MOF,69.78354
747.9949874686716,20.0,20.0,Au/MOF,69.7832
748.6215538847118,20.0,20.0,Au/MOF,69.78267
749.2481203007519,20.0,20.0,Au/MOF,69.78215
749.874686716792,20.0,20.0,Au/MOF,69.78163
750.5012531328321,20.0,20.0,Au/MOF,69.7811
751.1278195488721,20.0,20.0,Au/MOF,69.78058
751.7543859649122,20.0,20.0,Au/MOF,69.78005
752.3809523809524,20.0,20.0,Au/MOF,69.77954
753.0075187969925,20.0,20.0,Au/MOF,69.77901
753.6340852130326,20.0,20.0,Au/MOF,69.77847
754.2606516290726,20.0,20.0,Au/MOF,69.77796
754.8872180451128,20.0,20.0,Au/MOF,69.777435
755.5137844611529,20.0,20.0,Au/MOF,69.77691
756.140350877193,20.0,20.0,Au/MOF,69.77639
756.7669172932331,20.0,20.0,Au/MOF,69.77586
757.3934837092731,20.0,20.0,Au/MOF,69.775345
758.0200501253132,20.0,20.0,Au/MOF,69.77481
758.6466165413534,20.0,20.0,Au/MOF,69.77429
759.2731829573935,20.0,20.0,Au/MOF,69.773766
759.8997493734336,20.0,20.0,Au/MOF,69.77324
760.5263157894736,20.0,20.0,Au/MOF,69.77272
761.1528822055138,20.0,20.0,Au/MOF,69.7722
761.7794486215539,20.0,20.0,Au/MOF,69.771675
762.406015037594,20.0,20.0,Au/MOF,69.77115
763.0325814536341,20.0,20.0,Au/MOF,69.77063
763.6591478696741,20.0,20.0,Au/MOF,69.770096
764.2857142857142,20.0,20.0,Au/MOF,69.76957
764.9122807017544,20.0,20.0,Au/MOF,69.76905
765.5388471177945,20.0,20.0,Au/MOF,69.76869
766.1654135338346,20.0,20.0,Au/MOF,69.76857
766.7919799498746,20.0,20.0,Au/MOF,69.76843
767.4185463659148,20.0,20.0,Au/MOF,69.76831
768.0451127819549,20.0,20.0,Au/MOF,69.76819
768.671679197995,20.0,20.0,Au/MOF,69.76805
769.2982456140351,20.0,20.0,Au/MOF,69.76792
769.9248120300751,20.0,20.0,Au/MOF,69.76779
770.5513784461152,20.0,20.0,Au/MOF,69.767654
771.1779448621554,20.0,20.0,Au/MOF,69.767525
771.8045112781955,20.0,20.0,Au/MOF,69.7674
772.4310776942356,20.0,20.0,Au/MOF,69.76727
773.0576441102756,20.0,20.0,Au/MOF,69.76715
773.6842105263158,20.0,20.0,Au/MOF,69.76701
774.3107769423559,20.0,20.0,Au/MOF,69.766884
774.937343358396,20.0,20.0,Au/MOF,69.76676
775.5639097744361,20.0,20.0,Au/MOF,69.76663
776.1904761904761,20.0,20.0,Au/MOF,69.7665
776.8170426065162,20.0,20.0,Au/MOF,69.76637
777.4436090225564,20.0,20.0,Au/MOF,69.766235
778.0701754385965,20.0,20.0,Au/MOF,69.76611
778.6967418546366,20.0,20.0,Au/MOF,69.76598
779.3233082706766,20.0,20.0,Au/MOF,69.765854
779.9498746867168,20.0,20.0,Au/MOF,69.76573
780.5764411027569,20.0,20.0,Au/MOF,69.765594
781.203007518797,20.0,20.0,Au/MOF,69.76546
781.8295739348371,20.0,20.0,Au/MOF,69.76534
782.4561403508771,20.0,20.0,Au/MOF,69.76521
783.0827067669172,20.0,20.0,Au/MOF,69.765076
783.7092731829574,20.0,20.0,Au/MOF,69.76495
784.3358395989975,20.0,20.0,Au/MOF,69.764824
784.9624060150376,20.0,20.0,Au/MOF,69.76469
785.5889724310777,20.0,20.0,Au/MOF,69.764565
786.2155388471178,20.0,20.0,Au/MOF,69.764435
786.8421052631579,20.0,20.0,Au/MOF,69.76431
787.468671679198,20.0,20.0,Au/MOF,69.764175
788.0952380952381,20.0,20.0,Au/MOF,69.764366
788.7218045112782,20.0,20.0,Au/MOF,69.765945
789.3483709273182,20.0,20.0,Au/MOF,69.767525
789.9749373433584,20.0,20.0,Au/MOF,69.7691
790.6015037593985,20.0,20.0,Au/MOF,69.770676
791.2280701754386,20.0,20.0,Au/MOF,69.77283
791.8546365914787,20.0,20.0,Au/MOF,69.77514
792.4812030075188,20.0,20.0,Au/MOF,69.77745
793.1077694235589,20.0,20.0,Au/MOF,69.779755
793.734335839599,20.0,20.0,Au/MOF,69.78206
794.3609022556391,20.0,20.0,Au/MOF,69.78436
794.9874686716792,20.0,20.0,Au/MOF,69.786674
795.6140350877192,20.0,20.0,Au/MOF,69.78898
796.2406015037594,20.0,20.0,Au/MOF,69.79129
796.8671679197995,20.0,20.0,Au/MOF,69.79361
797.4937343358396,20.0,20.0,Au/MOF,69.79591
798.1203007518797,20.0,20.0,Au/MOF,69.79822
798.7468671679198,20.0,20.0,Au/MOF,69.80052
799.3734335839599,20.0,20.0,Au/MOF,69.802826
800.0,20.0,20.0,Au/MOF,69.805145
550.0,40.0,20.0,Au/MOF,69.938614
550.6265664160401,40.0,20.0,Au/MOF,69.93852
551.2531328320802,40.0,20.0,Au/MOF,69.93844
551.8796992481203,40.0,20.0,Au/MOF,69.938354
552.5062656641604,40.0,20.0,Au/MOF,69.93827
553.1328320802005,40.0,20.0,Au/MOF,69.93819
553.7593984962406,40.0,20.0,Au/MOF,69.9381
554.3859649122807,40.0,20.0,Au/MOF,69.93801
555.0125313283208,40.0,20.0,Au/MOF,69.93793
555.6390977443609,40.0,20.0,Au/MOF,69.93784
556.265664160401,40.0,20.0,Au/MOF,69.93776
556.8922305764411,40.0,20.0,Au/MOF,69.937675
557.5187969924812,40.0,20.0,Au/MOF,69.93759
558.1453634085213,40.0,20.0,Au/MOF,69.93751
558.7719298245614,40.0,20.0,Au/MOF,69.93742
559.3984962406015,40.0,20.0,Au/MOF,69.93735
560.0250626566416,40.0,20.0,Au/MOF,69.937256
560.6516290726817,40.0,20.0,Au/MOF,69.93718
561.2781954887218,40.0,20.0,Au/MOF,69.936066
561.9047619047619,40.0,20.0,Au/MOF,69.934715
562.531328320802,40.0,20.0,Au/MOF,69.93336
563.1578947368421,40.0,20.0,Au/MOF,69.93199
563.7844611528822,40.0,20.0,Au/MOF,69.93063
564.4110275689223,40.0,20.0,Au/MOF,69.929276
565.0375939849624,40.0,20.0,Au/MOF,69.92792
565.6641604010025,40.0,20.0,Au/MOF,69.92657
566.2907268170426,40.0,20.0,Au/MOF,69.9251
566.9172932330827,40.0,20.0,Au/MOF,69.92354
567.5438596491229,40.0,20.0,Au/MOF,69.921974
568.1704260651629,40.0,20.0,Au/MOF,69.9204
568.796992481203,40.0,20.0,Au/MOF,69.91884
569.4235588972431,40.0,20.0,Au/MOF,69.91727
570.0501253132832,40.0,20.0,Au/MOF,69.9157
570.6766917293234,40.0,20.0,Au/MOF,69.91413
571.3032581453634,40.0,20.0,Au/MOF,69.91256
571.9298245614035,40.0,20.0,Au/MOF,69.910995
572.5563909774436,40.0,20.0,Au/MOF,69.909424
573.1829573934837,40.0,20.0,Au/MOF,69.90786
573.8095238095239,40.0,20.0,Au/MOF,69.906296
574.4360902255639,40.0,20.0,Au/MOF,69.904724
575.062656641604,40.0,20.0,Au/MOF,69.90315
575.6892230576441,40.0,20.0,Au/MOF,69.901596
576.3157894736842,40.0,20.0,Au/MOF,69.900024
576.9423558897244,40.0,20.0,Au/MOF,69.89847
577.5689223057644,40.0,20.0,Au/MOF,69.89495
578.1954887218045,40.0,20.0,Au/MOF,69.88942
578.8220551378446,40.0,20.0,Au/MOF,69.883865
579.4486215538847,40.0,20.0,Au/MOF,69.87833
580.0751879699249,40.0,20.0,Au/MOF,69.87279
580.7017543859649,40.0,20.0,Au/MOF,69.86725
581.328320802005,40.0,20.0,Au/MOF,69.86171
581.9548872180451,40.0,20.0,Au/MOF,69.85616
582.5814536340852,40.0,20.0,Au/MOF,69.85063
583.2080200501254,40.0,20.0,Au/MOF,69.845085
583.8345864661654,40.0,20.0,Au/MOF,69.83954
584.4611528822055,40.0,20.0,Au/MOF,69.83401
585.0877192982456,40.0,20.0,Au/MOF,69.82846
585.7142857142857,40.0,20.0,Au/MOF,69.82292
586.3408521303259,40.0,20.0,Au/MOF,69.81738
586.9674185463659,40.0,20.0,Au/MOF,69.811844
587.593984962406,40.0,20.0,Au/MOF,69.806305
588.2205513784461,40.0,20.0,Au/MOF,69.80076
588.8471177944862,40.0,20.0,Au/MOF,69.79522
589.4736842105264,40.0,20.0,Au/MOF,69.78967
590.1002506265664,40.0,20.0,Au/MOF,69.78414
590.7268170426065,40.0,20.0,Au/MOF,69.778595
591.3533834586466,40.0,20.0,Au/MOF,69.77305
591.9799498746867,40.0,20.0,Au/MOF,69.76751
592.6065162907269,40.0,20.0,Au/MOF,69.76197
593.2330827067669,40.0,20.0,Au/MOF,69.75643
593.859649122807,40.0,20.0,Au/MOF,69.75089
594.4862155388471,40.0,20.0,Au/MOF,69.745346
595.1127819548872,40.0,20.0,Au/MOF,69.73981
595.7393483709274,40.0,20.0,Au/MOF,69.734276
596.3659147869674,40.0,20.0,Au/MOF,69.72874
596.9924812030075,40.0,20.0,Au/MOF,69.72318
597.6190476190476,40.0,20.0,Au/MOF,69.71765
598.2456140350877,40.0,20.0,Au/MOF,69.7121
598.8721804511279,40.0,20.0,Au/MOF,69.706566
599.4987468671679,40.0,20.0,Au/MOF,69.70102
600.125313283208,40.0,20.0,Au/MOF,69.69548
600.7518796992481,40.0,20.0,Au/MOF,69.68994
601.3784461152882,40.0,20.0,Au/MOF,69.6844
602.0050125313284,40.0,20.0,Au/MOF,69.678856
602.6315789473684,40.0,20.0,Au/MOF,69.67332
603.2581453634085,40.0,20.0,Au/MOF,69.66777
603.8847117794486,40.0,20.0,Au/MOF,69.66241
604.5112781954887,40.0,20.0,Au/MOF,69.65726
605.1378446115289,40.0,20.0,Au/MOF,69.652115
605.7644110275689,40.0,20.0,Au/MOF,69.64697
606.390977443609,40.0,20.0,Au/MOF,69.64183
607.0175438596491,40.0,20.0,Au/MOF,69.63668
607.6441102756892,40.0,20.0,Au/MOF,69.63153
608.2706766917294,40.0,20.0,Au/MOF,69.62639
608.8972431077694,40.0,20.0,Au/MOF,69.62125
609.5238095238095,40.0,20.0,Au/MOF,69.6161
610.1503759398496,40.0,20.0,Au/MOF,69.61095
610.7769423558897,40.0,20.0,Au/MOF,69.605804
611.4035087719299,40.0,20.0,Au/MOF,69.60066
612.0300751879699,40.0,20.0,Au/MOF,69.59637
612.65664160401,40.0,20.0,Au/MOF,69.59415
613.2832080200501,40.0,20.0,Au/MOF,69.59192
613.9097744360902,40.0,20.0,Au/MOF,69.58969
614.5363408521304,40.0,20.0,Au/MOF,69.58747
615.1629072681704,40.0,20.0,Au/MOF,69.58524
615.7894736842105,40.0,20.0,Au/MOF,69.583015
616.4160401002506,40.0,20.0,Au/MOF,69.580795
617.0426065162907,40.0,20.0,Au/MOF,69.57854
617.6691729323309,40.0,20.0,Au/MOF,69.57617
618.295739348371,40.0,20.0,Au/MOF,69.57581
618.922305764411,40.0,20.0,Au/MOF,69.57615
619.5488721804511,40.0,20.0,Au/MOF,69.57648
620.1754385964912,40.0,20.0,Au/MOF,69.576805
620.8020050125314,40.0,20.0,Au/MOF,69.57715
621.4285714285714,40.0,20.0,Au/MOF,69.57748
622.0551378446115,40.0,20.0,Au/MOF,69.57782
622.6817042606516,40.0,20.0,Au/MOF,69.57815
623.3082706766917,40.0,20.0,Au/MOF,69.57848
623.9348370927319,40.0,20.0,Au/MOF,69.57881
624.561403508772,40.0,20.0,Au/MOF,69.57915
625.187969924812,40.0,20.0,Au/MOF,69.57948
625.8145363408521,40.0,20.0,Au/MOF,69.5798
626.4411027568922,40.0,20.0,Au/MOF,69.580154
627.0676691729324,40.0,20.0,Au/MOF,69.58048
627.6942355889724,40.0,20.0,Au/MOF,69.58081
628.3208020050125,40.0,20.0,Au/MOF,69.58115
628.9473684210526,40.0,20.0,Au/MOF,69.58148
629.5739348370927,40.0,20.0,Au/MOF,69.581894
630.2005012531329,40.0,20.0,Au/MOF,69.58299
630.827067669173,40.0,20.0,Au/MOF,69.583435
631.453634085213,40.0,20.0,Au/MOF,69.583885
632.0802005012531,40.0,20.0,Au/MOF,69.58433
632.7067669172932,40.0,20.0,Au/MOF,69.58477
633.3333333333334,40.0,20.0,Au/MOF,69.58521
633.9598997493734,40.0,20.0,Au/MOF,69.58567
634.5864661654135,40.0,20.0,Au/MOF,69.58611
635.2130325814536,40.0,20.0,Au/MOF,69.58766
635.8395989974937,40.0,20.0,Au/MOF,69.58925
636.4661654135339,40.0,20.0,Au/MOF,69.59085
637.092731829574,40.0,20.0,Au/MOF,69.59245
637.719298245614,40.0,20.0,Au/MOF,69.59404
638.3458646616541,40.0,20.0,Au/MOF,69.59564
638.9724310776942,40.0,20.0,Au/MOF,69.59724
639.5989974937344,40.0,20.0,Au/MOF,69.59884
640.2255639097745,40.0,20.0,Au/MOF,69.60042
640.8521303258145,40.0,20.0,Au/MOF,69.60203
641.4786967418546,40.0,20.0,Au/MOF,69.603615
642.1052631578947,40.0,20.0,Au/MOF,69.60521
642.7318295739349,40.0,20.0,Au/MOF,69.60681
643.358395989975,40.0,20.0,Au/MOF,69.608406
643.984962406015,40.0,20.0,Au/MOF,69.61
644.6115288220551,40.0,20.0,Au/MOF,69.6116
645.2380952380952,40.0,20.0,Au/MOF,69.61319
645.8646616541354,40.0,20.0,Au/MOF,69.614784
646.4912280701755,40.0,20.0,Au/MOF,69.61638
647.1177944862155,40.0,20.0,Au/MOF,69.61798
647.7443609022556,40.0,20.0,Au/MOF,69.61958
648.3709273182957,40.0,20.0,Au/MOF,69.62117
648.9974937343359,40.0,20.0,Au/MOF,69.62277
649.624060150376,40.0,20.0,Au/MOF,69.62437
650.250626566416,40.0,20.0,Au/MOF,69.625565
650.8771929824561,40.0,20.0,Au/MOF,69.625916
651.5037593984962,40.0,20.0,Au/MOF,69.62626
652.1303258145364,40.0,20.0,Au/MOF,69.624535
652.7568922305765,40.0,20.0,Au/MOF,69.62267
653.3834586466165,40.0,20.0,Au/MOF,69.62082
654.0100250626566,40.0,20.0,Au/MOF,69.61896
654.6365914786967,40.0,20.0,Au/MOF,69.61709
655.2631578947369,40.0,20.0,Au/MOF,69.615234
655.889724310777,40.0,20.0,Au/MOF,69.61338
656.516290726817,40.0,20.0,Au/MOF,69.61152
657.1428571428571,40.0,20.0,Au/MOF,69.60886
657.7694235588972,40.0,20.0,Au/MOF,69.60579
658.3959899749374,40.0,20.0,Au/MOF,69.60272
659.0225563909775,40.0,20.0,Au/MOF,69.59967
659.6491228070175,40.0,20.0,Au/MOF,69.5966
660.2756892230576,40.0,20.0,Au/MOF,69.59354
660.9022556390977,40.0,20.0,Au/MOF,69.59046
661.5288220551379,40.0,20.0,Au/MOF,69.587395
662.155388471178,40.0,20.0,Au/MOF,69.58432
662.781954887218,40.0,20.0,Au/MOF,69.58126
663.4085213032581,40.0,20.0,Au/MOF,69.57819
664.0350877192982,40.0,20.0,Au/MOF,69.57513
664.6616541353384,40.0,20.0,Au/MOF,69.57205
665.2882205513785,40.0,20.0,Au/MOF,69.569
665.9147869674185,40.0,20.0,Au/MOF,69.56593
666.5413533834586,40.0,20.0,Au/MOF,69.56286
667.1679197994987,40.0,20.0,Au/MOF,69.559784
667.7944862155389,40.0,20.0,Au/MOF,69.55672
668.421052631579,40.0,20.0,Au/MOF,69.55366
669.047619047619,40.0,20.0,Au/MOF,69.550674
669.6741854636591,40.0,20.0,Au/MOF,69.5479
670.3007518796992,40.0,20.0,Au/MOF,69.54512
670.9273182957394,40.0,20.0,Au/MOF,69.54234
671.5538847117795,40.0,20.0,Au/MOF,69.539566
672.1804511278195,40.0,20.0,Au/MOF,69.536804
672.8070175438596,40.0,20.0,Au/MOF,69.534355
673.4335839598998,40.0,20.0,Au/MOF,69.53296
674.0601503759399,40.0,20.0,Au/MOF,69.531555
674.68671679198,40.0,20.0,Au/MOF,69.53017
675.31328320802,40.0,20.0,Au/MOF,69.52876
675.9398496240601,40.0,20.0,Au/MOF,69.52737
676.5664160401002,40.0,20.0,Au/MOF,69.52597
677.1929824561404,40.0,20.0,Au/MOF,69.524574
677.8195488721805,40.0,20.0,Au/MOF,69.52318
678.4461152882205,40.0,20.0,Au/MOF,69.521774
679.0726817042606,40.0,20.0,Au/MOF,69.52038
679.6992481203008,40.0,20.0,Au/MOF,69.51898
680.3258145363409,40.0,20.0,Au/MOF,69.517586
680.952380952381,40.0,20.0,Au/MOF,69.5169
681.578947368421,40.0,20.0,Au/MOF,69.5172
682.2055137844611,40.0,20.0,Au/MOF,69.5175
682.8320802005012,40.0,20.0,Au/MOF,69.517815
683.4586466165414,40.0,20.0,Au/MOF,69.51813
684.0852130325815,40.0,20.0,Au/MOF,69.51843
684.7117794486215,40.0,20.0,Au/MOF,69.51874
685.3383458646616,40.0,20.0,Au/MOF,69.51904
685.9649122807018,40.0,20.0,Au/MOF,69.51935
686.5914786967419,40.0,20.0,Au/MOF,69.51965
687.218045112782,40.0,20.0,Au/MOF,69.51996
687.844611528822,40.0,20.0,Au/MOF,69.52026
688.4711779448621,40.0,20.0,Au/MOF,69.52057
689.0977443609022,40.0,20.0,Au/MOF,69.520874
689.7243107769424,40.0,20.0,Au/MOF,69.52118
690.3508771929825,40.0,20.0,Au/MOF,69.521484
690.9774436090225,40.0,20.0,Au/MOF,69.52179
691.6040100250626,40.0,20.0,Au/MOF,69.522095
692.2305764411028,40.0,20.0,Au/MOF,69.5224
692.8571428571429,40.0,20.0,Au/MOF,69.522705
693.483709273183,40.0,20.0,Au/MOF,69.52301
694.110275689223,40.0,20.0,Au/MOF,69.523315
694.7368421052631,40.0,20.0,Au/MOF,69.523636
695.3634085213032,40.0,20.0,Au/MOF,69.52393
695.9899749373434,40.0,20.0,Au/MOF,69.52425
696.6165413533835,40.0,20.0,Au/MOF,69.52454
697.2431077694235,40.0,20.0,Au/MOF,69.52485
697.8696741854636,40.0,20.0,Au/MOF,69.525154
698.4962406015038,40.0,20.0,Au/MOF,69.52547
699.1228070175439,40.0,20.0,Au/MOF,69.525764
699.749373433584,40.0,20.0,Au/MOF,69.52607
700.375939849624,40.0,20.0,Au/MOF,69.52638
701.0025062656641,40.0,20.0,Au/MOF,69.52668
701.6290726817042,40.0,20.0,Au/MOF,69.52699
702.2556390977444,40.0,20.0,Au/MOF,69.5273
702.8822055137845,40.0,20.0,Au/MOF,69.5276
703.5087719298245,40.0,20.0,Au/MOF,69.52791
704.1353383458646,40.0,20.0,Au/MOF,69.52821
704.7619047619048,40.0,20.0,Au/MOF,69.52852
705.3884711779449,40.0,20.0,Au/MOF,69.528824
706.015037593985,40.0,20.0,Au/MOF,69.52913
706.641604010025,40.0,20.0,Au/MOF,69.529434
707.2681704260651,40.0,20.0,Au/MOF,69.52974
707.8947368421052,40.0,20.0,Au/MOF,69.530045
708.5213032581454,40.0,20.0,Au/MOF,69.53036
709.1478696741855,40.0,20.0,Au/MOF,69.53066
709.7744360902255,40.0,20.0,Au/MOF,69.53112
710.4010025062656,40.0,20.0,Au/MOF,69.53316
711.0275689223058,40.0,20.0,Au/MOF,69.53519
711.6541353383459,40.0,20.0,Au/MOF,69.53722
712.280701754386,40.0,20.0,Au/MOF,69.53926
712.907268170426,40.0,20.0,Au/MOF,69.54129
713.5338345864661,40.0,20.0,Au/MOF,69.54332
714.1604010025062,40.0,20.0,Au/MOF,69.54536
714.7869674185464,40.0,20.0,Au/MOF,69.54739
715.4135338345865,40.0,20.0,Au/MOF,69.54942
716.0401002506266,40.0,20.0,Au/MOF,69.55145
716.6666666666666,40.0,20.0,Au/MOF,69.5535
717.2932330827068,40.0,20.0,Au/MOF,69.55553
717.9197994987469,40.0,20.0,Au/MOF,69.55755
718.546365914787,40.0,20.0,Au/MOF,69.559586
719.172932330827,40.0,20.0,Au/MOF,69.56162
719.7994987468671,40.0,20.0,Au/MOF,69.56366
720.4260651629072,40.0,20.0,Au/MOF,69.56569
721.0526315789474,40.0,20.0,Au/MOF,69.567726
721.6791979949875,40.0,20.0,Au/MOF,69.569756
722.3057644110276,40.0,20.0,Au/MOF,69.57179
722.9323308270676,40.0,20.0,Au/MOF,69.57382
723.5588972431078,40.0,20.0,Au/MOF,69.57585
724.1854636591479,40.0,20.0,Au/MOF,69.5779
724.812030075188,40.0,20.0,Au/MOF,69.57993
725.438596491228,40.0,20.0,Au/MOF,69.58196
726.0651629072681,40.0,20.0,Au/MOF,69.583984
726.6917293233082,40.0,20.0,Au/MOF,69.58602
727.3182957393484,40.0,20.0,Au/MOF,69.58806
727.9448621553885,40.0,20.0,Au/MOF,69.590096
728.5714285714286,40.0,20.0,Au/MOF,69.59213
729.1979949874686,40.0,20.0,Au/MOF,69.59416
729.8245614035088,40.0,20.0,Au/MOF,69.5962
730.4511278195489,40.0,20.0,Au/MOF,69.598236
731.077694235589,40.0,20.0,Au/MOF,69.600266
731.704260651629,40.0,20.0,Au/MOF,69.602295
732.3308270676691,40.0,20.0,Au/MOF,69.604324
732.9573934837092,40.0,20.0,Au/MOF,69.60637
733.5839598997494,40.0,20.0,Au/MOF,69.60839
734.2105263157895,40.0,20.0,Au/MOF,69.610435
734.8370927318296,40.0,20.0,Au/MOF,69.612465
735.4636591478696,40.0,20.0,Au/MOF,69.614494
736.0902255639098,40.0,20.0,Au/MOF,69.61654
736.7167919799499,40.0,20.0,Au/MOF,69.61857
737.34335839599,40.0,20.0,Au/MOF,69.620605
737.9699248120301,40.0,20.0,Au/MOF,69.62263
738.5964912280701,40.0,20.0,Au/MOF,69.624664
739.2230576441102,40.0,20.0,Au/MOF,69.62671
739.8496240601504,40.0,20.0,Au/MOF,69.62874
740.4761904761905,40.0,20.0,Au/MOF,69.63077
741.1027568922306,40.0,20.0,Au/MOF,69.632805
741.7293233082706,40.0,20.0,Au/MOF,69.63484
742.3558897243108,40.0,20.0,Au/MOF,69.63687
742.9824561403509,40.0,20.0,Au/MOF,69.6389
743.609022556391,40.0,20.0,Au/MOF,69.64093
744.2355889724311,40.0,20.0,Au/MOF,69.642975
744.8621553884711,40.0,20.0,Au/MOF,69.645004
745.4887218045112,40.0,20.0,Au/MOF,69.64704
746.1152882205514,40.0,20.0,Au/MOF,69.64907
746.7418546365915,40.0,20.0,Au/MOF,69.65111
747.3684210526316,40.0,20.0,Au/MOF,69.653145
747.9949874686716,40.0,20.0,Au/MOF,69.65517
748.6215538847118,40.0,20.0,Au/MOF,69.6572
749.2481203007519,40.0,20.0,Au/MOF,69.65924
749.874686716792,40.0,20.0,Au/MOF,69.66067
750.5012531328321,40.0,20.0,Au/MOF,69.66198
751.1278195488721,40.0,20.0,Au/MOF,69.6633
751.7543859649122,40.0,20.0,Au/MOF,69.66461
752.3809523809524,40.0,20.0,Au/MOF,69.665924
753.0075187969925,40.0,20.0,Au/MOF,69.66724
753.6340852130326,40.0,20.0,Au/MOF,69.66855
754.2606516290726,40.0,20.0,Au/MOF,69.66986
754.8872180451128,40.0,20.0,Au/MOF,69.67118
755.5137844611529,40.0,20.0,Au/MOF,69.672485
756.140350877193,40.0,20.0,Au/MOF,69.6738
756.7669172932331,40.0,20.0,Au/MOF,69.675125
757.3934837092731,40.0,20.0,Au/MOF,69.67642
758.0200501253132,40.0,20.0,Au/MOF,69.677734
758.6466165413534,40.0,20.0,Au/MOF,69.679054
759.2731829573935,40.0,20.0,Au/MOF,69.68037
759.8997493734336,40.0,20.0,Au/MOF,69.68169
760.5263157894736,40.0,20.0,Au/MOF,69.683
761.1528822055138,40.0,20.0,Au/MOF,69.68431
761.7794486215539,40.0,20.0,Au/MOF,69.68562
762.406015037594,40.0,20.0,Au/MOF,69.686935
763.0325814536341,40.0,20.0,Au/MOF,69.688255
763.6591478696741,40.0,20.0,Au/MOF,69.68956
764.2857142857142,40.0,20.0,Au/MOF,69.69089
764.9122807017544,40.0,20.0,Au/MOF,69.6922
765.5388471177945,40.0,20.0,Au/MOF,69.693504
766.1654135338346,40.0,20.0,Au/MOF,69.69482
766.7919799498746,40.0,20.0,Au/MOF,69.69614
767.4185463659148,40.0,20.0,Au/MOF,69.69745
768.0451127819549,40.0,20.0,Au/MOF,69.69876
768.671679197995,40.0,20.0,Au/MOF,69.70007
769.2982456140351,40.0,20.0,Au/MOF,69.70139
769.9248120300751,40.0,20.0,Au/MOF,69.702705
770.5513784461152,40.0,20.0,Au/MOF,69.70401
771.1779448621554,40.0,20.0,Au/MOF,69.70533
771.8045112781955,40.0,20.0,Au/MOF,69.70665
772.4310776942356,40.0,20.0,Au/MOF,69.707954
773.0576441102756,40.0,20.0,Au/MOF,69.70927
773.6842105263158,40.0,20.0,Au/MOF,69.71059
774.3107769423559,40.0,20.0,Au/MOF,69.71189
774.937343358396,40.0,20.0,Au/MOF,69.71321
775.5639097744361,40.0,20.0,Au/MOF,69.71452
776.1904761904761,40.0,20.0,Au/MOF,69.71583
776.8170426065162,40.0,20.0,Au/MOF,69.71714
777.4436090225564,40.0,20.0,Au/MOF,69.71847
778.0701754385965,40.0,20.0,Au/MOF,69.71977
778.6967418546366,40.0,20.0,Au/MOF,69.72109
779.3233082706766,40.0,20.0,Au/MOF,69.722404
779.9498746867168,40.0,20.0,Au/MOF,69.72372
780.5764411027569,40.0,20.0,Au/MOF,69.72503
781.203007518797,40.0,20.0,Au/MOF,69.72634
781.8295739348371,40.0,20.0,Au/MOF,69.72765
782.4561403508771,40.0,20.0,Au/MOF,69.72897
783.0827067669172,40.0,20.0,Au/MOF,69.73036
783.7092731829574,40.0,20.0,Au/MOF,69.734634
784.3358395989975,40.0,20.0,Au/MOF,69.73891
784.9624060150376,40.0,20.0,Au/MOF,69.743164
785.5889724310777,40.0,20.0,Au/MOF,69.74743
786.2155388471178,40.0,20.0,Au/MOF,69.7517
786.8421052631579,40.0,20.0,Au/MOF,69.755974
787.468671679198,40.0,20.0,Au/MOF,69.76024
788.0952380952381,40.0,20.0,Au/MOF,69.76451
788.7218045112782,40.0,20.0,Au/MOF,69.76878
789.3483709273182,40.0,20.0,Au/MOF,69.77305
789.9749373433584,40.0,20.0,Au/MOF,69.77731
790.6015037593985,40.0,20.0,Au/MOF,69.78158
791.2280701754386,40.0,20.0,Au/MOF,69.78584
791.8546365914787,40.0,20.0,Au/MOF,69.790115
792.4812030075188,40.0,20.0,Au/MOF,69.79438
793.1077694235589,40.0,20.0,Au/MOF,69.798645
793.734335839599,40.0,20.0,Au/MOF,69.80293
794.3609022556391,40.0,20.0,Au/MOF,69.80719
794.9874686716792,40.0,20.0,Au/MOF,69.811455
795.6140350877192,40.0,20.0,Au/MOF,69.81573
796.2406015037594,40.0,20.0,Au/MOF,69.81999
796.8671679197995,40.0,20.0,Au/MOF,69.824265
797.4937343358396,40.0,20.0,Au/MOF,69.82852
798.1203007518797,40.0,20.0,Au/MOF,69.832794
798.7468671679198,40.0,20.0,Au/MOF,69.83707
799.3734335839599,40.0,20.0,Au/MOF,69.841324
800.0,40.0,20.0,Au/MOF,69.8456
550.0,50.0,20.0,Au/MOF,68.382355
550.6265664160401,50.0,20.0,Au/MOF,68.37886
551.2531328320802,50.0,20.0,Au/MOF,68.37536
551.8796992481203,50.0,20.0,Au/MOF,68.371864
552.5062656641604,50.0,20.0,Au/MOF,68.368355
553.1328320802005,50.0,20.0,Au/MOF,68.36487
553.7593984962406,50.0,20.0,Au/MOF,68.36136
554.3859649122807,50.0,20.0,Au/MOF,68.35786
555.0125313283208,50.0,20.0,Au/MOF,68.35437
555.6390977443609,50.0,20.0,Au/MOF,68.35086
556.265664160401,50.0,20.0,Au/MOF,68.34737
556.8922305764411,50.0,20.0,Au/MOF,68.34387
557.5187969924812,50.0,20.0,Au/MOF,68.34037
558.1453634085213,50.0,20.0,Au/MOF,68.33687
558.7719298245614,50.0,20.0,Au/MOF,68.333374
559.3984962406015,50.0,20.0,Au/MOF,68.32988
560.0250626566416,50.0,20.0,Au/MOF,68.32637
560.6516290726817,50.0,20.0,Au/MOF,68.32287
561.2781954887218,50.0,20.0,Au/MOF,68.31953
561.9047619047619,50.0,20.0,Au/MOF,68.31773
562.531328320802,50.0,20.0,Au/MOF,68.31593
563.1578947368421,50.0,20.0,Au/MOF,68.31414
563.7844611528822,50.0,20.0,Au/MOF,68.312355
564.4110275689223,50.0,20.0,Au/MOF,68.310555
565.0375939849624,50.0,20.0,Au/MOF,68.30876
565.6641604010025,50.0,20.0,Au/MOF,68.30696
566.2907268170426,50.0,20.0,Au/MOF,68.30516
566.9172932330827,50.0,20.0,Au/MOF,68.30337
567.5438596491229,50.0,20.0,Au/MOF,68.30158
568.1704260651629,50.0,20.0,Au/MOF,68.299774
568.796992481203,50.0,20.0,Au/MOF,68.29799
569.4235588972431,50.0,20.0,Au/MOF,68.29619
570.0501253132832,50.0,20.0,Au/MOF,68.29439
570.6766917293234,50.0,20.0,Au/MOF,68.292595
571.3032581453634,50.0,20.0,Au/MOF,68.2908
571.9298245614035,50.0,20.0,Au/MOF,68.2873
572.5563909774436,50.0,20.0,Au/MOF,68.2834
573.1829573934837,50.0,20.0,Au/MOF,68.279495
573.8095238095239,50.0,20.0,Au/MOF,68.275604
574.4360902255639,50.0,20.0,Au/MOF,68.27171
575.062656641604,50.0,20.0,Au/MOF,68.26781
575.6892230576441,50.0,20.0,Au/MOF,68.2639
576.3157894736842,50.0,20.0,Au/MOF,68.26001
576.9423558897244,50.0,20.0,Au/MOF,68.25612
577.5689223057644,50.0,20.0,Au/MOF,68.25222
578.1954887218045,50.0,20.0,Au/MOF,68.24832
578.8220551378446,50.0,20.0,Au/MOF,68.244415
579.4486215538847,50.0,20.0,Au/MOF,68.240524
580.0751879699249,50.0,20.0,Au/MOF,68.23662
580.7017543859649,50.0,20.0,Au/MOF,68.23272
581.328320802005,50.0,20.0,Au/MOF,68.22882
581.9548872180451,50.0,20.0,Au/MOF,68.22493
582.5814536340852,50.0,20.0,Au/MOF,68.22103
583.2080200501254,50.0,20.0,Au/MOF,68.21713
583.8345864661654,50.0,20.0,Au/MOF,68.21323
584.4611528822055,50.0,20.0,Au/MOF,68.20933
585.0877192982456,50.0,20.0,Au/MOF,68.20543
585.7142857142857,50.0,20.0,Au/MOF,68.20154
586.3408521303259,50.0,20.0,Au/MOF,68.19763
586.9674185463659,50.0,20.0,Au/MOF,68.19374
587.593984962406,50.0,20.0,Au/MOF,68.18984
588.2205513784461,50.0,20.0,Au/MOF,68.18595
588.8471177944862,50.0,20.0,Au/MOF,68.18205
589.4736842105264,50.0,20.0,Au/MOF,68.17815
590.1002506265664,50.0,20.0,Au/MOF,68.17425
590.7268170426065,50.0,20.0,Au/MOF,68.17035
591.3533834586466,50.0,20.0,Au/MOF,68.16644
591.9799498746867,50.0,20.0,Au/MOF,68.16255
592.6065162907269,50.0,20.0,Au/MOF,68.15865
593.2330827067669,50.0,20.0,Au/MOF,68.154755
593.859649122807,50.0,20.0,Au/MOF,68.150856
594.4862155388471,50.0,20.0,Au/MOF,68.14696
595.1127819548872,50.0,20.0,Au/MOF,68.14307
595.7393483709274,50.0,20.0,Au/MOF,68.13916
596.3659147869674,50.0,20.0,Au/MOF,68.13527
596.9924812030075,50.0,20.0,Au/MOF,68.13136
597.6190476190476,50.0,20.0,Au/MOF,68.127464
598.2456140350877,50.0,20.0,Au/MOF,68.12361
598.8721804511279,50.0,20.0,Au/MOF,68.12264
599.4987468671679,50.0,20.0,Au/MOF,68.121666
600.125313283208,50.0,20.0,Au/MOF,68.12068
600.7518796992481,50.0,20.0,Au/MOF,68.1197
601.3784461152882,50.0,20.0,Au/MOF,68.11873
602.0050125313284,50.0,20.0,Au/MOF,68.11775
602.6315789473684,50.0,20.0,Au/MOF,68.11677
603.2581453634085,50.0,20.0,Au/MOF,68.11579
603.8847117794486,50.0,20.0,Au/MOF,68.114815
604.5112781954887,50.0,20.0,Au/MOF,68.11412
605.1378446115289,50.0,20.0,Au/MOF,68.11436
605.7644110275689,50.0,20.0,Au/MOF,68.11459
606.390977443609,50.0,20.0,Au/MOF,68.114845
607.0175438596491,50.0,20.0,Au/MOF,68.115074
607.6441102756892,50.0,20.0,Au/MOF,68.11532
608.2706766917294,50.0,20.0,Au/MOF,68.11556
608.8972431077694,50.0,20.0,Au/MOF,68.1158
609.5238095238095,50.0,20.0,Au/MOF,68.11603
610.1503759398496,50.0,20.0,Au/MOF,68.11627
610.7769423558897,50.0,20.0,Au/MOF,68.116516
611.4035087719299,50.0,20.0,Au/MOF,68.11675
612.0300751879699,50.0,20.0,Au/MOF,68.117
612.65664160401,50.0,20.0,Au/MOF,68.11723
613.2832080200501,50.0,20.0,Au/MOF,68.11746
613.9097744360902,50.0,20.0,Au/MOF,68.11771
614.5363408521304,50.0,20.0,Au/MOF,68.11795
615.1629072681704,50.0,20.0,Au/MOF,68.11766
615.7894736842105,50.0,20.0,Au/MOF,68.11569
616.4160401002506,50.0,20.0,Au/MOF,68.11372
617.0426065162907,50.0,20.0,Au/MOF,68.111755
617.6691729323309,50.0,20.0,Au/MOF,68.10957
618.295739348371,50.0,20.0,Au/MOF,68.1074
618.922305764411,50.0,20.0,Au/MOF,68.10522
619.5488721804511,50.0,20.0,Au/MOF,68.103035
620.1754385964912,50.0,20.0,Au/MOF,68.10086
620.8020050125314,50.0,20.0,Au/MOF,68.09869
621.4285714285714,50.0,20.0,Au/MOF,68.096504
622.0551378446115,50.0,20.0,Au/MOF,68.09433
622.6817042606516,50.0,20.0,Au/MOF,68.09215
623.3082706766917,50.0,20.0,Au/MOF,68.08997
623.9348370927319,50.0,20.0,Au/MOF,68.08779
624.561403508772,50.0,20.0,Au/MOF,68.08562
625.187969924812,50.0,20.0,Au/MOF,68.083435
625.8145363408521,50.0,20.0,Au/MOF,68.08125
626.4411027568922,50.0,20.0,Au/MOF,68.07908
627.0676691729324,50.0,20.0,Au/MOF,68.07695
627.6942355889724,50.0,20.0,Au/MOF,68.07649
628.3208020050125,50.0,20.0,Au/MOF,68.076004
628.9473684210526,50.0,20.0,Au/MOF,68.07553
629.5739348370927,50.0,20.0,Au/MOF,68.07506
630.2005012531329,50.0,20.0,Au/MOF,68.074585
630.827067669173,50.0,20.0,Au/MOF,68.07411
631.453634085213,50.0,20.0,Au/MOF,68.07363
632.0802005012531,50.0,20.0,Au/MOF,68.073166
632.7067669172932,50.0,20.0,Au/MOF,68.07268
633.3333333333334,50.0,20.0,Au/MOF,68.072205
633.9598997493734,50.0,20.0,Au/MOF,68.07175
634.5864661654135,50.0,20.0,Au/MOF,68.071266
635.2130325814536,50.0,20.0,Au/MOF,68.070786
635.8395989974937,50.0,20.0,Au/MOF,68.07031
636.4661654135339,50.0,20.0,Au/MOF,68.06983
637.092731829574,50.0,20.0,Au/MOF,68.06935
637.719298245614,50.0,20.0,Au/MOF,68.068886
638.3458646616541,50.0,20.0,Au/MOF,68.06841
638.9724310776942,50.0,20.0,Au/MOF,68.06793
639.5989974937344,50.0,20.0,Au/MOF,68.06747
640.2255639097745,50.0,20.0,Au/MOF,68.066986
640.8521303258145,50.0,20.0,Au/MOF,68.06651
641.4786967418546,50.0,20.0,Au/MOF,68.06604
642.1052631578947,50.0,20.0,Au/MOF,68.06557
642.7318295739349,50.0,20.0,Au/MOF,68.065094
643.358395989975,50.0,20.0,Au/MOF,68.06462
643.984962406015,50.0,20.0,Au/MOF,68.06414
644.6115288220551,50.0,20.0,Au/MOF,68.06366
645.2380952380952,50.0,20.0,Au/MOF,68.06319
645.8646616541354,50.0,20.0,Au/MOF,68.06271
646.4912280701755,50.0,20.0,Au/MOF,68.06224
647.1177944862155,50.0,20.0,Au/MOF,68.06177
647.7443609022556,50.0,20.0,Au/MOF,68.061295
648.3709273182957,50.0,20.0,Au/MOF,68.06082
648.9974937343359,50.0,20.0,Au/MOF,68.06035
649.624060150376,50.0,20.0,Au/MOF,68.05986
650.250626566416,50.0,20.0,Au/MOF,68.059395
650.8771929824561,50.0,20.0,Au/MOF,68.058914
651.5037593984962,50.0,20.0,Au/MOF,68.05844
652.1303258145364,50.0,20.0,Au/MOF,68.05797
652.7568922305765,50.0,20.0,Au/MOF,68.057495
653.3834586466165,50.0,20.0,Au/MOF,68.057014
654.0100250626566,50.0,20.0,Au/MOF,68.05654
654.6365914786967,50.0,20.0,Au/MOF,68.05607
655.2631578947369,50.0,20.0,Au/MOF,68.05559
655.889724310777,50.0,20.0,Au/MOF,68.05512
656.516290726817,50.0,20.0,Au/MOF,68.05464
657.1428571428571,50.0,20.0,Au/MOF,68.05417
657.7694235588972,50.0,20.0,Au/MOF,68.053696
658.3959899749374,50.0,20.0,Au/MOF,68.053215
659.0225563909775,50.0,20.0,Au/MOF,68.05274
659.6491228070175,50.0,20.0,Au/MOF,68.05228
660.2756892230576,50.0,20.0,Au/MOF,68.05179
660.9022556390977,50.0,20.0,Au/MOF,68.051315
661.5288220551379,50.0,20.0,Au/MOF,68.05085
662.155388471178,50.0,20.0,Au/MOF,68.05037
662.781954887218,50.0,20.0,Au/MOF,68.0499
663.4085213032581,50.0,20.0,Au/MOF,68.04942
664.0350877192982,50.0,20.0,Au/MOF,68.04895
664.6616541353384,50.0,20.0,Au/MOF,68.04847
665.2882205513785,50.0,20.0,Au/MOF,68.048
665.9147869674185,50.0,20.0,Au/MOF,68.04752
666.5413533834586,50.0,20.0,Au/MOF,68.04705
667.1679197994987,50.0,20.0,Au/MOF,68.04658
667.7944862155389,50.0,20.0,Au/MOF,68.0461
668.421052631579,50.0,20.0,Au/MOF,68.04563
669.047619047619,50.0,20.0,Au/MOF,68.04515
669.6741854636591,50.0,20.0,Au/MOF,68.04467
670.3007518796992,50.0,20.0,Au/MOF,68.04419
670.9273182957394,50.0,20.0,Au/MOF,68.04372
671.5538847117795,50.0,20.0,Au/MOF,68.04324
672.1804511278195,50.0,20.0,Au/MOF,68.04277
672.8070175438596,50.0,20.0,Au/MOF,68.0423
673.4335839598998,50.0,20.0,Au/MOF,68.041824
674.0601503759399,50.0,20.0,Au/MOF,68.04135
674.68671679198,50.0,20.0,Au/MOF,68.04088
675.31328320802,50.0,20.0,Au/MOF,68.040405
675.9398496240601,50.0,20.0,Au/MOF,68.03993
676.5664160401002,50.0,20.0,Au/MOF,68.03946
677.1929824561404,50.0,20.0,Au/MOF,68.03897
677.8195488721805,50.0,20.0,Au/MOF,68.0385
678.4461152882205,50.0,20.0,Au/MOF,68.038025
679.0726817042606,50.0,20.0,Au/MOF,68.037544
679.6992481203008,50.0,20.0,Au/MOF,68.03708
680.3258145363409,50.0,20.0,Au/MOF,68.036606
680.952380952381,50.0,20.0,Au/MOF,68.036125
681.578947368421,50.0,20.0,Au/MOF,68.03565
682.2055137844611,50.0,20.0,Au/MOF,68.03518
682.8320802005012,50.0,20.0,Au/MOF,68.034706
683.4586466165414,50.0,20.0,Au/MOF,68.034225
684.0852130325815,50.0,20.0,Au/MOF,68.03375
684.7117794486215,50.0,20.0,Au/MOF,68.03328
685.3383458646616,50.0,20.0,Au/MOF,68.03281
685.9649122807018,50.0,20.0,Au/MOF,68.032326
686.5914786967419,50.0,20.0,Au/MOF,68.03183
687.218045112782,50.0,20.0,Au/MOF,68.03122
687.844611528822,50.0,20.0,Au/MOF,68.030594
688.4711779448621,50.0,20.0,Au/MOF,68.029976
689.0977443609022,50.0,20.0,Au/MOF,68.029366
689.7243107769424,50.0,20.0,Au/MOF,68.02875
690.3508771929825,50.0,20.0,Au/MOF,68.02813
690.9774436090225,50.0,20.0,Au/MOF,68.02751
691.6040100250626,50.0,20.0,Au/MOF,68.026886
692.2305764411028,50.0,20.0,Au/MOF,68.026276
692.8571428571429,50.0,20.0,Au/MOF,68.025665
693.483709273183,50.0,20.0,Au/MOF,68.02505
694.110275689223,50.0,20.0,Au/MOF,68.02442
694.7368421052631,50.0,20.0,Au/MOF,68.02382
695.3634085213032,50.0,20.0,Au/MOF,68.023186
695.9899749373434,50.0,20.0,Au/MOF,68.02258
696.6165413533835,50.0,20.0,Au/MOF,68.02196
697.2431077694235,50.0,20.0,Au/MOF,68.02135
697.8696741854636,50.0,20.0,Au/MOF,68.02072
698.4962406015038,50.0,20.0,Au/MOF,68.0201
699.1228070175439,50.0,20.0,Au/MOF,68.019485
699.749373433584,50.0,20.0,Au/MOF,68.018875
700.375939849624,50.0,20.0,Au/MOF,68.01825
701.0025062656641,50.0,20.0,Au/MOF,68.01764
701.6290726817042,50.0,20.0,Au/MOF,68.01702
702.2556390977444,50.0,20.0,Au/MOF,68.016975
702.8822055137845,50.0,20.0,Au/MOF,68.01751
703.5087719298245,50.0,20.0,Au/MOF,68.01804
704.1353383458646,50.0,20.0,Au/MOF,68.01858
704.7619047619048,50.0,20.0,Au/MOF,68.019104
705.3884711779449,50.0,20.0,Au/MOF,68.01964
706.015037593985,50.0,20.0,Au/MOF,68.02017
706.641604010025,50.0,20.0,Au/MOF,68.020706
707.2681704260651,50.0,20.0,Au/MOF,68.02125
707.8947368421052,50.0,20.0,Au/MOF,68.02224
708.5213032581454,50.0,20.0,Au/MOF,68.024155
709.1478696741855,50.0,20.0,Au/MOF,68.02606
709.7744360902255,50.0,20.0,Au/MOF,68.02798
710.4010025062656,50.0,20.0,Au/MOF,68.02989
711.0275689223058,50.0,20.0,Au/MOF,68.03181
711.6541353383459,50.0,20.0,Au/MOF,68.033714
712.280701754386,50.0,20.0,Au/MOF,68.03562
712.907268170426,50.0,20.0,Au/MOF,68.03754
713.5338345864661,50.0,20.0,Au/MOF,68.039444
714.1604010025062,50.0,20.0,Au/MOF,68.04135
714.7869674185464,50.0,20.0,Au/MOF,68.043274
715.4135338345865,50.0,20.0,Au/MOF,68.04518
716.0401002506266,50.0,20.0,Au/MOF,68.04709
716.6666666666666,50.0,20.0,Au/MOF,68.049
717.2932330827068,50.0,20.0,Au/MOF,68.05092
717.9197994987469,50.0,20.0,Au/MOF,68.052826
718.546365914787,50.0,20.0,Au/MOF,68.05474
719.172932330827,50.0,20.0,Au/MOF,68.056656
719.7994987468671,50.0,20.0,Au/MOF,68.05856
720.4260651629072,50.0,20.0,Au/MOF,68.06085
721.0526315789474,50.0,20.0,Au/MOF,68.063446
721.6791979949875,50.0,20.0,Au/MOF,68.06583
722.3057644110276,50.0,20.0,Au/MOF,68.06819
722.9323308270676,50.0,20.0,Au/MOF,68.07057
723.5588972431078,50.0,20.0,Au/MOF,68.07294
724.1854636591479,50.0,20.0,Au/MOF,68.07532
724.812030075188,50.0,20.0,Au/MOF,68.077675
725.438596491228,50.0,20.0,Au/MOF,68.08005
726.0651629072681,50.0,20.0,Au/MOF,68.08242
726.6917293233082,50.0,20.0,Au/MOF,68.08479
727.3182957393484,50.0,20.0,Au/MOF,68.08716
727.9448621553885,50.0,20.0,Au/MOF,68.08954
728.5714285714286,50.0,20.0,Au/MOF,68.0919
729.1979949874686,50.0,20.0,Au/MOF,68.09428
729.8245614035088,50.0,20.0,Au/MOF,68.09665
730.4511278195489,50.0,20.0,Au/MOF,68.099014
731.077694235589,50.0,20.0,Au/MOF,68.101395
731.704260651629,50.0,20.0,Au/MOF,68.10377
732.3308270676691,50.0,20.0,Au/MOF,68.10613
732.9573934837092,50.0,20.0,Au/MOF,68.108505
733.5839598997494,50.0,20.0,Au/MOF,68.10977
734.2105263157895,50.0,20.0,Au/MOF,68.11093
734.8370927318296,50.0,20.0,Au/MOF,68.11209
735.4636591478696,50.0,20.0,Au/MOF,68.113266
736.0902255639098,50.0,20.0,Au/MOF,68.114426
736.7167919799499,50.0,20.0,Au/MOF,68.115585
737.34335839599,50.0,20.0,Au/MOF,68.11676
737.9699248120301,50.0,20.0,Au/MOF,68.11792
738.5964912280701,50.0,20.0,Au/MOF,68.119064
739.2230576441102,50.0,20.0,Au/MOF,68.12023
739.8496240601504,50.0,20.0,Au/MOF,68.1214
740.4761904761905,50.0,20.0,Au/MOF,68.122574
741.1027568922306,50.0,20.0,Au/MOF,68.12373
741.7293233082706,50.0,20.0,Au/MOF,68.12489
742.3558897243108,50.0,20.0,Au/MOF,68.126045
742.9824561403509,50.0,20.0,Au/MOF,68.12721
743.609022556391,50.0,20.0,Au/MOF,68.12837
744.2355889724311,50.0,20.0,Au/MOF,68.12955
744.8621553884711,50.0,20.0,Au/MOF,68.13071
745.4887218045112,50.0,20.0,Au/MOF,68.13187
746.1152882205514,50.0,20.0,Au/MOF,68.133026
746.7418546365915,50.0,20.0,Au/MOF,68.13419
747.3684210526316,50.0,20.0,Au/MOF,68.135345
747.9949874686716,50.0,20.0,Au/MOF,68.13653
748.6215538847118,50.0,20.0,Au/MOF,68.13768
749.2481203007519,50.0,20.0,Au/MOF,68.13884
749.874686716792,50.0,20.0,Au/MOF,68.14001
750.5012531328321,50.0,20.0,Au/MOF,68.141174
751.1278195488721,50.0,20.0,Au/MOF,68.142334
751.7543859649122,50.0,20.0,Au/MOF,68.14406
752.3809523809524,50.0,20.0,Au/MOF,68.145706
753.0075187969925,50.0,20.0,Au/MOF,68.14735
753.6340852130326,50.0,20.0,Au/MOF,68.14899
754.2606516290726,50.0,20.0,Au/MOF,68.150635
754.8872180451128,50.0,20.0,Au/MOF,68.15228
755.5137844611529,50.0,20.0,Au/MOF,68.153915
756.140350877193,50.0,20.0,Au/MOF,68.155556
756.7669172932331,50.0,20.0,Au/MOF,68.1572
757.3934837092731,50.0,20.0,Au/MOF,68.15885
758.0200501253132,50.0,20.0,Au/MOF,68.16049
758.6466165413534,50.0,20.0,Au/MOF,68.16213
759.2731829573935,50.0,20.0,Au/MOF,68.16378
759.8997493734336,50.0,20.0,Au/MOF,68.16543
760.5263157894736,50.0,20.0,Au/MOF,68.16706
761.1528822055138,50.0,20.0,Au/MOF,68.16871
761.7794486215539,50.0,20.0,Au/MOF,68.17036
762.406015037594,50.0,20.0,Au/MOF,68.172
763.0325814536341,50.0,20.0,Au/MOF,68.173645
763.6591478696741,50.0,20.0,Au/MOF,68.175644
764.2857142857142,50.0,20.0,Au/MOF,68.17781
764.9122807017544,50.0,20.0,Au/MOF,68.17997
765.5388471177945,50.0,20.0,Au/MOF,68.18214
766.1654135338346,50.0,20.0,Au/MOF,68.184296
766.7919799498746,50.0,20.0,Au/MOF,68.18646
767.4185463659148,50.0,20.0,Au/MOF,68.18863
768.0451127819549,50.0,20.0,Au/MOF,68.19079
768.671679197995,50.0,20.0,Au/MOF,68.19296
769.2982456140351,50.0,20.0,Au/MOF,68.195114
769.9248120300751,50.0,20.0,Au/MOF,68.19728
770.5513784461152,50.0,20.0,Au/MOF,68.19945
771.1779448621554,50.0,20.0,Au/MOF,68.20161
771.8045112781955,50.0,20.0,Au/MOF,68.20377
772.4310776942356,50.0,20.0,Au/MOF,68.20593
773.0576441102756,50.0,20.0,Au/MOF,68.2081
773.6842105263158,50.0,20.0,Au/MOF,68.210266
774.3107769423559,50.0,20.0,Au/MOF,68.21243
774.937343358396,50.0,20.0,Au/MOF,68.2146
775.5639097744361,50.0,20.0,Au/MOF,68.21676
776.1904761904761,50.0,20.0,Au/MOF,68.218925
776.8170426065162,50.0,20.0,Au/MOF,68.22109
777.4436090225564,50.0,20.0,Au/MOF,68.22325
778.0701754385965,50.0,20.0,Au/MOF,68.22542
778.6967418546366,50.0,20.0,Au/MOF,68.227585
779.3233082706766,50.0,20.0,Au/MOF,68.22975
779.9498746867168,50.0,20.0,Au/MOF,68.2319
780.5764411027569,50.0,20.0,Au/MOF,68.23408
781.203007518797,50.0,20.0,Au/MOF,68.236244
781.8295739348371,50.0,20.0,Au/MOF,68.2384
782.4561403508771,50.0,20.0,Au/MOF,68.24057
783.0827067669172,50.0,20.0,Au/MOF,68.24273
783.7092731829574,50.0,20.0,Au/MOF,68.24489
784.3358395989975,50.0,20.0,Au/MOF,68.247055
784.9624060150376,50.0,20.0,Au/MOF,68.24922
785.5889724310777,50.0,20.0,Au/MOF,68.25139
786.2155388471178,50.0,20.0,Au/MOF,68.253555
786.8421052631579,50.0,20.0,Au/MOF,68.255714
787.468671679198,50.0,20.0,Au/MOF,68.25787
788.0952380952381,50.0,20.0,Au/MOF,68.26005
788.7218045112782,50.0,20.0,Au/MOF,68.26221
789.3483709273182,50.0,20.0,Au/MOF,68.26437
789.9749373433584,50.0,20.0,Au/MOF,68.26777
790.6015037593985,50.0,20.0,Au/MOF,68.27147
791.2280701754386,50.0,20.0,Au/MOF,68.27516
791.8546365914787,50.0,20.0,Au/MOF,68.27887
792.4812030075188,50.0,20.0,Au/MOF,68.282555
793.1077694235589,50.0,20.0,Au/MOF,68.28626
793.734335839599,50.0,20.0,Au/MOF,68.289955
794.3609022556391,50.0,20.0,Au/MOF,68.293655
794.9874686716792,50.0,20.0,Au/MOF,68.297356
795.6140350877192,50.0,20.0,Au/MOF,68.301056
796.2406015037594,50.0,20.0,Au/MOF,68.304756
796.8671679197995,50.0,20.0,Au/MOF,68.30845
797.4937343358396,50.0,20.0,Au/MOF,68.31215
798.1203007518797,50.0,20.0,Au/MOF,68.31584
798.7468671679198,50.0,20.0,Au/MOF,68.319534
799.3734335839599,50.0,20.0,Au/MOF,68.32324
800.0,50.0,20.0,Au/MOF,68.326935
550.0,60.0,20.0,Au/MOF,65.18044
550.6265664160401,60.0,20.0,Au/MOF,65.17453
551.2531328320802,60.0,20.0,Au/MOF,65.168625
551.8796992481203,60.0,20.0,Au/MOF,65.162704
552.5062656641604,60.0,20.0,Au/MOF,65.15679
553.1328320802005,60.0,20.0,Au/MOF,65.15088
553.7593984962406,60.0,20.0,Au/MOF,65.144966
554.3859649122807,60.0,20.0,Au/MOF,65.13905
555.0125313283208,60.0,20.0,Au/MOF,65.13314
555.6390977443609,60.0,20.0,Au/MOF,65.12723
556.265664160401,60.0,20.0,Au/MOF,65.12131
556.8922305764411,60.0,20.0,Au/MOF,65.1154
557.5187969924812,60.0,20.0,Au/MOF,65.1095
558.1453634085213,60.0,20.0,Au/MOF,65.10358
558.7719298245614,60.0,20.0,Au/MOF,65.097664
559.3984962406015,60.0,20.0,Au/MOF,65.09174
560.0250626566416,60.0,20.0,Au/MOF,65.08583
560.6516290726817,60.0,20.0,Au/MOF,65.079926
561.2781954887218,60.0,20.0,Au/MOF,65.07401
561.9047619047619,60.0,20.0,Au/MOF,65.0681
562.531328320802,60.0,20.0,Au/MOF,65.06219
563.1578947368421,60.0,20.0,Au/MOF,65.056274
563.7844611528822,60.0,20.0,Au/MOF,65.050354
564.4110275689223,60.0,20.0,Au/MOF,65.04445
565.0375939849624,60.0,20.0,Au/MOF,65.038536
565.6641604010025,60.0,20.0,Au/MOF,65.03262
566.2907268170426,60.0,20.0,Au/MOF,65.0267
566.9172932330827,60.0,20.0,Au/MOF,65.02078
567.5438596491229,60.0,20.0,Au/MOF,65.01488
568.1704260651629,60.0,20.0,Au/MOF,65.00897
568.796992481203,60.0,20.0,Au/MOF,65.00305
569.4235588972431,60.0,20.0,Au/MOF,64.99714
570.0501253132832,60.0,20.0,Au/MOF,64.99123
570.6766917293234,60.0,20.0,Au/MOF,64.98532
571.3032581453634,60.0,20.0,Au/MOF,64.97941
571.9298245614035,60.0,20.0,Au/MOF,64.973495
572.5563909774436,60.0,20.0,Au/MOF,64.967575
573.1829573934837,60.0,20.0,Au/MOF,64.96167
573.8095238095239,60.0,20.0,Au/MOF,64.956856
574.4360902255639,60.0,20.0,Au/MOF,64.95265
575.062656641604,60.0,20.0,Au/MOF,64.94844
575.6892230576441,60.0,20.0,Au/MOF,64.94423
576.3157894736842,60.0,20.0,Au/MOF,64.940025
576.9423558897244,60.0,20.0,Au/MOF,64.93582
577.5689223057644,60.0,20.0,Au/MOF,64.9316
578.1954887218045,60.0,20.0,Au/MOF,64.92739
578.8220551378446,60.0,20.0,Au/MOF,64.922
579.4486215538847,60.0,20.0,Au/MOF,64.91559
580.0751879699249,60.0,20.0,Au/MOF,64.909164
580.7017543859649,60.0,20.0,Au/MOF,64.90275
581.328320802005,60.0,20.0,Au/MOF,64.896324
581.9548872180451,60.0,20.0,Au/MOF,64.889915
582.5814536340852,60.0,20.0,Au/MOF,64.882645
583.2080200501254,60.0,20.0,Au/MOF,64.874954
583.8345864661654,60.0,20.0,Au/MOF,64.86726
584.4611528822055,60.0,20.0,Au/MOF,64.859566
585.0877192982456,60.0,20.0,Au/MOF,64.854034
585.7142857142857,60.0,20.0,Au/MOF,64.84927
586.3408521303259,60.0,20.0,Au/MOF,64.844505
586.9674185463659,60.0,20.0,Au/MOF,64.83973
587.593984962406,60.0,20.0,Au/MOF,64.83495
588.2205513784461,60.0,20.0,Au/MOF,64.830185
588.8471177944862,60.0,20.0,Au/MOF,64.82541
589.4736842105264,60.0,20.0,Au/MOF,64.820656
590.1002506265664,60.0,20.0,Au/MOF,64.81588
590.7268170426065,60.0,20.0,Au/MOF,64.811104
591.3533834586466,60.0,20.0,Au/MOF,64.80634
591.9799498746867,60.0,20.0,Au/MOF,64.801575
592.6065162907269,60.0,20.0,Au/MOF,64.79679
593.2330827067669,60.0,20.0,Au/MOF,64.79202
593.859649122807,60.0,20.0,Au/MOF,64.78726
594.4862155388471,60.0,20.0,Au/MOF,64.78248
595.1127819548872,60.0,20.0,Au/MOF,64.77771
595.7393483709274,60.0,20.0,Au/MOF,64.77295
596.3659147869674,60.0,20.0,Au/MOF,64.76818
596.9924812030075,60.0,20.0,Au/MOF,64.763405
597.6190476190476,60.0,20.0,Au/MOF,64.75864
598.2456140350877,60.0,20.0,Au/MOF,64.75387
598.8721804511279,60.0,20.0,Au/MOF,64.749084
599.4987468671679,60.0,20.0,Au/MOF,64.74432
600.125313283208,60.0,20.0,Au/MOF,64.739555
600.7518796992481,60.0,20.0,Au/MOF,64.73479
601.3784461152882,60.0,20.0,Au/MOF,64.73002
602.0050125313284,60.0,20.0,Au/MOF,64.72525
602.6315789473684,60.0,20.0,Au/MOF,64.720474
603.2581453634085,60.0,20.0,Au/MOF,64.715706
603.8847117794486,60.0,20.0,Au/MOF,64.71094
604.5112781954887,60.0,20.0,Au/MOF,64.70636
605.1378446115289,60.0,20.0,Au/MOF,64.7021
605.7644110275689,60.0,20.0,Au/MOF,64.69786
606.390977443609,60.0,20.0,Au/MOF,64.6936
607.0175438596491,60.0,20.0,Au/MOF,64.689354
607.6441102756892,60.0,20.0,Au/MOF,64.685104
608.2706766917294,60.0,20.0,Au/MOF,64.68085
608.8972431077694,60.0,20.0,Au/MOF,64.676605
609.5238095238095,60.0,20.0,Au/MOF,64.672356
610.1503759398496,60.0,20.0,Au/MOF,64.668106
610.7769423558897,60.0,20.0,Au/MOF,64.66386
611.4035087719299,60.0,20.0,Au/MOF,64.65961
612.0300751879699,60.0,20.0,Au/MOF,64.655365
612.65664160401,60.0,20.0,Au/MOF,64.65111
613.2832080200501,60.0,20.0,Au/MOF,64.64685
613.9097744360902,60.0,20.0,Au/MOF,64.64261
614.5363408521304,60.0,20.0,Au/MOF,64.63836
615.1629072681704,60.0,20.0,Au/MOF,64.63412
615.7894736842105,60.0,20.0,Au/MOF,64.62987
616.4160401002506,60.0,20.0,Au/MOF,64.62562
617.0426065162907,60.0,20.0,Au/MOF,64.62136
617.6691729323309,60.0,20.0,Au/MOF,64.61711
618.295739348371,60.0,20.0,Au/MOF,64.61286
618.922305764411,60.0,20.0,Au/MOF,64.60861
619.5488721804511,60.0,20.0,Au/MOF,64.604355
620.1754385964912,60.0,20.0,Au/MOF,64.60011
620.8020050125314,60.0,20.0,Au/MOF,64.59586
621.4285714285714,60.0,20.0,Au/MOF,64.59161
622.0551378446115,60.0,20.0,Au/MOF,64.58737
622.6817042606516,60.0,20.0,Au/MOF,64.583115
623.3082706766917,60.0,20.0,Au/MOF,64.57887
623.9348370927319,60.0,20.0,Au/MOF,64.574615
624.561403508772,60.0,20.0,Au/MOF,64.57037
625.187969924812,60.0,20.0,Au/MOF,64.566124
625.8145363408521,60.0,20.0,Au/MOF,64.56187
626.4411027568922,60.0,20.0,Au/MOF,64.55762
627.0676691729324,60.0,20.0,Au/MOF,64.55337
627.6942355889724,60.0,20.0,Au/MOF,64.54912
628.3208020050125,60.0,20.0,Au/MOF,64.544876
628.9473684210526,60.0,20.0,Au/MOF,64.54062
629.5739348370927,60.0,20.0,Au/MOF,64.53637
630.2005012531329,60.0,20.0,Au/MOF,64.53212
630.827067669173,60.0,20.0,Au/MOF,64.52786
631.453634085213,60.0,20.0,Au/MOF,64.52363
632.0802005012531,60.0,20.0,Au/MOF,64.51938
632.7067669172932,60.0,20.0,Au/MOF,64.51512
633.3333333333334,60.0,20.0,Au/MOF,64.51088
633.9598997493734,60.0,20.0,Au/MOF,64.50662
634.5864661654135,60.0,20.0,Au/MOF,64.502365
635.2130325814536,60.0,20.0,Au/MOF,64.49812
635.8395989974937,60.0,20.0,Au/MOF,64.49388
636.4661654135339,60.0,20.0,Au/MOF,64.489624
637.092731829574,60.0,20.0,Au/MOF,64.485374
637.719298245614,60.0,20.0,Au/MOF,64.481125
638.3458646616541,60.0,20.0,Au/MOF,64.476875
638.9724310776942,60.0,20.0,Au/MOF,64.472626
639.5989974937344,60.0,20.0,Au/MOF,64.468994
640.2255639097745,60.0,20.0,Au/MOF,64.46548
640.8521303258145,60.0,20.0,Au/MOF,64.46196
641.4786967418546,60.0,20.0,Au/MOF,64.45844
642.1052631578947,60.0,20.0,Au/MOF,64.454926
642.7318295739349,60.0,20.0,Au/MOF,64.451904
643.358395989975,60.0,20.0,Au/MOF,64.45087
643.984962406015,60.0,20.0,Au/MOF,64.44983
644.6115288220551,60.0,20.0,Au/MOF,64.448784
645.2380952380952,60.0,20.0,Au/MOF,64.447754
645.8646616541354,60.0,20.0,Au/MOF,64.4467
646.4912280701755,60.0,20.0,Au/MOF,64.44566
647.1177944862155,60.0,20.0,Au/MOF,64.44461
647.7443609022556,60.0,20.0,Au/MOF,64.44357
648.3709273182957,60.0,20.0,Au/MOF,64.44255
648.9974937343359,60.0,20.0,Au/MOF,64.44159
649.624060150376,60.0,20.0,Au/MOF,64.44063
650.250626566416,60.0,20.0,Au/MOF,64.43966
650.8771929824561,60.0,20.0,Au/MOF,64.438705
651.5037593984962,60.0,20.0,Au/MOF,64.43773
652.1303258145364,60.0,20.0,Au/MOF,64.43678
652.7568922305765,60.0,20.0,Au/MOF,64.435814
653.3834586466165,60.0,20.0,Au/MOF,64.434845
654.0100250626566,60.0,20.0,Au/MOF,64.43388
654.6365914786967,60.0,20.0,Au/MOF,64.43292
655.2631578947369,60.0,20.0,Au/MOF,64.43196
655.889724310777,60.0,20.0,Au/MOF,64.431
656.516290726817,60.0,20.0,Au/MOF,64.43003
657.1428571428571,60.0,20.0,Au/MOF,64.42907
657.7694235588972,60.0,20.0,Au/MOF,64.42811
658.3959899749374,60.0,20.0,Au/MOF,64.427155
659.0225563909775,60.0,20.0,Au/MOF,64.42619
659.6491228070175,60.0,20.0,Au/MOF,64.425224
660.2756892230576,60.0,20.0,Au/MOF,64.42426
660.9022556390977,60.0,20.0,Au/MOF,64.4233
661.5288220551379,60.0,20.0,Au/MOF,64.42233
662.155388471178,60.0,20.0,Au/MOF,64.42137
662.781954887218,60.0,20.0,Au/MOF,64.42042
663.4085213032581,60.0,20.0,Au/MOF,64.41945
664.0350877192982,60.0,20.0,Au/MOF,64.41849
664.6616541353384,60.0,20.0,Au/MOF,64.41753
665.2882205513785,60.0,20.0,Au/MOF,64.416565
665.9147869674185,60.0,20.0,Au/MOF,64.4156
666.5413533834586,60.0,20.0,Au/MOF,64.414635
667.1679197994987,60.0,20.0,Au/MOF,64.41368
667.7944862155389,60.0,20.0,Au/MOF,64.41272
668.421052631579,60.0,20.0,Au/MOF,64.41164
669.047619047619,60.0,20.0,Au/MOF,64.41046
669.6741854636591,60.0,20.0,Au/MOF,64.40929
670.3007518796992,60.0,20.0,Au/MOF,64.40812
670.9273182957394,60.0,20.0,Au/MOF,64.406944
671.5538847117795,60.0,20.0,Au/MOF,64.40577
672.1804511278195,60.0,20.0,Au/MOF,64.4046
672.8070175438596,60.0,20.0,Au/MOF,64.403435
673.4335839598998,60.0,20.0,Au/MOF,64.40225
674.0601503759399,60.0,20.0,Au/MOF,64.40108
674.68671679198,60.0,20.0,Au/MOF,64.39992
675.31328320802,60.0,20.0,Au/MOF,64.39874
675.9398496240601,60.0,20.0,Au/MOF,64.39756
676.5664160401002,60.0,20.0,Au/MOF,64.3964
677.1929824561404,60.0,20.0,Au/MOF,64.39522
677.8195488721805,60.0,20.0,Au/MOF,64.39405
678.4461152882205,60.0,20.0,Au/MOF,64.392876
679.0726817042606,60.0,20.0,Au/MOF,64.39171
679.6992481203008,60.0,20.0,Au/MOF,64.39053
680.3258145363409,60.0,20.0,Au/MOF,64.38936
680.952380952381,60.0,20.0,Au/MOF,64.38818
681.578947368421,60.0,20.0,Au/MOF,64.387024
682.2055137844611,60.0,20.0,Au/MOF,64.38584
682.8320802005012,60.0,20.0,Au/MOF,64.384674
683.4586466165414,60.0,20.0,Au/MOF,64.38349
684.0852130325815,60.0,20.0,Au/MOF,64.382324
684.7117794486215,60.0,20.0,Au/MOF,64.38115
685.3383458646616,60.0,20.0,Au/MOF,64.37998
685.9649122807018,60.0,20.0,Au/MOF,64.37881
686.5914786967419,60.0,20.0,Au/MOF,64.37767
687.218045112782,60.0,20.0,Au/MOF,64.377716
687.844611528822,60.0,20.0,Au/MOF,64.377754
688.4711779448621,60.0,20.0,Au/MOF,64.37781
689.0977443609022,60.0,20.0,Au/MOF,64.37785
689.7243107769424,60.0,20.0,Au/MOF,64.3779
690.3508771929825,60.0,20.0,Au/MOF,64.377945
690.9774436090225,60.0,20.0,Au/MOF,64.37798
691.6040100250626,60.0,20.0,Au/MOF,64.37804
692.2305764411028,60.0,20.0,Au/MOF,64.378075
692.8571428571429,60.0,20.0,Au/MOF,64.37813
693.483709273183,60.0,20.0,Au/MOF,64.37817
694.110275689223,60.0,20.0,Au/MOF,64.37822
694.7368421052631,60.0,20.0,Au/MOF,64.378265
695.3634085213032,60.0,20.0,Au/MOF,64.37831
695.9899749373434,60.0,20.0,Au/MOF,64.37836
696.6165413533835,60.0,20.0,Au/MOF,64.3784
697.2431077694235,60.0,20.0,Au/MOF,64.37845
697.8696741854636,60.0,20.0,Au/MOF,64.378494
698.4962406015038,60.0,20.0,Au/MOF,64.37854
699.1228070175439,60.0,20.0,Au/MOF,64.378586
699.749373433584,60.0,20.0,Au/MOF,64.37863
700.375939849624,60.0,20.0,Au/MOF,64.378685
701.0025062656641,60.0,20.0,Au/MOF,64.37872
701.6290726817042,60.0,20.0,Au/MOF,64.37877
702.2556390977444,60.0,20.0,Au/MOF,64.378815
702.8822055137845,60.0,20.0,Au/MOF,64.37886
703.5087719298245,60.0,20.0,Au/MOF,64.37891
704.1353383458646,60.0,20.0,Au/MOF,64.37895
704.7619047619048,60.0,20.0,Au/MOF,64.37899
705.3884711779449,60.0,20.0,Au/MOF,64.37904
706.015037593985,60.0,20.0,Au/MOF,64.37909
706.641604010025,60.0,20.0,Au/MOF,64.379135
707.2681704260651,60.0,20.0,Au/MOF,64.37918
707.8947368421052,60.0,20.0,Au/MOF,64.37923
708.5213032581454,60.0,20.0,Au/MOF,64.37928
709.1478696741855,60.0,20.0,Au/MOF,64.37932
709.7744360902255,60.0,20.0,Au/MOF,64.379364
710.4010025062656,60.0,20.0,Au/MOF,64.37941
711.0275689223058,60.0,20.0,Au/MOF,64.379456
711.6541353383459,60.0,20.0,Au/MOF,64.3795
712.280701754386,60.0,20.0,Au/MOF,64.379555
712.907268170426,60.0,20.0,Au/MOF,64.37959
713.5338345864661,60.0,20.0,Au/MOF,64.37964
714.1604010025062,60.0,20.0,Au/MOF,64.37969
714.7869674185464,60.0,20.0,Au/MOF,64.37973
715.4135338345865,60.0,20.0,Au/MOF,64.379776
716.0401002506266,60.0,20.0,Au/MOF,64.37982
716.6666666666666,60.0,20.0,Au/MOF,64.37987
717.2932330827068,60.0,20.0,Au/MOF,64.37991
717.9197994987469,60.0,20.0,Au/MOF,64.37996
718.546365914787,60.0,20.0,Au/MOF,64.380005
719.172932330827,60.0,20.0,Au/MOF,64.38005
719.7994987468671,60.0,20.0,Au/MOF,64.380104
720.4260651629072,60.0,20.0,Au/MOF,64.38014
721.0526315789474,60.0,20.0,Au/MOF,64.380196
721.6791979949875,60.0,20.0,Au/MOF,64.38023
722.3057644110276,60.0,20.0,Au/MOF,64.38028
722.9323308270676,60.0,20.0,Au/MOF,64.380325
723.5588972431078,60.0,20.0,Au/MOF,64.38037
724.1854636591479,60.0,20.0,Au/MOF,64.380424
724.812030075188,60.0,20.0,Au/MOF,64.38046
725.438596491228,60.0,20.0,Au/MOF,64.38051
726.0651629072681,60.0,20.0,Au/MOF,64.380554
726.6917293233082,60.0,20.0,Au/MOF,64.3806
727.3182957393484,60.0,20.0,Au/MOF,64.380646
727.9448621553885,60.0,20.0,Au/MOF,64.3807
728.5714285714286,60.0,20.0,Au/MOF,64.38074
729.1979949874686,60.0,20.0,Au/MOF,64.38078
729.8245614035088,60.0,20.0,Au/MOF,64.38083
730.4511278195489,60.0,20.0,Au/MOF,64.38088
731.077694235589,60.0,20.0,Au/MOF,64.38093
731.704260651629,60.0,20.0,Au/MOF,64.380974
732.3308270676691,60.0,20.0,Au/MOF,64.38102
732.9573934837092,60.0,20.0,Au/MOF,64.38106
733.5839598997494,60.0,20.0,Au/MOF,64.38111
734.2105263157895,60.0,20.0,Au/MOF,64.38116
734.8370927318296,60.0,20.0,Au/MOF,64.3812
735.4636591478696,60.0,20.0,Au/MOF,64.38125
736.0902255639098,60.0,20.0,Au/MOF,64.381294
736.7167919799499,60.0,20.0,Au/MOF,64.38133
737.34335839599,60.0,20.0,Au/MOF,64.381386
737.9699248120301,60.0,20.0,Au/MOF,64.38143
738.5964912280701,60.0,20.0,Au/MOF,64.38147
739.2230576441102,60.0,20.0,Au/MOF,64.38152
739.8496240601504,60.0,20.0,Au/MOF,64.38156
740.4761904761905,60.0,20.0,Au/MOF,64.381615
741.1027568922306,60.0,20.0,Au/MOF,64.38166
741.7293233082706,60.0,20.0,Au/MOF,64.38171
742.3558897243108,60.0,20.0,Au/MOF,64.38175
742.9824561403509,60.0,20.0,Au/MOF,64.382385
743.609022556391,60.0,20.0,Au/MOF,64.38381
744.2355889724311,60.0,20.0,Au/MOF,64.38524
744.8621553884711,60.0,20.0,Au/MOF,64.386665
745.4887218045112,60.0,20.0,Au/MOF,64.388084
746.1152882205514,60.0,20.0,Au/MOF,64.38951
746.7418546365915,60.0,20.0,Au/MOF,64.39094
747.3684210526316,60.0,20.0,Au/MOF,64.39235
747.9949874686716,60.0,20.0,Au/MOF,64.39378
748.6215538847118,60.0,20.0,Au/MOF,64.39521
749.2481203007519,60.0,20.0,Au/MOF,64.39664
749.874686716792,60.0,20.0,Au/MOF,64.398056
750.5012531328321,60.0,20.0,Au/MOF,64.399475
751.1278195488721,60.0,20.0,Au/MOF,64.4009
751.7543859649122,60.0,20.0,Au/MOF,64.40233
752.3809523809524,60.0,20.0,Au/MOF,64.40375
753.0075187969925,60.0,20.0,Au/MOF,64.40518
753.6340852130326,60.0,20.0,Au/MOF,64.4066
754.2606516290726,60.0,20.0,Au/MOF,64.40803
754.8872180451128,60.0,20.0,Au/MOF,64.409454
755.5137844611529,60.0,20.0,Au/MOF,64.41087
756.140350877193,60.0,20.0,Au/MOF,64.41227
756.7669172932331,60.0,20.0,Au/MOF,64.41355
757.3934837092731,60.0,20.0,Au/MOF,64.414825
758.0200501253132,60.0,20.0,Au/MOF,64.41612
758.6466165413534,60.0,20.0,Au/MOF,64.417404
759.2731829573935,60.0,20.0,Au/MOF,64.418686
759.8997493734336,60.0,20.0,Au/MOF,64.41995
760.5263157894736,60.0,20.0,Au/MOF,64.42124
761.1528822055138,60.0,20.0,Au/MOF,64.42354
761.7794486215539,60.0,20.0,Au/MOF,64.42707
762.406015037594,60.0,20.0,Au/MOF,64.4306
763.0325814536341,60.0,20.0,Au/MOF,64.43414
763.6591478696741,60.0,20.0,Au/MOF,64.437675
764.2857142857142,60.0,20.0,Au/MOF,64.44121
764.9122807017544,60.0,20.0,Au/MOF,64.44475
765.5388471177945,60.0,20.0,Au/MOF,64.44829
766.1654135338346,60.0,20.0,Au/MOF,64.45182
766.7919799498746,60.0,20.0,Au/MOF,64.45535
767.4185463659148,60.0,20.0,Au/MOF,64.458885
768.0451127819549,60.0,20.0,Au/MOF,64.46243
768.671679197995,60.0,20.0,Au/MOF,64.46596
769.2982456140351,60.0,20.0,Au/MOF,64.46954
769.9248120300751,60.0,20.0,Au/MOF,64.47423
770.5513784461152,60.0,20.0,Au/MOF,64.47891
771.1779448621554,60.0,20.0,Au/MOF,64.4836
771.8045112781955,60.0,20.0,Au/MOF,64.48828
772.4310776942356,60.0,20.0,Au/MOF,64.49297
773.0576441102756,60.0,20.0,Au/MOF,64.4991
773.6842105263158,60.0,20.0,Au/MOF,64.50612
774.3107769423559,60.0,20.0,Au/MOF,64.51312
774.937343358396,60.0,20.0,Au/MOF,64.52014
775.5639097744361,60.0,20.0,Au/MOF,64.52716
776.1904761904761,60.0,20.0,Au/MOF,64.53417
776.8170426065162,60.0,20.0,Au/MOF,64.54077
777.4436090225564,60.0,20.0,Au/MOF,64.546936
778.0701754385965,60.0,20.0,Au/MOF,64.5531
778.6967418546366,60.0,20.0,Au/MOF,64.559265
779.3233082706766,60.0,20.0,Au/MOF,64.56543
779.9498746867168,60.0,20.0,Au/MOF,64.571594
780.5764411027569,60.0,20.0,Au/MOF,64.57776
781.203007518797,60.0,20.0,Au/MOF,64.583916
781.8295739348371,60.0,20.0,Au/MOF,64.59008
782.4561403508771,60.0,20.0,Au/MOF,64.59625
783.0827067669172,60.0,20.0,Au/MOF,64.60241
783.7092731829574,60.0,20.0,Au/MOF,64.60857
784.3358395989975,60.0,20.0,Au/MOF,64.61473
784.9624060150376,60.0,20.0,Au/MOF,64.620895
785.5889724310777,60.0,20.0,Au/MOF,64.62707
786.2155388471178,60.0,20.0,Au/MOF,64.63323
786.8421052631579,60.0,20.0,Au/MOF,64.63939
787.468671679198,60.0,20.0,Au/MOF,64.64555
788.0952380952381,60.0,20.0,Au/MOF,64.65172
788.7218045112782,60.0,20.0,Au/MOF,64.65788
789.3483709273182,60.0,20.0,Au/MOF,64.66405
789.9749373433584,60.0,20.0,Au/MOF,64.670204
790.6015037593985,60.0,20.0,Au/MOF,64.67637
791.2280701754386,60.0,20.0,Au/MOF,64.68254
791.8546365914787,60.0,20.0,Au/MOF,64.688705
792.4812030075188,60.0,20.0,Au/MOF,64.69487
793.1077694235589,60.0,20.0,Au/MOF,64.701035
793.734335839599,60.0,20.0,Au/MOF,64.7087
794.3609022556391,60.0,20.0,Au/MOF,64.7166
794.9874686716792,60.0,20.0,Au/MOF,64.724495
795.6140350877192,60.0,20.0,Au/MOF,64.732376
796.2406015037594,60.0,20.0,Au/MOF,64.74027
796.8671679197995,60.0,20.0,Au/MOF,64.74815
797.4937343358396,60.0,20.0,Au/MOF,64.75606
798.1203007518797,60.0,20.0,Au/MOF,64.76395
798.7468671679198,60.0,20.0,Au/MOF,64.771835
799.3734335839599,60.0,20.0,Au/MOF,64.779724
800.0,60.0,20.0,Au/MOF,64.78762
550.0,80.0,20.0,Au/MOF,59.384792
550.6265664160401,80.0,20.0,Au/MOF,59.388485
551.2531328320802,80.0,20.0,Au/MOF,59.39217
551.8796992481203,80.0,20.0,Au/MOF,59.395847
552.5062656641604,80.0,20.0,Au/MOF,59.39954
553.1328320802005,80.0,20.0,Au/MOF,59.403225
553.7593984962406,80.0,20.0,Au/MOF,59.40691
554.3859649122807,80.0,20.0,Au/MOF,59.410595
555.0125313283208,80.0,20.0,Au/MOF,59.41428
555.6390977443609,80.0,20.0,Au/MOF,59.417965
556.265664160401,80.0,20.0,Au/MOF,59.42165
556.8922305764411,80.0,20.0,Au/MOF,59.425335
557.5187969924812,80.0,20.0,Au/MOF,59.429546
558.1453634085213,80.0,20.0,Au/MOF,59.436066
558.7719298245614,80.0,20.0,Au/MOF,59.44259
559.3984962406015,80.0,20.0,Au/MOF,59.449116
560.0250626566416,80.0,20.0,Au/MOF,59.455624
560.6516290726817,80.0,20.0,Au/MOF,59.46214
561.2781954887218,80.0,20.0,Au/MOF,59.468662
561.9047619047619,80.0,20.0,Au/MOF,59.475178
562.531328320802,80.0,20.0,Au/MOF,59.481705
563.1578947368421,80.0,20.0,Au/MOF,59.488216
563.7844611528822,80.0,20.0,Au/MOF,59.494747
564.4110275689223,80.0,20.0,Au/MOF,59.501263
565.0375939849624,80.0,20.0,Au/MOF,59.50778
565.6641604010025,80.0,20.0,Au/MOF,59.514297
566.2907268170426,80.0,20.0,Au/MOF,59.520817
566.9172932330827,80.0,20.0,Au/MOF,59.527332
567.5438596491229,80.0,20.0,Au/MOF,59.533855
568.1704260651629,80.0,20.0,Au/MOF,59.54037
568.796992481203,80.0,20.0,Au/MOF,59.546886
569.4235588972431,80.0,20.0,Au/MOF,59.55341
570.0501253132832,80.0,20.0,Au/MOF,59.559925
570.6766917293234,80.0,20.0,Au/MOF,59.56645
571.3032581453634,80.0,20.0,Au/MOF,59.572968
571.9298245614035,80.0,20.0,Au/MOF,59.579487
572.5563909774436,80.0,20.0,Au/MOF,59.586006
573.1829573934837,80.0,20.0,Au/MOF,59.59252
573.8095238095239,80.0,20.0,Au/MOF,59.59904
574.4360902255639,80.0,20.0,Au/MOF,59.605564
575.062656641604,80.0,20.0,Au/MOF,59.61301
575.6892230576441,80.0,20.0,Au/MOF,59.62074
576.3157894736842,80.0,20.0,Au/MOF,59.62846
576.9423558897244,80.0,20.0,Au/MOF,59.63619
577.5689223057644,80.0,20.0,Au/MOF,59.6439
578.1954887218045,80.0,20.0,Au/MOF,59.65163
578.8220551378446,80.0,20.0,Au/MOF,59.65935
579.4486215538847,80.0,20.0,Au/MOF,59.66708
580.0751879699249,80.0,20.0,Au/MOF,59.6748
580.7017543859649,80.0,20.0,Au/MOF,59.68252
581.328320802005,80.0,20.0,Au/MOF,59.690247
581.9548872180451,80.0,20.0,Au/MOF,59.697975
582.5814536340852,80.0,20.0,Au/MOF,59.7057
583.2080200501254,80.0,20.0,Au/MOF,59.713425
583.8345864661654,80.0,20.0,Au/MOF,59.72115
584.4611528822055,80.0,20.0,Au/MOF,59.72887
585.0877192982456,80.0,20.0,Au/MOF,59.7366
585.7142857142857,80.0,20.0,Au/MOF,59.744312
586.3408521303259,80.0,20.0,Au/MOF,59.752045
586.9674185463659,80.0,20.0,Au/MOF,59.75976
587.593984962406,80.0,20.0,Au/MOF,59.76749
588.2205513784461,80.0,20.0,Au/MOF,59.775208
588.8471177944862,80.0,20.0,Au/MOF,59.782936
589.4736842105264,80.0,20.0,Au/MOF,59.790657
590.1002506265664,80.0,20.0,Au/MOF,59.79839
590.7268170426065,80.0,20.0,Au/MOF,59.806107
591.3533834586466,80.0,20.0,Au/MOF,59.810665
591.9799498746867,80.0,20.0,Au/MOF,59.80971
592.6065162907269,80.0,20.0,Au/MOF,59.808773
593.2330827067669,80.0,20.0,Au/MOF,59.807827
593.859649122807,80.0,20.0,Au/MOF,59.80688
594.4862155388471,80.0,20.0,Au/MOF,59.805935
595.1127819548872,80.0,20.0,Au/MOF,59.804993
595.7393483709274,80.0,20.0,Au/MOF,59.804043
596.3659147869674,80.0,20.0,Au/MOF,59.803104
596.9924812030075,80.0,20.0,Au/MOF,59.80216
597.6190476190476,80.0,20.0,Au/MOF,59.80121
598.2456140350877,80.0,20.0,Au/MOF,59.80026
598.8721804511279,80.0,20.0,Au/MOF,59.79932
599.4987468671679,80.0,20.0,Au/MOF,59.798378
600.125313283208,80.0,20.0,Au/MOF,59.797436
600.7518796992481,80.0,20.0,Au/MOF,59.796486
601.3784461152882,80.0,20.0,Au/MOF,59.795544
602.0050125313284,80.0,20.0,Au/MOF,59.7946
602.6315789473684,80.0,20.0,Au/MOF,59.79365
603.2581453634085,80.0,20.0,Au/MOF,59.792706
603.8847117794486,80.0,20.0,Au/MOF,59.791035
604.5112781954887,80.0,20.0,Au/MOF,59.788757
605.1378446115289,80.0,20.0,Au/MOF,59.786472
605.7644110275689,80.0,20.0,Au/MOF,59.78419
606.390977443609,80.0,20.0,Au/MOF,59.781914
607.0175438596491,80.0,20.0,Au/MOF,59.77963
607.6441102756892,80.0,20.0,Au/MOF,59.777344
608.2706766917294,80.0,20.0,Au/MOF,59.77506
608.8972431077694,80.0,20.0,Au/MOF,59.772778
609.5238095238095,80.0,20.0,Au/MOF,59.770493
610.1503759398496,80.0,20.0,Au/MOF,59.768215
610.7769423558897,80.0,20.0,Au/MOF,59.76593
611.4035087719299,80.0,20.0,Au/MOF,59.763653
612.0300751879699,80.0,20.0,Au/MOF,59.76136
612.65664160401,80.0,20.0,Au/MOF,59.75908
613.2832080200501,80.0,20.0,Au/MOF,59.756794
613.9097744360902,80.0,20.0,Au/MOF,59.754513
614.5363408521304,80.0,20.0,Au/MOF,59.752235
615.1629072681704,80.0,20.0,Au/MOF,59.749954
615.7894736842105,80.0,20.0,Au/MOF,59.747665
616.4160401002506,80.0,20.0,Au/MOF,59.745388
617.0426065162907,80.0,20.0,Au/MOF,59.743103
617.6691729323309,80.0,20.0,Au/MOF,59.74082
618.295739348371,80.0,20.0,Au/MOF,59.73854
618.922305764411,80.0,20.0,Au/MOF,59.73626
619.5488721804511,80.0,20.0,Au/MOF,59.73397
620.1754385964912,80.0,20.0,Au/MOF,59.731693
620.8020050125314,80.0,20.0,Au/MOF,59.7294
621.4285714285714,80.0,20.0,Au/MOF,59.727116
622.0551378446115,80.0,20.0,Au/MOF,59.72485
622.6817042606516,80.0,20.0,Au/MOF,59.72256
623.3082706766917,80.0,20.0,Au/MOF,59.72028
623.9348370927319,80.0,20.0,Au/MOF,59.717987
624.561403508772,80.0,20.0,Au/MOF,59.715717
625.187969924812,80.0,20.0,Au/MOF,59.71343
625.8145363408521,80.0,20.0,Au/MOF,59.711143
626.4411027568922,80.0,20.0,Au/MOF,59.70886
627.0676691729324,80.0,20.0,Au/MOF,59.70658
627.6942355889724,80.0,20.0,Au/MOF,59.704296
628.3208020050125,80.0,20.0,Au/MOF,59.702015
628.9473684210526,80.0,20.0,Au/MOF,59.699734
629.5739348370927,80.0,20.0,Au/MOF,59.697456
630.2005012531329,80.0,20.0,Au/MOF,59.69517
630.827067669173,80.0,20.0,Au/MOF,59.692883
631.453634085213,80.0,20.0,Au/MOF,59.6906
632.0802005012531,80.0,20.0,Au/MOF,59.68832
632.7067669172932,80.0,20.0,Au/MOF,59.68604
633.3333333333334,80.0,20.0,Au/MOF,59.683155
633.9598997493734,80.0,20.0,Au/MOF,59.679153
634.5864661654135,80.0,20.0,Au/MOF,59.675156
635.2130325814536,80.0,20.0,Au/MOF,59.671165
635.8395989974937,80.0,20.0,Au/MOF,59.66717
636.4661654135339,80.0,20.0,Au/MOF,59.663174
637.092731829574,80.0,20.0,Au/MOF,59.65918
637.719298245614,80.0,20.0,Au/MOF,59.655186
638.3458646616541,80.0,20.0,Au/MOF,59.651184
638.9724310776942,80.0,20.0,Au/MOF,59.647194
639.5989974937344,80.0,20.0,Au/MOF,59.6432
640.2255639097745,80.0,20.0,Au/MOF,59.639206
640.8521303258145,80.0,20.0,Au/MOF,59.63521
641.4786967418546,80.0,20.0,Au/MOF,59.631214
642.1052631578947,80.0,20.0,Au/MOF,59.627216
642.7318295739349,80.0,20.0,Au/MOF,59.623226
643.358395989975,80.0,20.0,Au/MOF,59.619232
643.984962406015,80.0,20.0,Au/MOF,59.61524
644.6115288220551,80.0,20.0,Au/MOF,59.611237
645.2380952380952,80.0,20.0,Au/MOF,59.607243
645.8646616541354,80.0,20.0,Au/MOF,59.603252
646.4912280701755,80.0,20.0,Au/MOF,59.599255
647.1177944862155,80.0,20.0,Au/MOF,59.595264
647.7443609022556,80.0,20.0,Au/MOF,59.591267
648.3709273182957,80.0,20.0,Au/MOF,59.587265
648.9974937343359,80.0,20.0,Au/MOF,59.58328
649.624060150376,80.0,20.0,Au/MOF,59.57928
650.250626566416,80.0,20.0,Au/MOF,59.575287
650.8771929824561,80.0,20.0,Au/MOF,59.571285
651.5037593984962,80.0,20.0,Au/MOF,59.567287
652.1303258145364,80.0,20.0,Au/MOF,59.563297
652.7568922305765,80.0,20.0,Au/MOF,59.5593
653.3834586466165,80.0,20.0,Au/MOF,59.55531
654.0100250626566,80.0,20.0,Au/MOF,59.55131
654.6365914786967,80.0,20.0,Au/MOF,59.547314
655.2631578947369,80.0,20.0,Au/MOF,59.543316
655.889724310777,80.0,20.0,Au/MOF,59.539326
656.516290726817,80.0,20.0,Au/MOF,59.53533
657.1428571428571,80.0,20.0,Au/MOF,59.53133
657.7694235588972,80.0,20.0,Au/MOF,59.52734
658.3959899749374,80.0,20.0,Au/MOF,59.523342
659.0225563909775,80.0,20.0,Au/MOF,59.51935
659.6491228070175,80.0,20.0,Au/MOF,59.515354
660.2756892230576,80.0,20.0,Au/MOF,59.51136
660.9022556390977,80.0,20.0,Au/MOF,59.507366
661.5288220551379,80.0,20.0,Au/MOF,59.50336
662.155388471178,80.0,20.0,Au/MOF,59.49937
662.781954887218,80.0,20.0,Au/MOF,59.495373
663.4085213032581,80.0,20.0,Au/MOF,59.491383
664.0350877192982,80.0,20.0,Au/MOF,59.487396
664.6616541353384,80.0,20.0,Au/MOF,59.483395
665.2882205513785,80.0,20.0,Au/MOF,59.479404
665.9147869674185,80.0,20.0,Au/MOF,59.4754
666.5413533834586,80.0,20.0,Au/MOF,59.47141
667.1679197994987,80.0,20.0,Au/MOF,59.467415
667.7944862155389,80.0,20.0,Au/MOF,59.463417
668.421052631579,80.0,20.0,Au/MOF,59.459423
669.047619047619,80.0,20.0,Au/MOF,59.45542
669.6741854636591,80.0,20.0,Au/MOF,59.45143
670.3007518796992,80.0,20.0,Au/MOF,59.447437
670.9273182957394,80.0,20.0,Au/MOF,59.443447
671.5538847117795,80.0,20.0,Au/MOF,59.43945
672.1804511278195,80.0,20.0,Au/MOF,59.435455
672.8070175438596,80.0,20.0,Au/MOF,59.431458
673.4335839598998,80.0,20.0,Au/MOF,59.42746
674.0601503759399,80.0,20.0,Au/MOF,59.42347
674.68671679198,80.0,20.0,Au/MOF,59.419487
675.31328320802,80.0,20.0,Au/MOF,59.415512
675.9398496240601,80.0,20.0,Au/MOF,59.411545
676.5664160401002,80.0,20.0,Au/MOF,59.407562
677.1929824561404,80.0,20.0,Au/MOF,59.403584
677.8195488721805,80.0,20.0,Au/MOF,59.39961
678.4461152882205,80.0,20.0,Au/MOF,59.39564
679.0726817042606,80.0,20.0,Au/MOF,59.391663
679.6992481203008,80.0,20.0,Au/MOF,59.387688
680.3258145363409,80.0,20.0,Au/MOF,59.383713
680.952380952381,80.0,20.0,Au/MOF,59.37974
681.578947368421,80.0,20.0,Au/MOF,59.37576
682.2055137844611,80.0,20.0,Au/MOF,59.371784
682.8320802005012,80.0,20.0,Au/MOF,59.367805
683.4586466165414,80.0,20.0,Au/MOF,59.36384
684.0852130325815,80.0,20.0,Au/MOF,59.36115
684.7117794486215,80.0,20.0,Au/MOF,59.359432
685.3383458646616,80.0,20.0,Au/MOF,59.35773
685.9649122807018,80.0,20.0,Au/MOF,59.356018
686.5914786967419,80.0,20.0,Au/MOF,59.354313
687.218045112782,80.0,20.0,Au/MOF,59.352596
687.844611528822,80.0,20.0,Au/MOF,59.350895
688.4711779448621,80.0,20.0,Au/MOF,59.349182
689.0977443609022,80.0,20.0,Au/MOF,59.347477
689.7243107769424,80.0,20.0,Au/MOF,59.345768
690.3508771929825,80.0,20.0,Au/MOF,59.34406
690.9774436090225,80.0,20.0,Au/MOF,59.342354
691.6040100250626,80.0,20.0,Au/MOF,59.340637
692.2305764411028,80.0,20.0,Au/MOF,59.338657
692.8571428571429,80.0,20.0,Au/MOF,59.33602
693.483709273183,80.0,20.0,Au/MOF,59.33339
694.110275689223,80.0,20.0,Au/MOF,59.330753
694.7368421052631,80.0,20.0,Au/MOF,59.328125
695.3634085213032,80.0,20.0,Au/MOF,59.32549
695.9899749373434,80.0,20.0,Au/MOF,59.32285
696.6165413533835,80.0,20.0,Au/MOF,59.320225
697.2431077694235,80.0,20.0,Au/MOF,59.317585
697.8696741854636,80.0,20.0,Au/MOF,59.31495
698.4962406015038,80.0,20.0,Au/MOF,59.312317
699.1228070175439,80.0,20.0,Au/MOF,59.309685
699.749373433584,80.0,20.0,Au/MOF,59.30705
700.375939849624,80.0,20.0,Au/MOF,59.304413
701.0025062656641,80.0,20.0,Au/MOF,59.301773
701.6290726817042,80.0,20.0,Au/MOF,59.29914
702.2556390977444,80.0,20.0,Au/MOF,59.2965
702.8822055137845,80.0,20.0,Au/MOF,59.293873
703.5087719298245,80.0,20.0,Au/MOF,59.291245
704.1353383458646,80.0,20.0,Au/MOF,59.29053
704.7619047619048,80.0,20.0,Au/MOF,59.290115
705.3884711779449,80.0,20.0,Au/MOF,59.289703
706.015037593985,80.0,20.0,Au/MOF,59.289276
706.641604010025,80.0,20.0,Au/MOF,59.28886
707.2681704260651,80.0,20.0,Au/MOF,59.28845
707.8947368421052,80.0,20.0,Au/MOF,59.288033
708.5213032581454,80.0,20.0,Au/MOF,59.28761
709.1478696741855,80.0,20.0,Au/MOF,59.287193
709.7744360902255,80.0,20.0,Au/MOF,59.286777
710.4010025062656,80.0,20.0,Au/MOF,59.28636
711.0275689223058,80.0,20.0,Au/MOF,59.285946
711.6541353383459,80.0,20.0,Au/MOF,59.28553
712.280701754386,80.0,20.0,Au/MOF,59.28511
712.907268170426,80.0,20.0,Au/MOF,59.28469
713.5338345864661,80.0,20.0,Au/MOF,59.28428
714.1604010025062,80.0,20.0,Au/MOF,59.28386
714.7869674185464,80.0,20.0,Au/MOF,59.283443
715.4135338345865,80.0,20.0,Au/MOF,59.28303
716.0401002506266,80.0,20.0,Au/MOF,59.284447
716.6666666666666,80.0,20.0,Au/MOF,59.28653
717.2932330827068,80.0,20.0,Au/MOF,59.28863
717.9197994987469,80.0,20.0,Au/MOF,59.290726
718.546365914787,80.0,20.0,Au/MOF,59.292824
719.172932330827,80.0,20.0,Au/MOF,59.294918
719.7994987468671,80.0,20.0,Au/MOF,59.297016
720.4260651629072,80.0,20.0,Au/MOF,59.29911
721.0526315789474,80.0,20.0,Au/MOF,59.301205
721.6791979949875,80.0,20.0,Au/MOF,59.3033
722.3057644110276,80.0,20.0,Au/MOF,59.3054
722.9323308270676,80.0,20.0,Au/MOF,59.30749
723.5588972431078,80.0,20.0,Au/MOF,59.309586
724.1854636591479,80.0,20.0,Au/MOF,59.311687
724.812030075188,80.0,20.0,Au/MOF,59.313786
725.438596491228,80.0,20.0,Au/MOF,59.31587
726.0651629072681,80.0,20.0,Au/MOF,59.317974
726.6917293233082,80.0,20.0,Au/MOF,59.320072
727.3182957393484,80.0,20.0,Au/MOF,59.322155
727.9448621553885,80.0,20.0,Au/MOF,59.324253
728.5714285714286,80.0,20.0,Au/MOF,59.326347
729.1979949874686,80.0,20.0,Au/MOF,59.328445
729.8245614035088,80.0,20.0,Au/MOF,59.330547
730.4511278195489,80.0,20.0,Au/MOF,59.33264
731.077694235589,80.0,20.0,Au/MOF,59.334736
731.704260651629,80.0,20.0,Au/MOF,59.33683
732.3308270676691,80.0,20.0,Au/MOF,59.33892
732.9573934837092,80.0,20.0,Au/MOF,59.341022
733.5839598997494,80.0,20.0,Au/MOF,59.343113
734.2105263157895,80.0,20.0,Au/MOF,59.345215
734.8370927318296,80.0,20.0,Au/MOF,59.34731
735.4636591478696,80.0,20.0,Au/MOF,59.349415
736.0902255639098,80.0,20.0,Au/MOF,59.351498
736.7167919799499,80.0,20.0,Au/MOF,59.353596
737.34335839599,80.0,20.0,Au/MOF,59.355694
737.9699248120301,80.0,20.0,Au/MOF,59.357784
738.5964912280701,80.0,20.0,Au/MOF,59.359886
739.2230576441102,80.0,20.0,Au/MOF,59.36198
739.8496240601504,80.0,20.0,Au/MOF,59.364075
740.4761904761905,80.0,20.0,Au/MOF,59.366173
741.1027568922306,80.0,20.0,Au/MOF,59.36826
741.7293233082706,80.0,20.0,Au/MOF,59.370358
742.3558897243108,80.0,20.0,Au/MOF,59.372456
742.9824561403509,80.0,20.0,Au/MOF,59.374554
743.609022556391,80.0,20.0,Au/MOF,59.376648
744.2355889724311,80.0,20.0,Au/MOF,59.378742
744.8621553884711,80.0,20.0,Au/MOF,59.380836
745.4887218045112,80.0,20.0,Au/MOF,59.38293
746.1152882205514,80.0,20.0,Au/MOF,59.38503
746.7418546365915,80.0,20.0,Au/MOF,59.387123
747.3684210526316,80.0,20.0,Au/MOF,59.389225
747.9949874686716,80.0,20.0,Au/MOF,59.391315
748.6215538847118,80.0,20.0,Au/MOF,59.393414
749.2481203007519,80.0,20.0,Au/MOF,59.39551
749.874686716792,80.0,20.0,Au/MOF,59.397602
750.5012531328321,80.0,20.0,Au/MOF,59.3997
751.1278195488721,80.0,20.0,Au/MOF,59.4018
751.7543859649122,80.0,20.0,Au/MOF,59.403893
752.3809523809524,80.0,20.0,Au/MOF,59.40599
753.0075187969925,80.0,20.0,Au/MOF,59.40808
753.6340852130326,80.0,20.0,Au/MOF,59.410183
754.2606516290726,80.0,20.0,Au/MOF,59.41227
754.8872180451128,80.0,20.0,Au/MOF,59.41437
755.5137844611529,80.0,20.0,Au/MOF,59.41647
756.140350877193,80.0,20.0,Au/MOF,59.418552
756.7669172932331,80.0,20.0,Au/MOF,59.420662
757.3934837092731,80.0,20.0,Au/MOF,59.42275
758.0200501253132,80.0,20.0,Au/MOF,59.424847
758.6466165413534,80.0,20.0,Au/MOF,59.426937
759.2731829573935,80.0,20.0,Au/MOF,59.429043
759.8997493734336,80.0,20.0,Au/MOF,59.431137
760.5263157894736,80.0,20.0,Au/MOF,59.43323
761.1528822055138,80.0,20.0,Au/MOF,59.435326
761.7794486215539,80.0,20.0,Au/MOF,59.43742
762.406015037594,80.0,20.0,Au/MOF,59.439514
763.0325814536341,80.0,20.0,Au/MOF,59.441616
763.6591478696741,80.0,20.0,Au/MOF,59.443707
764.2857142857142,80.0,20.0,Au/MOF,59.445805
764.9122807017544,80.0,20.0,Au/MOF,59.447906
765.5388471177945,80.0,20.0,Au/MOF,59.449997
766.1654135338346,80.0,20.0,Au/MOF,59.4521
766.7919799498746,80.0,20.0,Au/MOF,59.454185
767.4185463659148,80.0,20.0,Au/MOF,59.45628
768.0451127819549,80.0,20.0,Au/MOF,59.45837
768.671679197995,80.0,20.0,Au/MOF,59.460476
769.2982456140351,80.0,20.0,Au/MOF,59.462566
769.9248120300751,80.0,20.0,Au/MOF,59.464664
770.5513784461152,80.0,20.0,Au/MOF,59.466656
771.1779448621554,80.0,20.0,Au/MOF,59.46857
771.8045112781955,80.0,20.0,Au/MOF,59.470497
772.4310776942356,80.0,20.0,Au/MOF,59.472416
773.0576441102756,80.0,20.0,Au/MOF,59.474335
773.6842105263158,80.0,20.0,Au/MOF,59.476254
774.3107769423559,80.0,20.0,Au/MOF,59.478172
774.937343358396,80.0,20.0,Au/MOF,59.480095
775.5639097744361,80.0,20.0,Au/MOF,59.482014
776.1904761904761,80.0,20.0,Au/MOF,59.483936
776.8170426065162,80.0,20.0,Au/MOF,59.48586
777.4436090225564,80.0,20.0,Au/MOF,59.48777
778.0701754385965,80.0,20.0,Au/MOF,59.48969
778.6967418546366,80.0,20.0,Au/MOF,59.49162
779.3233082706766,80.0,20.0,Au/MOF,59.493534
779.9498746867168,80.0,20.0,Au/MOF,59.495453
780.5764411027569,80.0,20.0,Au/MOF,59.49737
781.203007518797,80.0,20.0,Au/MOF,59.499294
781.8295739348371,80.0,20.0,Au/MOF,59.50121
782.4561403508771,80.0,20.0,Au/MOF,59.50313
783.0827067669172,80.0,20.0,Au/MOF,59.50506
783.7092731829574,80.0,20.0,Au/MOF,59.506966
784.3358395989975,80.0,20.0,Au/MOF,59.5089
784.9624060150376,80.0,20.0,Au/MOF,59.510815
785.5889724310777,80.0,20.0,Au/MOF,59.51273
786.2155388471178,80.0,20.0,Au/MOF,59.514652
786.8421052631579,80.0,20.0,Au/MOF,59.516567
787.468671679198,80.0,20.0,Au/MOF,59.51849
788.0952380952381,80.0,20.0,Au/MOF,59.520412
788.7218045112782,80.0,20.0,Au/MOF,59.522327
789.3483709273182,80.0,20.0,Au/MOF,59.524254
789.9749373433584,80.0,20.0,Au/MOF,59.52617
790.6015037593985,80.0,20.0,Au/MOF,59.528088
791.2280701754386,80.0,20.0,Au/MOF,59.530006
791.8546365914787,80.0,20.0,Au/MOF,59.531925
792.4812030075188,80.0,20.0,Au/MOF,59.533855
793.1077694235589,80.0,20.0,Au/MOF,59.535763
793.734335839599,80.0,20.0,Au/MOF,59.53769
794.3609022556391,80.0,20.0,Au/MOF,59.539608
794.9874686716792,80.0,20.0,Au/MOF,59.54153
795.6140350877192,80.0,20.0,Au/MOF,59.543446
796.2406015037594,80.0,20.0,Au/MOF,59.545364
796.8671679197995,80.0,20.0,Au/MOF,59.547287
797.4937343358396,80.0,20.0,Au/MOF,59.549206
798.1203007518797,80.0,20.0,Au/MOF,59.551132
798.7468671679198,80.0,20.0,Au/MOF,59.55305
799.3734335839599,80.0,20.0,Au/MOF,59.554966
800.0,80.0,20.0,Au/MOF,59.55689
550.0,0.0,50.0,Au/MOF,80.0
550.6265664160401,0.0,50.0,Au/MOF,80.0
551.2531328320802,0.0,50.0,Au/MOF,80.0
551.8796992481203,0.0,50.0,Au/MOF,80.0
552.5062656641604,0.0,50.0,Au/MOF,80.0
553.1328320802005,0.0,50.0,Au/MOF,80.0
553.7593984962406,0.0,50.0,Au/MOF,80.0
554.3859649122807,0.0,50.0,Au/MOF,80.0
555.0125313283208,0.0,50.0,Au/MOF,80.0
555.6390977443609,0.0,50.0,Au/MOF,80.0
556.265664160401,0.0,50.0,Au/MOF,80.0
556.8922305764411,0.0,50.0,Au/MOF,80.0
557.5187969924812,0.0,50.0,Au/MOF,80.0
558.1453634085213,0.0,50.0,Au/MOF,80.0
558.7719298245614,0.0,50.0,Au/MOF,80.0
559.3984962406015,0.0,50.0,Au/MOF,80.0
560.0250626566416,0.0,50.0,Au/MOF,80.0
560.6516290726817,0.0,50.0,Au/MOF,80.0
561.2781954887218,0.0,50.0,Au/MOF,80.0
561.9047619047619,0.0,50.0,Au/MOF,80.0
562.531328320802,0.0,50.0,Au/MOF,80.0
563.1578947368421,0.0,50.0,Au/MOF,80.0
563.7844611528822,0.0,50.0,Au/MOF,80.0
564.4110275689223,0.0,50.0,Au/MOF,80.0
565.0375939849624,0.0,50.0,Au/MOF,80.0
565.6641604010025,0.0,50.0,Au/MOF,80.0
566.2907268170426,0.0,50.0,Au/MOF,80.0
566.9172932330827,0.0,50.0,Au/MOF,80.0
567.5438596491229,0.0,50.0,Au/MOF,80.0
568.1704260651629,0.0,50.0,Au/MOF,80.0
568.796992481203,0.0,50.0,Au/MOF,80.0
569.4235588972431,0.0,50.0,Au/MOF,80.0
570.0501253132832,0.0,50.0,Au/MOF,80.0
570.6766917293234,0.0,50.0,Au/MOF,80.0
571.3032581453634,0.0,50.0,Au/MOF,80.0
571.9298245614035,0.0,50.0,Au/MOF,80.0
572.5563909774436,0.0,50.0,Au/MOF,80.0
573.1829573934837,0.0,50.0,Au/MOF,80.0
573.8095238095239,0.0,50.0,Au/MOF,80.0
574.4360902255639,0.0,50.0,Au/MOF,80.0
575.062656641604,0.0,50.0,Au/MOF,80.0
575.6892230576441,0.0,50.0,Au/MOF,80.0
576.3157894736842,0.0,50.0,Au/MOF,80.0
576.9423558897244,0.0,50.0,Au/MOF,80.0
577.5689223057644,0.0,50.0,Au/MOF,80.0
578.1954887218045,0.0,50.0,Au/MOF,80.0
578.8220551378446,0.0,50.0,Au/MOF,80.0
579.4486215538847,0.0,50.0,Au/MOF,80.0
580.0751879699249,0.0,50.0,Au/MOF,80.0
580.7017543859649,0.0,50.0,Au/MOF,80.0
581.328320802005,0.0,50.0,Au/MOF,80.0
581.9548872180451,0.0,50.0,Au/MOF,80.0
582.5814536340852,0.0,50.0,Au/MOF,80.0
583.2080200501254,0.0,50.0,Au/MOF,80.0
583.8345864661654,0.0,50.0,Au/MOF,80.0
584.4611528822055,0.0,50.0,Au/MOF,80.0
585.0877192982456,0.0,50.0,Au/MOF,80.0
585.7142857142857,0.0,50.0,Au/MOF,80.0
586.3408521303259,0.0,50.0,Au/MOF,80.0
586.9674185463659,0.0,50.0,Au/MOF,80.0
587.593984962406,0.0,50.0,Au/MOF,80.0
588.2205513784461,0.0,50.0,Au/MOF,80.0
588.8471177944862,0.0,50.0,Au/MOF,80.0
589.4736842105264,0.0,50.0,Au/MOF,80.0
590.1002506265664,0.0,50.0,Au/MOF,80.0
590.7268170426065,0.0,50.0,Au/MOF,80.0
591.3533834586466,0.0,50.0,Au/MOF,80.0
591.9799498746867,0.0,50.0,Au/MOF,80.0
592.6065162907269,0.0,50.0,Au/MOF,80.0
593.2330827067669,0.0,50.0,Au/MOF,80.0
593.859649122807,0.0,50.0,Au/MOF,80.0
594.4862155388471,0.0,50.0,Au/MOF,80.0
595.1127819548872,0.0,50.0,Au/MOF,80.0
595.7393483709274,0.0,50.0,Au/MOF,80.0
596.3659147869674,0.0,50.0,Au/MOF,80.0
596.9924812030075,0.0,50.0,Au/MOF,80.0
597.6190476190476,0.0,50.0,Au/MOF,80.0
598.2456140350877,0.0,50.0,Au/MOF,80.0
598.8721804511279,0.0,50.0,Au/MOF,80.0
599.4987468671679,0.0,50.0,Au/MOF,80.0
600.125313283208,0.0,50.0,Au/MOF,80.0
600.7518796992481,0.0,50.0,Au/MOF,80.0
601.3784461152882,0.0,50.0,Au/MOF,80.0
602.0050125313284,0.0,50.0,Au/MOF,80.0
602.6315789473684,0.0,50.0,Au/MOF,80.0
603.2581453634085,0.0,50.0,Au/MOF,80.0
603.8847117794486,0.0,50.0,Au/MOF,80.0
604.5112781954887,0.0,50.0,Au/MOF,80.0
605.1378446115289,0.0,50.0,Au/MOF,80.0
605.7644110275689,0.0,50.0,Au/MOF,80.0
606.390977443609,0.0,50.0,Au/MOF,80.0
607.0175438596491,0.0,50.0,Au/MOF,80.0
607.6441102756892,0.0,50.0,Au/MOF,80.0
608.2706766917294,0.0,50.0,Au/MOF,80.0
608.8972431077694,0.0,50.0,Au/MOF,80.0
609.5238095238095,0.0,50.0,Au/MOF,80.0
610.1503759398496,0.0,50.0,Au/MOF,80.0
610.7769423558897,0.0,50.0,Au/MOF,80.0
611.4035087719299,0.0,50.0,Au/MOF,80.0
612.0300751879699,0.0,50.0,Au/MOF,80.0
612.65664160401,0.0,50.0,Au/MOF,80.0
613.2832080200501,0.0,50.0,Au/MOF,80.0
613.9097744360902,0.0,50.0,Au/MOF,80.0
614.5363408521304,0.0,50.0,Au/MOF,80.0
615.1629072681704,0.0,50.0,Au/MOF,80.0
615.7894736842105,0.0,50.0,Au/MOF,80.0
616.4160401002506,0.0,50.0,Au/MOF,80.0
617.0426065162907,0.0,50.0,Au/MOF,80.0
617.6691729323309,0.0,50.0,Au/MOF,80.0
618.295739348371,0.0,50.0,Au/MOF,80.0
618.922305764411,0.0,50.0,Au/MOF,80.0
619.5488721804511,0.0,50.0,Au/MOF,80.0
620.1754385964912,0.0,50.0,Au/MOF,80.0
620.8020050125314,0.0,50.0,Au/MOF,80.0
621.4285714285714,0.0,50.0,Au/MOF,80.0
622.0551378446115,0.0,50.0,Au/MOF,80.0
622.6817042606516,0.0,50.0,Au/MOF,80.0
623.3082706766917,0.0,50.0,Au/MOF,80.0
623.9348370927319,0.0,50.0,Au/MOF,80.0
624.561403508772,0.0,50.0,Au/MOF,80.0
625.187969924812,0.0,50.0,Au/MOF,80.0
625.8145363408521,0.0,50.0,Au/MOF,80.0
626.4411027568922,0.0,50.0,Au/MOF,80.0
627.0676691729324,0.0,50.0,Au/MOF,80.0
627.6942355889724,0.0,50.0,Au/MOF,80.0
628.3208020050125,0.0,50.0,Au/MOF,80.0
628.9473684210526,0.0,50.0,Au/MOF,80.0
629.5739348370927,0.0,50.0,Au/MOF,80.0
630.2005012531329,0.0,50.0,Au/MOF,80.0
630.827067669173,0.0,50.0,Au/MOF,80.0
631.453634085213,0.0,50.0,Au/MOF,80.0
632.0802005012531,0.0,50.0,Au/MOF,80.0
632.7067669172932,0.0,50.0,Au/MOF,80.0
633.3333333333334,0.0,50.0,Au/MOF,80.0
633.9598997493734,0.0,50.0,Au/MOF,80.0
634.5864661654135,0.0,50.0,Au/MOF,80.0
635.2130325814536,0.0,50.0,Au/MOF,80.0
635.8395989974937,0.0,50.0,Au/MOF,80.0
636.4661654135339,0.0,50.0,Au/MOF,80.0
637.092731829574,0.0,50.0,Au/MOF,80.0
637.719298245614,0.0,50.0,Au/MOF,80.0
638.3458646616541,0.0,50.0,Au/MOF,80.0
638.9724310776942,0.0,50.0,Au/MOF,80.0
639.5989974937344,0.0,50.0,Au/MOF,80.0
640.2255639097745,0.0,50.0,Au/MOF,80.0
640.8521303258145,0.0,50.0,Au/MOF,80.0
641.4786967418546,0.0,50.0,Au/MOF,80.0
642.1052631578947,0.0,50.0,Au/MOF,80.0
642.7318295739349,0.0,50.0,Au/MOF,80.0
643.358395989975,0.0,50.0,Au/MOF,80.0
643.984962406015,0.0,50.0,Au/MOF,80.0
644.6115288220551,0.0,50.0,Au/MOF,80.0
645.2380952380952,0.0,50.0,Au/MOF,80.0
645.8646616541354,0.0,50.0,Au/MOF,80.0
646.4912280701755,0.0,50.0,Au/MOF,80.0
647.1177944862155,0.0,50.0,Au/MOF,80.0
647.7443609022556,0.0,50.0,Au/MOF,80.0
648.3709273182957,0.0,50.0,Au/MOF,80.0
648.9974937343359,0.0,50.0,Au/MOF,80.0
649.624060150376,0.0,50.0,Au/MOF,80.0
650.250626566416,0.0,50.0,Au/MOF,80.0
650.8771929824561,0.0,50.0,Au/MOF,80.0
651.5037593984962,0.0,50.0,Au/MOF,80.0
652.1303258145364,0.0,50.0,Au/MOF,80.0
652.7568922305765,0.0,50.0,Au/MOF,80.0
653.3834586466165,0.0,50.0,Au/MOF,80.0
654.0100250626566,0.0,50.0,Au/MOF,80.0
654.6365914786967,0.0,50.0,Au/MOF,80.0
655.2631578947369,0.0,50.0,Au/MOF,80.0
655.889724310777,0.0,50.0,Au/MOF,80.0
656.516290726817,0.0,50.0,Au/MOF,80.0
657.1428571428571,0.0,50.0,Au/MOF,80.0
657.7694235588972,0.0,50.0,Au/MOF,80.0
658.3959899749374,0.0,50.0,Au/MOF,80.0
659.0225563909775,0.0,50.0,Au/MOF,80.0
659.6491228070175,0.0,50.0,Au/MOF,80.0
660.2756892230576,0.0,50.0,Au/MOF,80.0
660.9022556390977,0.0,50.0,Au/MOF,80.0
661.5288220551379,0.0,50.0,Au/MOF,80.0
662.155388471178,0.0,50.0,Au/MOF,80.0
662.781954887218,0.0,50.0,Au/MOF,80.0
663.4085213032581,0.0,50.0,Au/MOF,80.0
664.0350877192982,0.0,50.0,Au/MOF,80.0
664.6616541353384,0.0,50.0,Au/MOF,80.0
665.2882205513785,0.0,50.0,Au/MOF,80.0
665.9147869674185,0.0,50.0,Au/MOF,80.0
666.5413533834586,0.0,50.0,Au/MOF,80.0
667.1679197994987,0.0,50.0,Au/MOF,80.0
667.7944862155389,0.0,50.0,Au/MOF,80.0
668.421052631579,0.0,50.0,Au/MOF,80.0
669.047619047619,0.0,50.0,Au/MOF,80.0
669.6741854636591,0.0,50.0,Au/MOF,80.0
670.3007518796992,0.0,50.0,Au/MOF,80.0
670.9273182957394,0.0,50.0,Au/MOF,80.0
671.5538847117795,0.0,50.0,Au/MOF,80.0
672.1804511278195,0.0,50.0,Au/MOF,80.0
672.8070175438596,0.0,50.0,Au/MOF,80.0
673.4335839598998,0.0,50.0,Au/MOF,80.0
674.0601503759399,0.0,50.0,Au/MOF,80.0
674.68671679198,0.0,50.0,Au/MOF,80.0
675.31328320802,0.0,50.0,Au/MOF,80.0
675.9398496240601,0.0,50.0,Au/MOF,80.0
676.5664160401002,0.0,50.0,Au/MOF,80.0
677.1929824561404,0.0,50.0,Au/MOF,80.0
677.8195488721805,0.0,50.0,Au/MOF,80.0
678.4461152882205,0.0,50.0,Au/MOF,80.0
679.0726817042606,0.0,50.0,Au/MOF,80.0
679.6992481203008,0.0,50.0,Au/MOF,80.0
680.3258145363409,0.0,50.0,Au/MOF,80.0
680.952380952381,0.0,50.0,Au/MOF,80.0
681.578947368421,0.0,50.0,Au/MOF,80.0
682.2055137844611,0.0,50.0,Au/MOF,80.0
682.8320802005012,0.0,50.0,Au/MOF,80.0
683.4586466165414,0.0,50.0,Au/MOF,80.0
684.0852130325815,0.0,50.0,Au/MOF,80.0
684.7117794486215,0.0,50.0,Au/MOF,80.0
685.3383458646616,0.0,50.0,Au/MOF,80.0
685.9649122807018,0.0,50.0,Au/MOF,80.0
686.5914786967419,0.0,50.0,Au/MOF,80.0
687.218045112782,0.0,50.0,Au/MOF,80.0
687.844611528822,0.0,50.0,Au/MOF,80.0
688.4711779448621,0.0,50.0,Au/MOF,80.0
689.0977443609022,0.0,50.0,Au/MOF,80.0
689.7243107769424,0.0,50.0,Au/MOF,80.0
690.3508771929825,0.0,50.0,Au/MOF,80.0
690.9774436090225,0.0,50.0,Au/MOF,80.0
691.6040100250626,0.0,50.0,Au/MOF,80.0
692.2305764411028,0.0,50.0,Au/MOF,80.0
692.8571428571429,0.0,50.0,Au/MOF,80.0
693.483709273183,0.0,50.0,Au/MOF,80.0
694.110275689223,0.0,50.0,Au/MOF,80.0
694.7368421052631,0.0,50.0,Au/MOF,80.0
695.3634085213032,0.0,50.0,Au/MOF,80.0
695.9899749373434,0.0,50.0,Au/MOF,80.0
696.6165413533835,0.0,50.0,Au/MOF,80.0
697.2431077694235,0.0,50.0,Au/MOF,80.0
697.8696741854636,0.0,50.0,Au/MOF,80.0
698.4962406015038,0.0,50.0,Au/MOF,80.0
699.1228070175439,0.0,50.0,Au/MOF,80.0
699.749373433584,0.0,50.0,Au/MOF,80.0
700.375939849624,0.0,50.0,Au/MOF,80.0
701.0025062656641,0.0,50.0,Au/MOF,80.0
701.6290726817042,0.0,50.0,Au/MOF,80.0
702.2556390977444,0.0,50.0,Au/MOF,80.0
702.8822055137845,0.0,50.0,Au/MOF,80.0
703.5087719298245,0.0,50.0,Au/MOF,80.0
704.1353383458646,0.0,50.0,Au/MOF,80.0
704.7619047619048,0.0,50.0,Au/MOF,80.0
705.3884711779449,0.0,50.0,Au/MOF,80.0
706.015037593985,0.0,50.0,Au/MOF,80.0
706.641604010025,0.0,50.0,Au/MOF,80.0
707.2681704260651,0.0,50.0,Au/MOF,80.0
707.8947368421052,0.0,50.0,Au/MOF,80.0
708.5213032581454,0.0,50.0,Au/MOF,80.0
709.1478696741855,0.0,50.0,Au/MOF,79.99454
709.7744360902255,0.0,50.0,Au/MOF,79.98462
710.4010025062656,0.0,50.0,Au/MOF,79.97469
711.0275689223058,0.0,50.0,Au/MOF,79.96561
711.6541353383459,0.0,50.0,Au/MOF,79.95729
712.280701754386,0.0,50.0,Au/MOF,79.948975
712.907268170426,0.0,50.0,Au/MOF,79.94065
713.5338345864661,0.0,50.0,Au/MOF,79.932335
714.1604010025062,0.0,50.0,Au/MOF,79.92401
714.7869674185464,0.0,50.0,Au/MOF,79.915695
715.4135338345865,0.0,50.0,Au/MOF,79.90737
716.0401002506266,0.0,50.0,Au/MOF,79.89906
716.6666666666666,0.0,50.0,Au/MOF,79.89075
717.2932330827068,0.0,50.0,Au/MOF,79.882416
717.9197994987469,0.0,50.0,Au/MOF,79.87409
718.546365914787,0.0,50.0,Au/MOF,79.86578
719.172932330827,0.0,50.0,Au/MOF,79.85747
719.7994987468671,0.0,50.0,Au/MOF,79.84914
720.4260651629072,0.0,50.0,Au/MOF,79.84083
721.0526315789474,0.0,50.0,Au/MOF,79.832504
721.6791979949875,0.0,50.0,Au/MOF,79.82417
722.3057644110276,0.0,50.0,Au/MOF,79.81586
722.9323308270676,0.0,50.0,Au/MOF,79.80754
723.5588972431078,0.0,50.0,Au/MOF,79.799225
724.1854636591479,0.0,50.0,Au/MOF,79.7909
724.812030075188,0.0,50.0,Au/MOF,79.782585
725.438596491228,0.0,50.0,Au/MOF,79.77427
726.0651629072681,0.0,50.0,Au/MOF,79.76595
726.6917293233082,0.0,50.0,Au/MOF,79.75763
727.3182957393484,0.0,50.0,Au/MOF,79.74931
727.9448621553885,0.0,50.0,Au/MOF,79.74099
728.5714285714286,0.0,50.0,Au/MOF,79.73267
729.1979949874686,0.0,50.0,Au/MOF,79.72435
729.8245614035088,0.0,50.0,Au/MOF,79.716034
730.4511278195489,0.0,50.0,Au/MOF,79.70772
731.077694235589,0.0,50.0,Au/MOF,79.699394
731.704260651629,0.0,50.0,Au/MOF,79.69107
732.3308270676691,0.0,50.0,Au/MOF,79.682755
732.9573934837092,0.0,50.0,Au/MOF,79.67444
733.5839598997494,0.0,50.0,Au/MOF,79.66735
734.2105263157895,0.0,50.0,Au/MOF,79.66054
734.8370927318296,0.0,50.0,Au/MOF,79.65373
735.4636591478696,0.0,50.0,Au/MOF,79.64693
736.0902255639098,0.0,50.0,Au/MOF,79.640114
736.7167919799499,0.0,50.0,Au/MOF,79.63331
737.34335839599,0.0,50.0,Au/MOF,79.626495
737.9699248120301,0.0,50.0,Au/MOF,79.61969
738.5964912280701,0.0,50.0,Au/MOF,79.61287
739.2230576441102,0.0,50.0,Au/MOF,79.606064
739.8496240601504,0.0,50.0,Au/MOF,79.59926
740.4761904761905,0.0,50.0,Au/MOF,79.59245
741.1027568922306,0.0,50.0,Au/MOF,79.58564
741.7293233082706,0.0,50.0,Au/MOF,79.578835
742.3558897243108,0.0,50.0,Au/MOF,79.57202
742.9824561403509,0.0,50.0,Au/MOF,79.56521
743.609022556391,0.0,50.0,Au/MOF,79.558395
744.2355889724311,0.0,50.0,Au/MOF,79.55159
744.8621553884711,0.0,50.0,Au/MOF,79.54478
745.4887218045112,0.0,50.0,Au/MOF,79.53797
746.1152882205514,0.0,50.0,Au/MOF,79.53116
746.7418546365915,0.0,50.0,Au/MOF,79.524345
747.3684210526316,0.0,50.0,Au/MOF,79.51753
747.9949874686716,0.0,50.0,Au/MOF,79.51073
748.6215538847118,0.0,50.0,Au/MOF,79.50392
749.2481203007519,0.0,50.0,Au/MOF,79.4971
749.874686716792,0.0,50.0,Au/MOF,79.490295
750.5012531328321,0.0,50.0,Au/MOF,79.48348
751.1278195488721,0.0,50.0,Au/MOF,79.476685
751.7543859649122,0.0,50.0,Au/MOF,79.469864
752.3809523809524,0.0,50.0,Au/MOF,79.46306
753.0075187969925,0.0,50.0,Au/MOF,79.45625
753.6340852130326,0.0,50.0,Au/MOF,79.44943
754.2606516290726,0.0,50.0,Au/MOF,79.44263
754.8872180451128,0.0,50.0,Au/MOF,79.43582
755.5137844611529,0.0,50.0,Au/MOF,79.42901
756.140350877193,0.0,50.0,Au/MOF,79.422195
756.7669172932331,0.0,50.0,Au/MOF,79.41539
757.3934837092731,0.0,50.0,Au/MOF,79.40858
758.0200501253132,0.0,50.0,Au/MOF,79.401764
758.6466165413534,0.0,50.0,Au/MOF,79.39496
759.2731829573935,0.0,50.0,Au/MOF,79.388145
759.8997493734336,0.0,50.0,Au/MOF,79.38133
760.5263157894736,0.0,50.0,Au/MOF,79.37453
761.1528822055138,0.0,50.0,Au/MOF,79.36772
761.7794486215539,0.0,50.0,Au/MOF,79.360916
762.406015037594,0.0,50.0,Au/MOF,79.354095
763.0325814536341,0.0,50.0,Au/MOF,79.34729
763.6591478696741,0.0,50.0,Au/MOF,79.34048
764.2857142857142,0.0,50.0,Au/MOF,79.333664
764.9122807017544,0.0,50.0,Au/MOF,79.32685
765.5388471177945,0.0,50.0,Au/MOF,79.32005
766.1654135338346,0.0,50.0,Au/MOF,79.31231
766.7919799498746,0.0,50.0,Au/MOF,79.30447
767.4185463659148,0.0,50.0,Au/MOF,79.296616
768.0451127819549,0.0,50.0,Au/MOF,79.28876
768.671679197995,0.0,50.0,Au/MOF,79.28091
769.2982456140351,0.0,50.0,Au/MOF,79.273056
769.9248120300751,0.0,50.0,Au/MOF,79.265205
770.5513784461152,0.0,50.0,Au/MOF,79.257355
771.1779448621554,0.0,50.0,Au/MOF,79.249504
771.8045112781955,0.0,50.0,Au/MOF,79.24165
772.4310776942356,0.0,50.0,Au/MOF,79.2338
773.0576441102756,0.0,50.0,Au/MOF,79.225945
773.6842105263158,0.0,50.0,Au/MOF,79.218094
774.3107769423559,0.0,50.0,Au/MOF,79.21025
774.937343358396,0.0,50.0,Au/MOF,79.20239
775.5639097744361,0.0,50.0,Au/MOF,79.19455
776.1904761904761,0.0,50.0,Au/MOF,79.1867
776.8170426065162,0.0,50.0,Au/MOF,79.17883
777.4436090225564,0.0,50.0,Au/MOF,79.17098
778.0701754385965,0.0,50.0,Au/MOF,79.16314
778.6967418546366,0.0,50.0,Au/MOF,79.15528
779.3233082706766,0.0,50.0,Au/MOF,79.14743
779.9498746867168,0.0,50.0,Au/MOF,79.13958
780.5764411027569,0.0,50.0,Au/MOF,79.13173
781.203007518797,0.0,50.0,Au/MOF,79.123886
781.8295739348371,0.0,50.0,Au/MOF,79.11603
782.4561403508771,0.0,50.0,Au/MOF,79.10818
783.0827067669172,0.0,50.0,Au/MOF,79.10033
783.7092731829574,0.0,50.0,Au/MOF,79.09247
784.3358395989975,0.0,50.0,Au/MOF,79.084625
784.9624060150376,0.0,50.0,Au/MOF,79.076775
785.5889724310777,0.0,50.0,Au/MOF,79.068924
786.2155388471178,0.0,50.0,Au/MOF,79.06106
786.8421052631579,0.0,50.0,Au/MOF,79.05322
787.468671679198,0.0,50.0,Au/MOF,79.045364
788.0952380952381,0.0,50.0,Au/MOF,79.03751
788.7218045112782,0.0,50.0,Au/MOF,79.02966
789.3483709273182,0.0,50.0,Au/MOF,79.021805
789.9749373433584,0.0,50.0,Au/MOF,79.013954
790.6015037593985,0.0,50.0,Au/MOF,79.0061
791.2280701754386,0.0,50.0,Au/MOF,78.99825
791.8546365914787,0.0,50.0,Au/MOF,78.9904
792.4812030075188,0.0,50.0,Au/MOF,78.982544
793.1077694235589,0.0,50.0,Au/MOF,78.9747
793.734335839599,0.0,50.0,Au/MOF,78.96684
794.3609022556391,0.0,50.0,Au/MOF,78.959
794.9874686716792,0.0,50.0,Au/MOF,78.95114
795.6140350877192,0.0,50.0,Au/MOF,78.94329
796.2406015037594,0.0,50.0,Au/MOF,78.93544
796.8671679197995,0.0,50.0,Au/MOF,78.92759
797.4937343358396,0.0,50.0,Au/MOF,78.91975
798.1203007518797,0.0,50.0,Au/MOF,78.91188
798.7468671679198,0.0,50.0,Au/MOF,78.90404
799.3734335839599,0.0,50.0,Au/MOF,78.89618
800.0,0.0,50.0,Au/MOF,78.888336
550.0,20.0,50.0,Au/MOF,80.0
550.6265664160401,20.0,50.0,Au/MOF,80.0
551.2531328320802,20.0,50.0,Au/MOF,80.0
551.8796992481203,20.0,50.0,Au/MOF,80.0
552.5062656641604,20.0,50.0,Au/MOF,80.0
553.1328320802005,20.0,50.0,Au/MOF,80.0
553.7593984962406,20.0,50.0,Au/MOF,80.0
554.3859649122807,20.0,50.0,Au/MOF,80.0
555.0125313283208,20.0,50.0,Au/MOF,80.0
555.6390977443609,20.0,50.0,Au/MOF,80.0
556.265664160401,20.0,50.0,Au/MOF,80.0
556.8922305764411,20.0,50.0,Au/MOF,80.0
557.5187969924812,20.0,50.0,Au/MOF,80.0
558.1453634085213,20.0,50.0,Au/MOF,80.0
558.7719298245614,20.0,50.0,Au/MOF,80.0
559.3984962406015,20.0,50.0,Au/MOF,80.0
560.0250626566416,20.0,50.0,Au/MOF,80.0
560.6516290726817,20.0,50.0,Au/MOF,80.0
561.2781954887218,20.0,50.0,Au/MOF,80.0
561.9047619047619,20.0,50.0,Au/MOF,80.0
562.531328320802,20.0,50.0,Au/MOF,80.0
563.1578947368421,20.0,50.0,Au/MOF,80.0
563.7844611528822,20.0,50.0,Au/MOF,80.0
564.4110275689223,20.0,50.0,Au/MOF,80.0
565.0375939849624,20.0,50.0,Au/MOF,80.0
565.6641604010025,20.0,50.0,Au/MOF,80.0
566.2907268170426,20.0,50.0,Au/MOF,80.0
566.9172932330827,20.0,50.0,Au/MOF,80.0
567.5438596491229,20.0,50.0,Au/MOF,80.0
568.1704260651629,20.0,50.0,Au/MOF,80.0
568.796992481203,20.0,50.0,Au/MOF,80.0
569.4235588972431,20.0,50.0,Au/MOF,80.0
570.0501253132832,20.0,50.0,Au/MOF,80.0
570.6766917293234,20.0,50.0,Au/MOF,80.0
571.3032581453634,20.0,50.0,Au/MOF,80.0
571.9298245614035,20.0,50.0,Au/MOF,80.0
572.5563909774436,20.0,50.0,Au/MOF,80.0
573.1829573934837,20.0,50.0,Au/MOF,80.0
573.8095238095239,20.0,50.0,Au/MOF,80.0
574.4360902255639,20.0,50.0,Au/MOF,80.0
575.062656641604,20.0,50.0,Au/MOF,80.0
575.6892230576441,20.0,50.0,Au/MOF,80.0
576.3157894736842,20.0,50.0,Au/MOF,80.0
576.9423558897244,20.0,50.0,Au/MOF,80.0
577.5689223057644,20.0,50.0,Au/MOF,80.0
578.1954887218045,20.0,50.0,Au/MOF,80.0
578.8220551378446,20.0,50.0,Au/MOF,80.0
579.4486215538847,20.0,50.0,Au/MOF,80.0
580.0751879699249,20.0,50.0,Au/MOF,80.0
580.7017543859649,20.0,50.0,Au/MOF,80.0
581.328320802005,20.0,50.0,Au/MOF,80.0
581.9548872180451,20.0,50.0,Au/MOF,80.0
582.5814536340852,20.0,50.0,Au/MOF,80.0
583.2080200501254,20.0,50.0,Au/MOF,80.0
583.8345864661654,20.0,50.0,Au/MOF,80.0
584.4611528822055,20.0,50.0,Au/MOF,80.0
585.0877192982456,20.0,50.0,Au/MOF,80.0
585.7142857142857,20.0,50.0,Au/MOF,80.0
586.3408521303259,20.0,50.0,Au/MOF,80.0
586.9674185463659,20.0,50.0,Au/MOF,80.0
587.593984962406,20.0,50.0,Au/MOF,80.0
588.2205513784461,20.0,50.0,Au/MOF,80.0
588.8471177944862,20.0,50.0,Au/MOF,80.0
589.4736842105264,20.0,50.0,Au/MOF,80.0
590.1002506265664,20.0,50.0,Au/MOF,80.0
590.7268170426065,20.0,50.0,Au/MOF,80.0
591.3533834586466,20.0,50.0,Au/MOF,80.0
591.9799498746867,20.0,50.0,Au/MOF,80.0
592.6065162907269,20.0,50.0,Au/MOF,80.0
593.2330827067669,20.0,50.0,Au/MOF,80.0
593.859649122807,20.0,50.0,Au/MOF,80.0
594.4862155388471,20.0,50.0,Au/MOF,80.0
595.1127819548872,20.0,50.0,Au/MOF,80.0
595.7393483709274,20.0,50.0,Au/MOF,80.0
596.3659147869674,20.0,50.0,Au/MOF,80.0
596.9924812030075,20.0,50.0,Au/MOF,80.0
597.6190476190476,20.0,50.0,Au/MOF,80.0
598.2456140350877,20.0,50.0,Au/MOF,80.0
598.8721804511279,20.0,50.0,Au/MOF,80.0
599.4987468671679,20.0,50.0,Au/MOF,80.0
600.125313283208,20.0,50.0,Au/MOF,80.0
600.7518796992481,20.0,50.0,Au/MOF,80.0
601.3784461152882,20.0,50.0,Au/MOF,80.0
602.0050125313284,20.0,50.0,Au/MOF,80.0
602.6315789473684,20.0,50.0,Au/MOF,80.0
603.2581453634085,20.0,50.0,Au/MOF,80.0
603.8847117794486,20.0,50.0,Au/MOF,80.0
604.5112781954887,20.0,50.0,Au/MOF,80.0
605.1378446115289,20.0,50.0,Au/MOF,80.0
605.7644110275689,20.0,50.0,Au/MOF,80.0
606.390977443609,20.0,50.0,Au/MOF,80.0
607.0175438596491,20.0,50.0,Au/MOF,80.0
607.6441102756892,20.0,50.0,Au/MOF,80.0
608.2706766917294,20.0,50.0,Au/MOF,80.0
608.8972431077694,20.0,50.0,Au/MOF,80.0
609.5238095238095,20.0,50.0,Au/MOF,80.0
610.1503759398496,20.0,50.0,Au/MOF,80.0
610.7769423558897,20.0,50.0,Au/MOF,80.0
611.4035087719299,20.0,50.0,Au/MOF,80.0
612.0300751879699,20.0,50.0,Au/MOF,80.0
612.65664160401,20.0,50.0,Au/MOF,80.0
613.2832080200501,20.0,50.0,Au/MOF,80.0
613.9097744360902,20.0,50.0,Au/MOF,80.0
614.5363408521304,20.0,50.0,Au/MOF,80.0
615.1629072681704,20.0,50.0,Au/MOF,80.0
615.7894736842105,20.0,50.0,Au/MOF,80.0
616.4160401002506,20.0,50.0,Au/MOF,80.0
617.0426065162907,20.0,50.0,Au/MOF,80.0
617.6691729323309,20.0,50.0,Au/MOF,80.0
618.295739348371,20.0,50.0,Au/MOF,80.0
618.922305764411,20.0,50.0,Au/MOF,80.0
619.5488721804511,20.0,50.0,Au/MOF,80.0
620.1754385964912,20.0,50.0,Au/MOF,80.0
620.8020050125314,20.0,50.0,Au/MOF,80.0
621.4285714285714,20.0,50.0,Au/MOF,80.0
622.0551378446115,20.0,50.0,Au/MOF,80.0
622.6817042606516,20.0,50.0,Au/MOF,80.0
623.3082706766917,20.0,50.0,Au/MOF,80.0
623.9348370927319,20.0,50.0,Au/MOF,80.0
624.561403508772,20.0,50.0,Au/MOF,80.0
625.187969924812,20.0,50.0,Au/MOF,80.0
625.8145363408521,20.0,50.0,Au/MOF,80.0
626.4411027568922,20.0,50.0,Au/MOF,80.0
627.0676691729324,20.0,50.0,Au/MOF,80.0
627.6942355889724,20.0,50.0,Au/MOF,80.0
628.3208020050125,20.0,50.0,Au/MOF,80.0
628.9473684210526,20.0,50.0,Au/MOF,80.0
629.5739348370927,20.0,50.0,Au/MOF,80.0
630.2005012531329,20.0,50.0,Au/MOF,80.0
630.827067669173,20.0,50.0,Au/MOF,80.0
631.453634085213,20.0,50.0,Au/MOF,80.0
632.0802005012531,20.0,50.0,Au/MOF,80.0
632.7067669172932,20.0,50.0,Au/MOF,80.0
633.3333333333334,20.0,50.0,Au/MOF,80.0
633.9598997493734,20.0,50.0,Au/MOF,80.0
634.5864661654135,20.0,50.0,Au/MOF,80.0
635.2130325814536,20.0,50.0,Au/MOF,80.0
635.8395989974937,20.0,50.0,Au/MOF,80.0
636.4661654135339,20.0,50.0,Au/MOF,80.0
637.092731829574,20.0,50.0,Au/MOF,80.0
637.719298245614,20.0,50.0,Au/MOF,80.0
638.3458646616541,20.0,50.0,Au/MOF,80.0
638.9724310776942,20.0,50.0,Au/MOF,80.0
639.5989974937344,20.0,50.0,Au/MOF,80.0
640.2255639097745,20.0,50.0,Au/MOF,80.0
640.8521303258145,20.0,50.0,Au/MOF,80.0
641.4786967418546,20.0,50.0,Au/MOF,80.0
642.1052631578947,20.0,50.0,Au/MOF,80.0
642.7318295739349,20.0,50.0,Au/MOF,80.0
643.358395989975,20.0,50.0,Au/MOF,80.0
643.984962406015,20.0,50.0,Au/MOF,80.0
644.6115288220551,20.0,50.0,Au/MOF,80.0
645.2380952380952,20.0,50.0,Au/MOF,80.0
645.8646616541354,20.0,50.0,Au/MOF,80.0
646.4912280701755,20.0,50.0,Au/MOF,80.0
647.1177944862155,20.0,50.0,Au/MOF,80.0
647.7443609022556,20.0,50.0,Au/MOF,80.0
648.3709273182957,20.0,50.0,Au/MOF,80.0
648.9974937343359,20.0,50.0,Au/MOF,80.0
649.624060150376,20.0,50.0,Au/MOF,80.0
650.250626566416,20.0,50.0,Au/MOF,80.0
650.8771929824561,20.0,50.0,Au/MOF,80.0
651.5037593984962,20.0,50.0,Au/MOF,80.0
652.1303258145364,20.0,50.0,Au/MOF,80.0
652.7568922305765,20.0,50.0,Au/MOF,80.0
653.3834586466165,20.0,50.0,Au/MOF,80.0
654.0100250626566,20.0,50.0,Au/MOF,80.0
654.6365914786967,20.0,50.0,Au/MOF,80.0
655.2631578947369,20.0,50.0,Au/MOF,80.0
655.889724310777,20.0,50.0,Au/MOF,80.0
656.516290726817,20.0,50.0,Au/MOF,80.0
657.1428571428571,20.0,50.0,Au/MOF,80.0
657.7694235588972,20.0,50.0,Au/MOF,80.0
658.3959899749374,20.0,50.0,Au/MOF,80.0
659.0225563909775,20.0,50.0,Au/MOF,80.0
659.6491228070175,20.0,50.0,Au/MOF,80.0
660.2756892230576,20.0,50.0,Au/MOF,80.0
660.9022556390977,20.0,50.0,Au/MOF,80.0
661.5288220551379,20.0,50.0,Au/MOF,80.0
662.155388471178,20.0,50.0,Au/MOF,80.0
662.781954887218,20.0,50.0,Au/MOF,80.0
663.4085213032581,20.0,50.0,Au/MOF,80.0
664.0350877192982,20.0,50.0,Au/MOF,80.0
664.6616541353384,20.0,50.0,Au/MOF,80.0
665.2882205513785,20.0,50.0,Au/MOF,80.0
665.9147869674185,20.0,50.0,Au/MOF,80.0
666.5413533834586,20.0,50.0,Au/MOF,80.0
667.1679197994987,20.0,50.0,Au/MOF,80.0
667.7944862155389,20.0,50.0,Au/MOF,80.0
668.421052631579,20.0,50.0,Au/MOF,80.0
669.047619047619,20.0,50.0,Au/MOF,80.0
669.6741854636591,20.0,50.0,Au/MOF,80.0
670.3007518796992,20.0,50.0,Au/MOF,80.0
670.9273182957394,20.0,50.0,Au/MOF,80.0
671.5538847117795,20.0,50.0,Au/MOF,80.0
672.1804511278195,20.0,50.0,Au/MOF,80.0
672.8070175438596,20.0,50.0,Au/MOF,80.0
673.4335839598998,20.0,50.0,Au/MOF,80.0
674.0601503759399,20.0,50.0,Au/MOF,80.0
674.68671679198,20.0,50.0,Au/MOF,80.0
675.31328320802,20.0,50.0,Au/MOF,80.0
675.9398496240601,20.0,50.0,Au/MOF,80.0
676.5664160401002,20.0,50.0,Au/MOF,80.0
677.1929824561404,20.0,50.0,Au/MOF,80.0
677.8195488721805,20.0,50.0,Au/MOF,80.0
678.4461152882205,20.0,50.0,Au/MOF,80.0
679.0726817042606,20.0,50.0,Au/MOF,80.0
679.6992481203008,20.0,50.0,Au/MOF,80.0
680.3258145363409,20.0,50.0,Au/MOF,80.0
680.952380952381,20.0,50.0,Au/MOF,80.0
681.578947368421,20.0,50.0,Au/MOF,80.0
682.2055137844611,20.0,50.0,Au/MOF,80.0
682.8320802005012,20.0,50.0,Au/MOF,80.0
683.4586466165414,20.0,50.0,Au/MOF,80.0
684.0852130325815,20.0,50.0,Au/MOF,80.0
684.7117794486215,20.0,50.0,Au/MOF,80.0
685.3383458646616,20.0,50.0,Au/MOF,80.0
685.9649122807018,20.0,50.0,Au/MOF,80.0
686.5914786967419,20.0,50.0,Au/MOF,80.0
687.218045112782,20.0,50.0,Au/MOF,80.0
687.844611528822,20.0,50.0,Au/MOF,80.0
688.4711779448621,20.0,50.0,Au/MOF,80.0
689.0977443609022,20.0,50.0,Au/MOF,80.0
689.7243107769424,20.0,50.0,Au/MOF,80.0
690.3508771929825,20.0,50.0,Au/MOF,80.0
690.9774436090225,20.0,50.0,Au/MOF,80.0
691.6040100250626,20.0,50.0,Au/MOF,80.0
692.2305764411028,20.0,50.0,Au/MOF,80.0
692.8571428571429,20.0,50.0,Au/MOF,80.0
693.483709273183,20.0,50.0,Au/MOF,80.0
694.110275689223,20.0,50.0,Au/MOF,80.0
694.7368421052631,20.0,50.0,Au/MOF,80.0
695.3634085213032,20.0,50.0,Au/MOF,80.0
695.9899749373434,20.0,50.0,Au/MOF,80.0
696.6165413533835,20.0,50.0,Au/MOF,80.0
697.2431077694235,20.0,50.0,Au/MOF,80.0
697.8696741854636,20.0,50.0,Au/MOF,80.0
698.4962406015038,20.0,50.0,Au/MOF,80.0
699.1228070175439,20.0,50.0,Au/MOF,80.0
699.749373433584,20.0,50.0,Au/MOF,80.0
700.375939849624,20.0,50.0,Au/MOF,80.0
701.0025062656641,20.0,50.0,Au/MOF,80.0
701.6290726817042,20.0,50.0,Au/MOF,80.0
702.2556390977444,20.0,50.0,Au/MOF,80.0
702.8822055137845,20.0,50.0,Au/MOF,80.0
703.5087719298245,20.0,50.0,Au/MOF,80.0
704.1353383458646,20.0,50.0,Au/MOF,80.0
704.7619047619048,20.0,50.0,Au/MOF,80.0
705.3884711779449,20.0,50.0,Au/MOF,80.0
706.015037593985,20.0,50.0,Au/MOF,80.0
706.641604010025,20.0,50.0,Au/MOF,80.0
707.2681704260651,20.0,50.0,Au/MOF,80.0
707.8947368421052,20.0,50.0,Au/MOF,80.0
708.5213032581454,20.0,50.0,Au/MOF,80.0
709.1478696741855,20.0,50.0,Au/MOF,80.0
709.7744360902255,20.0,50.0,Au/MOF,80.0
710.4010025062656,20.0,50.0,Au/MOF,80.0
711.0275689223058,20.0,50.0,Au/MOF,80.0
711.6541353383459,20.0,50.0,Au/MOF,80.0
712.280701754386,20.0,50.0,Au/MOF,80.0
712.907268170426,20.0,50.0,Au/MOF,80.0
713.5338345864661,20.0,50.0,Au/MOF,80.0
714.1604010025062,20.0,50.0,Au/MOF,80.0
714.7869674185464,20.0,50.0,Au/MOF,80.0
715.4135338345865,20.0,50.0,Au/MOF,80.0
716.0401002506266,20.0,50.0,Au/MOF,80.0
716.6666666666666,20.0,50.0,Au/MOF,80.0
717.2932330827068,20.0,50.0,Au/MOF,80.0
717.9197994987469,20.0,50.0,Au/MOF,80.0
718.546365914787,20.0,50.0,Au/MOF,80.0
719.172932330827,20.0,50.0,Au/MOF,80.0
719.7994987468671,20.0,50.0,Au/MOF,80.0
720.4260651629072,20.0,50.0,Au/MOF,80.0
721.0526315789474,20.0,50.0,Au/MOF,80.0
721.6791979949875,20.0,50.0,Au/MOF,80.0
722.3057644110276,20.0,50.0,Au/MOF,80.0
722.9323308270676,20.0,50.0,Au/MOF,80.0
723.5588972431078,20.0,50.0,Au/MOF,80.0
724.1854636591479,20.0,50.0,Au/MOF,80.0
724.812030075188,20.0,50.0,Au/MOF,80.0
725.438596491228,20.0,50.0,Au/MOF,80.0
726.0651629072681,20.0,50.0,Au/MOF,80.0
726.6917293233082,20.0,50.0,Au/MOF,80.0
727.3182957393484,20.0,50.0,Au/MOF,80.0
727.9448621553885,20.0,50.0,Au/MOF,80.0
728.5714285714286,20.0,50.0,Au/MOF,80.0
729.1979949874686,20.0,50.0,Au/MOF,80.0
729.8245614035088,20.0,50.0,Au/MOF,80.0
730.4511278195489,20.0,50.0,Au/MOF,80.0
731.077694235589,20.0,50.0,Au/MOF,80.0
731.704260651629,20.0,50.0,Au/MOF,80.0
732.3308270676691,20.0,50.0,Au/MOF,80.0
732.9573934837092,20.0,50.0,Au/MOF,80.0
733.5839598997494,20.0,50.0,Au/MOF,80.0
734.2105263157895,20.0,50.0,Au/MOF,80.0
734.8370927318296,20.0,50.0,Au/MOF,80.0
735.4636591478696,20.0,50.0,Au/MOF,80.0
736.0902255639098,20.0,50.0,Au/MOF,80.0
736.7167919799499,20.0,50.0,Au/MOF,80.0
737.34335839599,20.0,50.0,Au/MOF,80.0
737.9699248120301,20.0,50.0,Au/MOF,80.0
738.5964912280701,20.0,50.0,Au/MOF,80.0
739.2230576441102,20.0,50.0,Au/MOF,80.0
739.8496240601504,20.0,50.0,Au/MOF,80.0
740.4761904761905,20.0,50.0,Au/MOF,80.0
741.1027568922306,20.0,50.0,Au/MOF,80.0
741.7293233082706,20.0,50.0,Au/MOF,80.0
742.3558897243108,20.0,50.0,Au/MOF,80.0
742.9824561403509,20.0,50.0,Au/MOF,80.0
743.609022556391,20.0,50.0,Au/MOF,80.0
744.2355889724311,20.0,50.0,Au/MOF,80.0
744.8621553884711,20.0,50.0,Au/MOF,80.0
745.4887218045112,20.0,50.0,Au/MOF,80.0
746.1152882205514,20.0,50.0,Au/MOF,80.0
746.7418546365915,20.0,50.0,Au/MOF,80.0
747.3684210526316,20.0,50.0,Au/MOF,80.0
747.9949874686716,20.0,50.0,Au/MOF,80.0
748.6215538847118,20.0,50.0,Au/MOF,80.0
749.2481203007519,20.0,50.0,Au/MOF,80.0
749.874686716792,20.0,50.0,Au/MOF,80.0
750.5012531328321,20.0,50.0,Au/MOF,80.0
751.1278195488721,20.0,50.0,Au/MOF,80.0
751.7543859649122,20.0,50.0,Au/MOF,80.0
752.3809523809524,20.0,50.0,Au/MOF,80.0
753.0075187969925,20.0,50.0,Au/MOF,80.0
753.6340852130326,20.0,50.0,Au/MOF,80.0
754.2606516290726,20.0,50.0,Au/MOF,80.0
754.8872180451128,20.0,50.0,Au/MOF,80.0
755.5137844611529,20.0,50.0,Au/MOF,80.0
756.140350877193,20.0,50.0,Au/MOF,80.0
756.7669172932331,20.0,50.0,Au/MOF,80.0
757.3934837092731,20.0,50.0,Au/MOF,80.0
758.0200501253132,20.0,50.0,Au/MOF,80.0
758.6466165413534,20.0,50.0,Au/MOF,80.0
759.2731829573935,20.0,50.0,Au/MOF,80.0
759.8997493734336,20.0,50.0,Au/MOF,80.0
760.5263157894736,20.0,50.0,Au/MOF,80.0
761.1528822055138,20.0,50.0,Au/MOF,80.0
761.7794486215539,20.0,50.0,Au/MOF,80.0
762.406015037594,20.0,50.0,Au/MOF,80.0
763.0325814536341,20.0,50.0,Au/MOF,80.0
763.6591478696741,20.0,50.0,Au/MOF,80.0
764.2857142857142,20.0,50.0,Au/MOF,80.0
764.9122807017544,20.0,50.0,Au/MOF,80.0
765.5388471177945,20.0,50.0,Au/MOF,80.0
766.1654135338346,20.0,50.0,Au/MOF,80.0
766.7919799498746,20.0,50.0,Au/MOF,80.0
767.4185463659148,20.0,50.0,Au/MOF,80.0
768.0451127819549,20.0,50.0,Au/MOF,80.0
768.671679197995,20.0,50.0,Au/MOF,80.0
769.2982456140351,20.0,50.0,Au/MOF,80.0
769.9248120300751,20.0,50.0,Au/MOF,80.0
770.5513784461152,20.0,50.0,Au/MOF,80.0
771.1779448621554,20.0,50.0,Au/MOF,80.0
771.8045112781955,20.0,50.0,Au/MOF,80.0
772.4310776942356,20.0,50.0,Au/MOF,80.0
773.0576441102756,20.0,50.0,Au/MOF,80.0
773.6842105263158,20.0,50.0,Au/MOF,80.0
774.3107769423559,20.0,50.0,Au/MOF,80.0
774.937343358396,20.0,50.0,Au/MOF,80.0
775.5639097744361,20.0,50.0,Au/MOF,80.0
776.1904761904761,20.0,50.0,Au/MOF,80.0
776.8170426065162,20.0,50.0,Au/MOF,80.0
777.4436090225564,20.0,50.0,Au/MOF,80.0
778.0701754385965,20.0,50.0,Au/MOF,80.0
778.6967418546366,20.0,50.0,Au/MOF,80.0
779.3233082706766,20.0,50.0,Au/MOF,80.0
779.9498746867168,20.0,50.0,Au/MOF,80.0
780.5764411027569,20.0,50.0,Au/MOF,80.0
781.203007518797,20.0,50.0,Au/MOF,80.0
781.8295739348371,20.0,50.0,Au/MOF,80.0
782.4561403508771,20.0,50.0,Au/MOF,80.0
783.0827067669172,20.0,50.0,Au/MOF,80.0
783.7092731829574,20.0,50.0,Au/MOF,80.0
784.3358395989975,20.0,50.0,Au/MOF,80.0
784.9624060150376,20.0,50.0,Au/MOF,80.0
785.5889724310777,20.0,50.0,Au/MOF,80.0
786.2155388471178,20.0,50.0,Au/MOF,80.0
786.8421052631579,20.0,50.0,Au/MOF,80.0
787.468671679198,20.0,50.0,Au/MOF,80.0
788.0952380952381,20.0,50.0,Au/MOF,80.0
788.7218045112782,20.0,50.0,Au/MOF,80.0
789.3483709273182,20.0,50.0,Au/MOF,80.0
789.9749373433584,20.0,50.0,Au/MOF,80.0
790.6015037593985,20.0,50.0,Au/MOF,80.0
791.2280701754386,20.0,50.0,Au/MOF,80.0
791.8546365914787,20.0,50.0,Au/MOF,80.0
792.4812030075188,20.0,50.0,Au/MOF,80.0
793.1077694235589,20.0,50.0,Au/MOF,80.0
793.734335839599,20.0,50.0,Au/MOF,80.0
794.3609022556391,20.0,50.0,Au/MOF,80.0
794.9874686716792,20.0,50.0,Au/MOF,80.0
795.6140350877192,20.0,50.0,Au/MOF,80.0
796.2406015037594,20.0,50.0,Au/MOF,80.0
796.8671679197995,20.0,50.0,Au/MOF,80.0
797.4937343358396,20.0,50.0,Au/MOF,80.0
798.1203007518797,20.0,50.0,Au/MOF,80.0
798.7468671679198,20.0,50.0,Au/MOF,80.0
799.3734335839599,20.0,50.0,Au/MOF,80.0
800.0,20.0,50.0,Au/MOF,80.0
550.0,40.0,50.0,Au/MOF,80.0
550.6265664160401,40.0,50.0,Au/MOF,80.0
551.2531328320802,40.0,50.0,Au/MOF,80.0
551.8796992481203,40.0,50.0,Au/MOF,80.0
552.5062656641604,40.0,50.0,Au/MOF,80.0
553.1328320802005,40.0,50.0,Au/MOF,80.0
553.7593984962406,40.0,50.0,Au/MOF,80.0
554.3859649122807,40.0,50.0,Au/MOF,80.0
555.0125313283208,40.0,50.0,Au/MOF,80.0
555.6390977443609,40.0,50.0,Au/MOF,80.0
556.265664160401,40.0,50.0,Au/MOF,80.0
556.8922305764411,40.0,50.0,Au/MOF,80.0
557.5187969924812,40.0,50.0,Au/MOF,80.0
558.1453634085213,40.0,50.0,Au/MOF,80.0
558.7719298245614,40.0,50.0,Au/MOF,80.0
559.3984962406015,40.0,50.0,Au/MOF,80.0
560.0250626566416,40.0,50.0,Au/MOF,80.0
560.6516290726817,40.0,50.0,Au/MOF,80.0
561.2781954887218,40.0,50.0,Au/MOF,80.0
561.9047619047619,40.0,50.0,Au/MOF,80.0
562.531328320802,40.0,50.0,Au/MOF,80.0
563.1578947368421,40.0,50.0,Au/MOF,80.0
563.7844611528822,40.0,50.0,Au/MOF,80.0
564.4110275689223,40.0,50.0,Au/MOF,80.0
565.0375939849624,40.0,50.0,Au/MOF,80.0
565.6641604010025,40.0,50.0,Au/MOF,80.0
566.2907268170426,40.0,50.0,Au/MOF,80.0
566.9172932330827,40.0,50.0,Au/MOF,80.0
567.5438596491229,40.0,50.0,Au/MOF,80.0
568.1704260651629,40.0,50.0,Au/MOF,80.0
568.796992481203,40.0,50.0,Au/MOF,80.0
569.4235588972431,40.0,50.0,Au/MOF,80.0
570.0501253132832,40.0,50.0,Au/MOF,80.0
570.6766917293234,40.0,50.0,Au/MOF,80.0
571.3032581453634,40.0,50.0,Au/MOF,80.0
571.9298245614035,40.0,50.0,Au/MOF,80.0
572.5563909774436,40.0,50.0,Au/MOF,80.0
573.1829573934837,40.0,50.0,Au/MOF,80.0
573.8095238095239,40.0,50.0,Au/MOF,80.0
574.4360902255639,40.0,50.0,Au/MOF,80.0
575.062656641604,40.0,50.0,Au/MOF,80.0
575.6892230576441,40.0,50.0,Au/MOF,80.0
576.3157894736842,40.0,50.0,Au/MOF,80.0
576.9423558897244,40.0,50.0,Au/MOF,80.0
577.5689223057644,40.0,50.0,Au/MOF,80.0
578.1954887218045,40.0,50.0,Au/MOF,80.0
578.8220551378446,40.0,50.0,Au/MOF,80.0
579.4486215538847,40.0,50.0,Au/MOF,80.0
580.0751879699249,40.0,50.0,Au/MOF,80.0
580.7017543859649,40.0,50.0,Au/MOF,80.0
581.328320802005,40.0,50.0,Au/MOF,80.0
581.9548872180451,40.0,50.0,Au/MOF,80.0
582.5814536340852,40.0,50.0,Au/MOF,80.0
583.2080200501254,40.0,50.0,Au/MOF,80.0
583.8345864661654,40.0,50.0,Au/MOF,80.0
584.4611528822055,40.0,50.0,Au/MOF,80.0
585.0877192982456,40.0,50.0,Au/MOF,80.0
585.7142857142857,40.0,50.0,Au/MOF,80.0
586.3408521303259,40.0,50.0,Au/MOF,80.0
586.9674185463659,40.0,50.0,Au/MOF,80.0
587.593984962406,40.0,50.0,Au/MOF,80.0
588.2205513784461,40.0,50.0,Au/MOF,80.0
588.8471177944862,40.0,50.0,Au/MOF,80.0
589.4736842105264,40.0,50.0,Au/MOF,80.0
590.1002506265664,40.0,50.0,Au/MOF,80.0
590.7268170426065,40.0,50.0,Au/MOF,80.0
591.3533834586466,40.0,50.0,Au/MOF,80.0
591.9799498746867,40.0,50.0,Au/MOF,80.0
592.6065162907269,40.0,50.0,Au/MOF,80.0
593.2330827067669,40.0,50.0,Au/MOF,80.0
593.859649122807,40.0,50.0,Au/MOF,80.0
594.4862155388471,40.0,50.0,Au/MOF,80.0
595.1127819548872,40.0,50.0,Au/MOF,80.0
595.7393483709274,40.0,50.0,Au/MOF,80.0
596.3659147869674,40.0,50.0,Au/MOF,80.0
596.9924812030075,40.0,50.0,Au/MOF,80.0
597.6190476190476,40.0,50.0,Au/MOF,80.0
598.2456140350877,40.0,50.0,Au/MOF,80.0
598.8721804511279,40.0,50.0,Au/MOF,80.0
599.4987468671679,40.0,50.0,Au/MOF,80.0
600.125313283208,40.0,50.0,Au/MOF,80.0
600.7518796992481,40.0,50.0,Au/MOF,80.0
601.3784461152882,40.0,50.0,Au/MOF,80.0
602.0050125313284,40.0,50.0,Au/MOF,80.0
602.6315789473684,40.0,50.0,Au/MOF,80.0
603.2581453634085,40.0,50.0,Au/MOF,80.0
603.8847117794486,40.0,50.0,Au/MOF,80.0
604.5112781954887,40.0,50.0,Au/MOF,80.0
605.1378446115289,40.0,50.0,Au/MOF,80.0
605.7644110275689,40.0,50.0,Au/MOF,80.0
606.390977443609,40.0,50.0,Au/MOF,80.0
607.0175438596491,40.0,50.0,Au/MOF,80.0
607.6441102756892,40.0,50.0,Au/MOF,80.0
608.2706766917294,40.0,50.0,Au/MOF,80.0
608.8972431077694,40.0,50.0,Au/MOF,80.0
609.5238095238095,40.0,50.0,Au/MOF,80.0
610.1503759398496,40.0,50.0,Au/MOF,80.0
610.7769423558897,40.0,50.0,Au/MOF,80.0
611.4035087719299,40.0,50.0,Au/MOF,80.0
612.0300751879699,40.0,50.0,Au/MOF,80.0
612.65664160401,40.0,50.0,Au/MOF,80.0
613.2832080200501,40.0,50.0,Au/MOF,80.0
613.9097744360902,40.0,50.0,Au/MOF,80.0
614.5363408521304,40.0,50.0,Au/MOF,80.0
615.1629072681704,40.0,50.0,Au/MOF,80.0
615.7894736842105,40.0,50.0,Au/MOF,80.0
616.4160401002506,40.0,50.0,Au/MOF,80.0
617.0426065162907,40.0,50.0,Au/MOF,80.0
617.6691729323309,40.0,50.0,Au/MOF,80.0
618.295739348371,40.0,50.0,Au/MOF,80.0
618.922305764411,40.0,50.0,Au/MOF,80.0
619.5488721804511,40.0,50.0,Au/MOF,80.0
620.1754385964912,40.0,50.0,Au/MOF,80.0
620.8020050125314,40.0,50.0,Au/MOF,80.0
621.4285714285714,40.0,50.0,Au/MOF,80.0
622.0551378446115,40.0,50.0,Au/MOF,80.0
622.6817042606516,40.0,50.0,Au/MOF,80.0
623.3082706766917,40.0,50.0,Au/MOF,80.0
623.9348370927319,40.0,50.0,Au/MOF,80.0
624.561403508772,40.0,50.0,Au/MOF,80.0
625.187969924812,40.0,50.0,Au/MOF,80.0
625.8145363408521,40.0,50.0,Au/MOF,80.0
626.4411027568922,40.0,50.0,Au/MOF,80.0
627.0676691729324,40.0,50.0,Au/MOF,80.0
627.6942355889724,40.0,50.0,Au/MOF,80.0
628.3208020050125,40.0,50.0,Au/MOF,80.0
628.9473684210526,40.0,50.0,Au/MOF,80.0
629.5739348370927,40.0,50.0,Au/MOF,80.0
630.2005012531329,40.0,50.0,Au/MOF,80.0
630.827067669173,40.0,50.0,Au/MOF,80.0
631.453634085213,40.0,50.0,Au/MOF,80.0
632.0802005012531,40.0,50.0,Au/MOF,80.0
632.7067669172932,40.0,50.0,Au/MOF,80.0
633.3333333333334,40.0,50.0,Au/MOF,80.0
633.9598997493734,40.0,50.0,Au/MOF,80.0
634.5864661654135,40.0,50.0,Au/MOF,80.0
635.2130325814536,40.0,50.0,Au/MOF,80.0
635.8395989974937,40.0,50.0,Au/MOF,80.0
636.4661654135339,40.0,50.0,Au/MOF,80.0
637.092731829574,40.0,50.0,Au/MOF,80.0
637.719298245614,40.0,50.0,Au/MOF,80.0
638.3458646616541,40.0,50.0,Au/MOF,80.0
638.9724310776942,40.0,50.0,Au/MOF,80.0
639.5989974937344,40.0,50.0,Au/MOF,80.0
640.2255639097745,40.0,50.0,Au/MOF,80.0
640.8521303258145,40.0,50.0,Au/MOF,80.0
641.4786967418546,40.0,50.0,Au/MOF,80.0
642.1052631578947,40.0,50.0,Au/MOF,80.0
642.7318295739349,40.0,50.0,Au/MOF,80.0
643.358395989975,40.0,50.0,Au/MOF,80.0
643.984962406015,40.0,50.0,Au/MOF,80.0
644.6115288220551,40.0,50.0,Au/MOF,80.0
645.2380952380952,40.0,50.0,Au/MOF,80.0
645.8646616541354,40.0,50.0,Au/MOF,80.0
646.4912280701755,40.0,50.0,Au/MOF,80.0
647.1177944862155,40.0,50.0,Au/MOF,80.0
647.7443609022556,40.0,50.0,Au/MOF,80.0
648.3709273182957,40.0,50.0,Au/MOF,80.0
648.9974937343359,40.0,50.0,Au/MOF,80.0
649.624060150376,40.0,50.0,Au/MOF,80.0
650.250626566416,40.0,50.0,Au/MOF,80.0
650.8771929824561,40.0,50.0,Au/MOF,80.0
651.5037593984962,40.0,50.0,Au/MOF,80.0
652.1303258145364,40.0,50.0,Au/MOF,80.0
652.7568922305765,40.0,50.0,Au/MOF,80.0
653.3834586466165,40.0,50.0,Au/MOF,80.0
654.0100250626566,40.0,50.0,Au/MOF,80.0
654.6365914786967,40.0,50.0,Au/MOF,80.0
655.2631578947369,40.0,50.0,Au/MOF,80.0
655.889724310777,40.0,50.0,Au/MOF,80.0
656.516290726817,40.0,50.0,Au/MOF,80.0
657.1428571428571,40.0,50.0,Au/MOF,80.0
657.7694235588972,40.0,50.0,Au/MOF,80.0
658.3959899749374,40.0,50.0,Au/MOF,80.0
659.0225563909775,40.0,50.0,Au/MOF,80.0
659.6491228070175,40.0,50.0,Au/MOF,80.0
660.2756892230576,40.0,50.0,Au/MOF,80.0
660.9022556390977,40.0,50.0,Au/MOF,80.0
661.5288220551379,40.0,50.0,Au/MOF,80.0
662.155388471178,40.0,50.0,Au/MOF,80.0
662.781954887218,40.0,50.0,Au/MOF,80.0
663.4085213032581,40.0,50.0,Au/MOF,80.0
664.0350877192982,40.0,50.0,Au/MOF,80.0
664.6616541353384,40.0,50.0,Au/MOF,80.0
665.2882205513785,40.0,50.0,Au/MOF,80.0
665.9147869674185,40.0,50.0,Au/MOF,80.0
666.5413533834586,40.0,50.0,Au/MOF,80.0
667.1679197994987,40.0,50.0,Au/MOF,80.0
667.7944862155389,40.0,50.0,Au/MOF,80.0
668.421052631579,40.0,50.0,Au/MOF,80.0
669.047619047619,40.0,50.0,Au/MOF,80.0
669.6741854636591,40.0,50.0,Au/MOF,80.0
670.3007518796992,40.0,50.0,Au/MOF,80.0
670.9273182957394,40.0,50.0,Au/MOF,80.0
671.5538847117795,40.0,50.0,Au/MOF,80.0
672.1804511278195,40.0,50.0,Au/MOF,80.0
672.8070175438596,40.0,50.0,Au/MOF,80.0
673.4335839598998,40.0,50.0,Au/MOF,80.0
674.0601503759399,40.0,50.0,Au/MOF,80.0
674.68671679198,40.0,50.0,Au/MOF,80.0
675.31328320802,40.0,50.0,Au/MOF,80.0
675.9398496240601,40.0,50.0,Au/MOF,80.0
676.5664160401002,40.0,50.0,Au/MOF,80.0
677.1929824561404,40.0,50.0,Au/MOF,80.0
677.8195488721805,40.0,50.0,Au/MOF,80.0
678.4461152882205,40.0,50.0,Au/MOF,80.0
679.0726817042606,40.0,50.0,Au/MOF,80.0
679.6992481203008,40.0,50.0,Au/MOF,80.0
680.3258145363409,40.0,50.0,Au/MOF,80.0
680.952380952381,40.0,50.0,Au/MOF,80.0
681.578947368421,40.0,50.0,Au/MOF,80.0
682.2055137844611,40.0,50.0,Au/MOF,80.0
682.8320802005012,40.0,50.0,Au/MOF,80.0
683.4586466165414,40.0,50.0,Au/MOF,80.0
684.0852130325815,40.0,50.0,Au/MOF,80.0
684.7117794486215,40.0,50.0,Au/MOF,80.0
685.3383458646616,40.0,50.0,Au/MOF,80.0
685.9649122807018,40.0,50.0,Au/MOF,80.0
686.5914786967419,40.0,50.0,Au/MOF,80.0
687.218045112782,40.0,50.0,Au/MOF,80.0
687.844611528822,40.0,50.0,Au/MOF,80.0
688.4711779448621,40.0,50.0,Au/MOF,80.0
689.0977443609022,40.0,50.0,Au/MOF,80.0
689.7243107769424,40.0,50.0,Au/MOF,80.0
690.3508771929825,40.0,50.0,Au/MOF,80.0
690.9774436090225,40.0,50.0,Au/MOF,80.0
691.6040100250626,40.0,50.0,Au/MOF,80.0
692.2305764411028,40.0,50.0,Au/MOF,80.0
692.8571428571429,40.0,50.0,Au/MOF,80.0
693.483709273183,40.0,50.0,Au/MOF,80.0
694.110275689223,40.0,50.0,Au/MOF,80.0
694.7368421052631,40.0,50.0,Au/MOF,80.0
695.3634085213032,40.0,50.0,Au/MOF,80.0
695.9899749373434,40.0,50.0,Au/MOF,80.0
696.6165413533835,40.0,50.0,Au/MOF,80.0
697.2431077694235,40.0,50.0,Au/MOF,80.0
697.8696741854636,40.0,50.0,Au/MOF,80.0
698.4962406015038,40.0,50.0,Au/MOF,80.0
699.1228070175439,40.0,50.0,Au/MOF,80.0
699.749373433584,40.0,50.0,Au/MOF,80.0
700.375939849624,40.0,50.0,Au/MOF,80.0
701.0025062656641,40.0,50.0,Au/MOF,80.0
701.6290726817042,40.0,50.0,Au/MOF,80.0
702.2556390977444,40.0,50.0,Au/MOF,80.0
702.8822055137845,40.0,50.0,Au/MOF,80.0
703.5087719298245,40.0,50.0,Au/MOF,80.0
704.1353383458646,40.0,50.0,Au/MOF,80.0
704.7619047619048,40.0,50.0,Au/MOF,80.0
705.3884711779449,40.0,50.0,Au/MOF,80.0
706.015037593985,40.0,50.0,Au/MOF,80.0
706.641604010025,40.0,50.0,Au/MOF,80.0
707.2681704260651,40.0,50.0,Au/MOF,80.0
707.8947368421052,40.0,50.0,Au/MOF,80.0
708.5213032581454,40.0,50.0,Au/MOF,80.0
709.1478696741855,40.0,50.0,Au/MOF,80.0
709.7744360902255,40.0,50.0,Au/MOF,80.0
710.4010025062656,40.0,50.0,Au/MOF,80.0
711.0275689223058,40.0,50.0,Au/MOF,80.0
711.6541353383459,40.0,50.0,Au/MOF,80.0
712.280701754386,40.0,50.0,Au/MOF,80.0
712.907268170426,40.0,50.0,Au/MOF,80.0
713.5338345864661,40.0,50.0,Au/MOF,80.0
714.1604010025062,40.0,50.0,Au/MOF,80.0
714.7869674185464,40.0,50.0,Au/MOF,80.0
715.4135338345865,40.0,50.0,Au/MOF,80.0
716.0401002506266,40.0,50.0,Au/MOF,80.0
716.6666666666666,40.0,50.0,Au/MOF,80.0
717.2932330827068,40.0,50.0,Au/MOF,80.0
717.9197994987469,40.0,50.0,Au/MOF,80.0
718.546365914787,40.0,50.0,Au/MOF,80.0
719.172932330827,40.0,50.0,Au/MOF,80.0
719.7994987468671,40.0,50.0,Au/MOF,80.0
720.4260651629072,40.0,50.0,Au/MOF,80.0
721.0526315789474,40.0,50.0,Au/MOF,80.0
721.6791979949875,40.0,50.0,Au/MOF,80.0
722.3057644110276,40.0,50.0,Au/MOF,80.0
722.9323308270676,40.0,50.0,Au/MOF,80.0
723.5588972431078,40.0,50.0,Au/MOF,80.0
724.1854636591479,40.0,50.0,Au/MOF,80.0
724.812030075188,40.0,50.0,Au/MOF,80.0
725.438596491228,40.0,50.0,Au/MOF,80.0
726.0651629072681,40.0,50.0,Au/MOF,80.0
726.6917293233082,40.0,50.0,Au/MOF,80.0
727.3182957393484,40.0,50.0,Au/MOF,80.0
727.9448621553885,40.0,50.0,Au/MOF,80.0
728.5714285714286,40.0,50.0,Au/MOF,80.0
729.1979949874686,40.0,50.0,Au/MOF,80.0
729.8245614035088,40.0,50.0,Au/MOF,80.0
730.4511278195489,40.0,50.0,Au/MOF,80.0
731.077694235589,40.0,50.0,Au/MOF,80.0
731.704260651629,40.0,50.0,Au/MOF,80.0
732.3308270676691,40.0,50.0,Au/MOF,80.0
732.9573934837092,40.0,50.0,Au/MOF,80.0
733.5839598997494,40.0,50.0,Au/MOF,80.0
734.2105263157895,40.0,50.0,Au/MOF,80.0
734.8370927318296,40.0,50.0,Au/MOF,80.0
735.4636591478696,40.0,50.0,Au/MOF,80.0
736.0902255639098,40.0,50.0,Au/MOF,80.0
736.7167919799499,40.0,50.0,Au/MOF,80.0
737.34335839599,40.0,50.0,Au/MOF,80.0
737.9699248120301,40.0,50.0,Au/MOF,80.0
738.5964912280701,40.0,50.0,Au/MOF,80.0
739.2230576441102,40.0,50.0,Au/MOF,80.0
739.8496240601504,40.0,50.0,Au/MOF,80.0
740.4761904761905,40.0,50.0,Au/MOF,80.0
741.1027568922306,40.0,50.0,Au/MOF,80.0
741.7293233082706,40.0,50.0,Au/MOF,80.0
742.3558897243108,40.0,50.0,Au/MOF,80.0
742.9824561403509,40.0,50.0,Au/MOF,80.0
743.609022556391,40.0,50.0,Au/MOF,80.0
744.2355889724311,40.0,50.0,Au/MOF,80.0
744.8621553884711,40.0,50.0,Au/MOF,80.0
745.4887218045112,40.0,50.0,Au/MOF,80.0
746.1152882205514,40.0,50.0,Au/MOF,80.0
746.7418546365915,40.0,50.0,Au/MOF,80.0
747.3684210526316,40.0,50.0,Au/MOF,80.0
747.9949874686716,40.0,50.0,Au/MOF,80.0
748.6215538847118,40.0,50.0,Au/MOF,80.0
749.2481203007519,40.0,50.0,Au/MOF,80.0
749.874686716792,40.0,50.0,Au/MOF,80.0
750.5012531328321,40.0,50.0,Au/MOF,80.0
751.1278195488721,40.0,50.0,Au/MOF,80.0
751.7543859649122,40.0,50.0,Au/MOF,80.0
752.3809523809524,40.0,50.0,Au/MOF,80.0
753.0075187969925,40.0,50.0,Au/MOF,80.0
753.6340852130326,40.0,50.0,Au/MOF,80.0
754.2606516290726,40.0,50.0,Au/MOF,80.0
754.8872180451128,40.0,50.0,Au/MOF,80.0
755.5137844611529,40.0,50.0,Au/MOF,80.0
756.140350877193,40.0,50.0,Au/MOF,80.0
756.7669172932331,40.0,50.0,Au/MOF,80.0
757.3934837092731,40.0,50.0,Au/MOF,80.0
758.0200501253132,40.0,50.0,Au/MOF,80.0
758.6466165413534,40.0,50.0,Au/MOF,80.0
759.2731829573935,40.0,50.0,Au/MOF,80.0
759.8997493734336,40.0,50.0,Au/MOF,80.0
760.5263157894736,40.0,50.0,Au/MOF,80.0
761.1528822055138,40.0,50.0,Au/MOF,80.0
761.7794486215539,40.0,50.0,Au/MOF,80.0
762.406015037594,40.0,50.0,Au/MOF,80.0
763.0325814536341,40.0,50.0,Au/MOF,80.0
763.6591478696741,40.0,50.0,Au/MOF,80.0
764.2857142857142,40.0,50.0,Au/MOF,80.0
764.9122807017544,40.0,50.0,Au/MOF,80.0
765.5388471177945,40.0,50.0,Au/MOF,80.0
766.1654135338346,40.0,50.0,Au/MOF,80.0
766.7919799498746,40.0,50.0,Au/MOF,80.0
767.4185463659148,40.0,50.0,Au/MOF,80.0
768.0451127819549,40.0,50.0,Au/MOF,80.0
768.671679197995,40.0,50.0,Au/MOF,80.0
769.2982456140351,40.0,50.0,Au/MOF,80.0
769.9248120300751,40.0,50.0,Au/MOF,80.0
770.5513784461152,40.0,50.0,Au/MOF,80.0
771.1779448621554,40.0,50.0,Au/MOF,80.0
771.8045112781955,40.0,50.0,Au/MOF,80.0
772.4310776942356,40.0,50.0,Au/MOF,80.0
773.0576441102756,40.0,50.0,Au/MOF,80.0
773.6842105263158,40.0,50.0,Au/MOF,80.0
774.3107769423559,40.0,50.0,Au/MOF,80.0
774.937343358396,40.0,50.0,Au/MOF,80.0
775.5639097744361,40.0,50.0,Au/MOF,80.0
776.1904761904761,40.0,50.0,Au/MOF,80.0
776.8170426065162,40.0,50.0,Au/MOF,80.0
777.4436090225564,40.0,50.0,Au/MOF,80.0
778.0701754385965,40.0,50.0,Au/MOF,80.0
778.6967418546366,40.0,50.0,Au/MOF,80.0
779.3233082706766,40.0,50.0,Au/MOF,80.0
779.9498746867168,40.0,50.0,Au/MOF,80.0
780.5764411027569,40.0,50.0,Au/MOF,80.0
781.203007518797,40.0,50.0,Au/MOF,80.0
781.8295739348371,40.0,50.0,Au/MOF,80.0
782.4561403508771,40.0,50.0,Au/MOF,80.0
783.0827067669172,40.0,50.0,Au/MOF,80.0
783.7092731829574,40.0,50.0,Au/MOF,80.0
784.3358395989975,40.0,50.0,Au/MOF,80.0
784.9624060150376,40.0,50.0,Au/MOF,80.0
785.5889724310777,40.0,50.0,Au/MOF,80.0
786.2155388471178,40.0,50.0,Au/MOF,80.0
786.8421052631579,40.0,50.0,Au/MOF,80.0
787.468671679198,40.0,50.0,Au/MOF,80.0
788.0952380952381,40.0,50.0,Au/MOF,80.0
788.7218045112782,40.0,50.0,Au/MOF,80.0
789.3483709273182,40.0,50.0,Au/MOF,80.0
789.9749373433584,40.0,50.0,Au/MOF,80.0
790.6015037593985,40.0,50.0,Au/MOF,80.0
791.2280701754386,40.0,50.0,Au/MOF,80.0
791.8546365914787,40.0,50.0,Au/MOF,80.0
792.4812030075188,40.0,50.0,Au/MOF,80.0
793.1077694235589,40.0,50.0,Au/MOF,80.0
793.734335839599,40.0,50.0,Au/MOF,80.0
794.3609022556391,40.0,50.0,Au/MOF,80.0
794.9874686716792,40.0,50.0,Au/MOF,80.0
795.6140350877192,40.0,50.0,Au/MOF,80.0
796.2406015037594,40.0,50.0,Au/MOF,80.0
796.8671679197995,40.0,50.0,Au/MOF,80.0
797.4937343358396,40.0,50.0,Au/MOF,80.0
798.1203007518797,40.0,50.0,Au/MOF,80.0
798.7468671679198,40.0,50.0,Au/MOF,80.0
799.3734335839599,40.0,50.0,Au/MOF,80.0
800.0,40.0,50.0,Au/MOF,80.0
550.0,50.0,50.0,Au/MOF,79.99025
550.6265664160401,50.0,50.0,Au/MOF,79.9868
551.2531328320802,50.0,50.0,Au/MOF,79.98337
551.8796992481203,50.0,50.0,Au/MOF,79.97993
552.5062656641604,50.0,50.0,Au/MOF,79.9765
553.1328320802005,50.0,50.0,Au/MOF,79.973465
553.7593984962406,50.0,50.0,Au/MOF,79.97041
554.3859649122807,50.0,50.0,Au/MOF,79.96741
555.0125313283208,50.0,50.0,Au/MOF,79.966675
555.6390977443609,50.0,50.0,Au/MOF,79.96593
556.265664160401,50.0,50.0,Au/MOF,79.96518
556.8922305764411,50.0,50.0,Au/MOF,79.96444
557.5187969924812,50.0,50.0,Au/MOF,79.9637
558.1453634085213,50.0,50.0,Au/MOF,79.96295
558.7719298245614,50.0,50.0,Au/MOF,79.96221
559.3984962406015,50.0,50.0,Au/MOF,79.96147
560.0250626566416,50.0,50.0,Au/MOF,79.96074
560.6516290726817,50.0,50.0,Au/MOF,79.959984
561.2781954887218,50.0,50.0,Au/MOF,79.95926
561.9047619047619,50.0,50.0,Au/MOF,79.95968
562.531328320802,50.0,50.0,Au/MOF,79.96095
563.1578947368421,50.0,50.0,Au/MOF,79.96221
563.7844611528822,50.0,50.0,Au/MOF,79.963486
564.4110275689223,50.0,50.0,Au/MOF,79.96475
565.0375939849624,50.0,50.0,Au/MOF,79.966034
565.6641604010025,50.0,50.0,Au/MOF,79.96729
566.2907268170426,50.0,50.0,Au/MOF,79.96857
566.9172932330827,50.0,50.0,Au/MOF,79.96983
567.5438596491229,50.0,50.0,Au/MOF,79.9711
568.1704260651629,50.0,50.0,Au/MOF,79.97237
568.796992481203,50.0,50.0,Au/MOF,79.97363
569.4235588972431,50.0,50.0,Au/MOF,79.97772
570.0501253132832,50.0,50.0,Au/MOF,79.981895
570.6766917293234,50.0,50.0,Au/MOF,79.98609
571.3032581453634,50.0,50.0,Au/MOF,79.99028
571.9298245614035,50.0,50.0,Au/MOF,79.99447
572.5563909774436,50.0,50.0,Au/MOF,79.99866
573.1829573934837,50.0,50.0,Au/MOF,80.0
573.8095238095239,50.0,50.0,Au/MOF,80.0
574.4360902255639,50.0,50.0,Au/MOF,80.0
575.062656641604,50.0,50.0,Au/MOF,80.0
575.6892230576441,50.0,50.0,Au/MOF,80.0
576.3157894736842,50.0,50.0,Au/MOF,80.0
576.9423558897244,50.0,50.0,Au/MOF,80.0
577.5689223057644,50.0,50.0,Au/MOF,80.0
578.1954887218045,50.0,50.0,Au/MOF,80.0
578.8220551378446,50.0,50.0,Au/MOF,80.0
579.4486215538847,50.0,50.0,Au/MOF,80.0
580.0751879699249,50.0,50.0,Au/MOF,80.0
580.7017543859649,50.0,50.0,Au/MOF,80.0
581.328320802005,50.0,50.0,Au/MOF,80.0
581.9548872180451,50.0,50.0,Au/MOF,80.0
582.5814536340852,50.0,50.0,Au/MOF,80.0
583.2080200501254,50.0,50.0,Au/MOF,80.0
583.8345864661654,50.0,50.0,Au/MOF,80.0
584.4611528822055,50.0,50.0,Au/MOF,80.0
585.0877192982456,50.0,50.0,Au/MOF,80.0
585.7142857142857,50.0,50.0,Au/MOF,80.0
586.3408521303259,50.0,50.0,Au/MOF,80.0
586.9674185463659,50.0,50.0,Au/MOF,80.0
587.593984962406,50.0,50.0,Au/MOF,80.0
588.2205513784461,50.0,50.0,Au/MOF,80.0
588.8471177944862,50.0,50.0,Au/MOF,80.0
589.4736842105264,50.0,50.0,Au/MOF,80.0
590.1002506265664,50.0,50.0,Au/MOF,80.0
590.7268170426065,50.0,50.0,Au/MOF,80.0
591.3533834586466,50.0,50.0,Au/MOF,80.0
591.9799498746867,50.0,50.0,Au/MOF,80.0
592.6065162907269,50.0,50.0,Au/MOF,80.0
593.2330827067669,50.0,50.0,Au/MOF,80.0
593.859649122807,50.0,50.0,Au/MOF,80.0
594.4862155388471,50.0,50.0,Au/MOF,80.0
595.1127819548872,50.0,50.0,Au/MOF,80.0
595.7393483709274,50.0,50.0,Au/MOF,80.0
596.3659147869674,50.0,50.0,Au/MOF,80.0
596.9924812030075,50.0,50.0,Au/MOF,80.0
597.6190476190476,50.0,50.0,Au/MOF,80.0
598.2456140350877,50.0,50.0,Au/MOF,80.0
598.8721804511279,50.0,50.0,Au/MOF,80.0
599.4987468671679,50.0,50.0,Au/MOF,80.0
600.125313283208,50.0,50.0,Au/MOF,80.0
600.7518796992481,50.0,50.0,Au/MOF,80.0
601.3784461152882,50.0,50.0,Au/MOF,80.0
602.0050125313284,50.0,50.0,Au/MOF,80.0
602.6315789473684,50.0,50.0,Au/MOF,80.0
603.2581453634085,50.0,50.0,Au/MOF,80.0
603.8847117794486,50.0,50.0,Au/MOF,80.0
604.5112781954887,50.0,50.0,Au/MOF,80.0
605.1378446115289,50.0,50.0,Au/MOF,80.0
605.7644110275689,50.0,50.0,Au/MOF,80.0
606.390977443609,50.0,50.0,Au/MOF,80.0
607.0175438596491,50.0,50.0,Au/MOF,80.0
607.6441102756892,50.0,50.0,Au/MOF,80.0
608.2706766917294,50.0,50.0,Au/MOF,80.0
608.8972431077694,50.0,50.0,Au/MOF,80.0
609.5238095238095,50.0,50.0,Au/MOF,80.0
610.1503759398496,50.0,50.0,Au/MOF,80.0
610.7769423558897,50.0,50.0,Au/MOF,80.0
611.4035087719299,50.0,50.0,Au/MOF,80.0
612.0300751879699,50.0,50.0,Au/MOF,80.0
612.65664160401,50.0,50.0,Au/MOF,80.0
613.2832080200501,50.0,50.0,Au/MOF,80.0
613.9097744360902,50.0,50.0,Au/MOF,80.0
614.5363408521304,50.0,50.0,Au/MOF,80.0
615.1629072681704,50.0,50.0,Au/MOF,80.0
615.7894736842105,50.0,50.0,Au/MOF,80.0
616.4160401002506,50.0,50.0,Au/MOF,80.0
617.0426065162907,50.0,50.0,Au/MOF,80.0
617.6691729323309,50.0,50.0,Au/MOF,80.0
618.295739348371,50.0,50.0,Au/MOF,80.0
618.922305764411,50.0,50.0,Au/MOF,80.0
619.5488721804511,50.0,50.0,Au/MOF,80.0
620.1754385964912,50.0,50.0,Au/MOF,80.0
620.8020050125314,50.0,50.0,Au/MOF,80.0
621.4285714285714,50.0,50.0,Au/MOF,80.0
622.0551378446115,50.0,50.0,Au/MOF,80.0
622.6817042606516,50.0,50.0,Au/MOF,80.0
623.3082706766917,50.0,50.0,Au/MOF,80.0
623.9348370927319,50.0,50.0,Au/MOF,80.0
624.561403508772,50.0,50.0,Au/MOF,80.0
625.187969924812,50.0,50.0,Au/MOF,80.0
625.8145363408521,50.0,50.0,Au/MOF,80.0
626.4411027568922,50.0,50.0,Au/MOF,80.0
627.0676691729324,50.0,50.0,Au/MOF,80.0
627.6942355889724,50.0,50.0,Au/MOF,80.0
628.3208020050125,50.0,50.0,Au/MOF,80.0
628.9473684210526,50.0,50.0,Au/MOF,80.0
629.5739348370927,50.0,50.0,Au/MOF,80.0
630.2005012531329,50.0,50.0,Au/MOF,80.0
630.827067669173,50.0,50.0,Au/MOF,80.0
631.453634085213,50.0,50.0,Au/MOF,80.0
632.0802005012531,50.0,50.0,Au/MOF,80.0
632.7067669172932,50.0,50.0,Au/MOF,80.0
633.3333333333334,50.0,50.0,Au/MOF,80.0
633.9598997493734,50.0,50.0,Au/MOF,80.0
634.5864661654135,50.0,50.0,Au/MOF,80.0
635.2130325814536,50.0,50.0,Au/MOF,80.0
635.8395989974937,50.0,50.0,Au/MOF,80.0
636.4661654135339,50.0,50.0,Au/MOF,80.0
637.092731829574,50.0,50.0,Au/MOF,80.0
637.719298245614,50.0,50.0,Au/MOF,80.0
638.3458646616541,50.0,50.0,Au/MOF,80.0
638.9724310776942,50.0,50.0,Au/MOF,80.0
639.5989974937344,50.0,50.0,Au/MOF,80.0
640.2255639097745,50.0,50.0,Au/MOF,80.0
640.8521303258145,50.0,50.0,Au/MOF,80.0
641.4786967418546,50.0,50.0,Au/MOF,80.0
642.1052631578947,50.0,50.0,Au/MOF,80.0
642.7318295739349,50.0,50.0,Au/MOF,80.0
643.358395989975,50.0,50.0,Au/MOF,80.0
643.984962406015,50.0,50.0,Au/MOF,80.0
644.6115288220551,50.0,50.0,Au/MOF,80.0
645.2380952380952,50.0,50.0,Au/MOF,80.0
645.8646616541354,50.0,50.0,Au/MOF,80.0
646.4912280701755,50.0,50.0,Au/MOF,80.0
647.1177944862155,50.0,50.0,Au/MOF,80.0
647.7443609022556,50.0,50.0,Au/MOF,80.0
648.3709273182957,50.0,50.0,Au/MOF,80.0
648.9974937343359,50.0,50.0,Au/MOF,80.0
649.624060150376,50.0,50.0,Au/MOF,80.0
650.250626566416,50.0,50.0,Au/MOF,80.0
650.8771929824561,50.0,50.0,Au/MOF,80.0
651.5037593984962,50.0,50.0,Au/MOF,80.0
652.1303258145364,50.0,50.0,Au/MOF,80.0
652.7568922305765,50.0,50.0,Au/MOF,80.0
653.3834586466165,50.0,50.0,Au/MOF,80.0
654.0100250626566,50.0,50.0,Au/MOF,80.0
654.6365914786967,50.0,50.0,Au/MOF,80.0
655.2631578947369,50.0,50.0,Au/MOF,80.0
655.889724310777,50.0,50.0,Au/MOF,80.0
656.516290726817,50.0,50.0,Au/MOF,80.0
657.1428571428571,50.0,50.0,Au/MOF,80.0
657.7694235588972,50.0,50.0,Au/MOF,80.0
658.3959899749374,50.0,50.0,Au/MOF,80.0
659.0225563909775,50.0,50.0,Au/MOF,80.0
659.6491228070175,50.0,50.0,Au/MOF,80.0
660.2756892230576,50.0,50.0,Au/MOF,80.0
660.9022556390977,50.0,50.0,Au/MOF,80.0
661.5288220551379,50.0,50.0,Au/MOF,80.0
662.155388471178,50.0,50.0,Au/MOF,80.0
662.781954887218,50.0,50.0,Au/MOF,80.0
663.4085213032581,50.0,50.0,Au/MOF,80.0
664.0350877192982,50.0,50.0,Au/MOF,80.0
664.6616541353384,50.0,50.0,Au/MOF,80.0
665.2882205513785,50.0,50.0,Au/MOF,80.0
665.9147869674185,50.0,50.0,Au/MOF,80.0
666.5413533834586,50.0,50.0,Au/MOF,80.0
667.1679197994987,50.0,50.0,Au/MOF,80.0
667.7944862155389,50.0,50.0,Au/MOF,80.0
668.421052631579,50.0,50.0,Au/MOF,80.0
669.047619047619,50.0,50.0,Au/MOF,80.0
669.6741854636591,50.0,50.0,Au/MOF,80.0
670.3007518796992,50.0,50.0,Au/MOF,80.0
670.9273182957394,50.0,50.0,Au/MOF,80.0
671.5538847117795,50.0,50.0,Au/MOF,80.0
672.1804511278195,50.0,50.0,Au/MOF,80.0
672.8070175438596,50.0,50.0,Au/MOF,80.0
673.4335839598998,50.0,50.0,Au/MOF,80.0
674.0601503759399,50.0,50.0,Au/MOF,80.0
674.68671679198,50.0,50.0,Au/MOF,80.0
675.31328320802,50.0,50.0,Au/MOF,80.0
675.9398496240601,50.0,50.0,Au/MOF,80.0
676.5664160401002,50.0,50.0,Au/MOF,80.0
677.1929824561404,50.0,50.0,Au/MOF,80.0
677.8195488721805,50.0,50.0,Au/MOF,80.0
678.4461152882205,50.0,50.0,Au/MOF,80.0
679.0726817042606,50.0,50.0,Au/MOF,80.0
679.6992481203008,50.0,50.0,Au/MOF,80.0
680.3258145363409,50.0,50.0,Au/MOF,80.0
680.952380952381,50.0,50.0,Au/MOF,80.0
681.578947368421,50.0,50.0,Au/MOF,80.0
682.2055137844611,50.0,50.0,Au/MOF,80.0
682.8320802005012,50.0,50.0,Au/MOF,80.0
683.4586466165414,50.0,50.0,Au/MOF,80.0
684.0852130325815,50.0,50.0,Au/MOF,80.0
684.7117794486215,50.0,50.0,Au/MOF,80.0
685.3383458646616,50.0,50.0,Au/MOF,80.0
685.9649122807018,50.0,50.0,Au/MOF,80.0
686.5914786967419,50.0,50.0,Au/MOF,80.0
687.218045112782,50.0,50.0,Au/MOF,80.0
687.844611528822,50.0,50.0,Au/MOF,80.0
688.4711779448621,50.0,50.0,Au/MOF,80.0
689.0977443609022,50.0,50.0,Au/MOF,80.0
689.7243107769424,50.0,50.0,Au/MOF,80.0
690.3508771929825,50.0,50.0,Au/MOF,80.0
690.9774436090225,50.0,50.0,Au/MOF,80.0
691.6040100250626,50.0,50.0,Au/MOF,80.0
692.2305764411028,50.0,50.0,Au/MOF,80.0
692.8571428571429,50.0,50.0,Au/MOF,80.0
693.483709273183,50.0,50.0,Au/MOF,80.0
694.110275689223,50.0,50.0,Au/MOF,80.0
694.7368421052631,50.0,50.0,Au/MOF,80.0
695.3634085213032,50.0,50.0,Au/MOF,80.0
695.9899749373434,50.0,50.0,Au/MOF,80.0
696.6165413533835,50.0,50.0,Au/MOF,80.0
697.2431077694235,50.0,50.0,Au/MOF,80.0
697.8696741854636,50.0,50.0,Au/MOF,80.0
698.4962406015038,50.0,50.0,Au/MOF,80.0
699.1228070175439,50.0,50.0,Au/MOF,80.0
699.749373433584,50.0,50.0,Au/MOF,80.0
700.375939849624,50.0,50.0,Au/MOF,80.0
701.0025062656641,50.0,50.0,Au/MOF,80.0
701.6290726817042,50.0,50.0,Au/MOF,80.0
702.2556390977444,50.0,50.0,Au/MOF,80.0
702.8822055137845,50.0,50.0,Au/MOF,80.0
703.5087719298245,50.0,50.0,Au/MOF,80.0
704.1353383458646,50.0,50.0,Au/MOF,80.0
704.7619047619048,50.0,50.0,Au/MOF,80.0
705.3884711779449,50.0,50.0,Au/MOF,80.0
706.015037593985,50.0,50.0,Au/MOF,80.0
706.641604010025,50.0,50.0,Au/MOF,80.0
707.2681704260651,50.0,50.0,Au/MOF,80.0
707.8947368421052,50.0,50.0,Au/MOF,80.0
708.5213032581454,50.0,50.0,Au/MOF,80.0
709.1478696741855,50.0,50.0,Au/MOF,80.0
709.7744360902255,50.0,50.0,Au/MOF,80.0
710.4010025062656,50.0,50.0,Au/MOF,80.0
711.0275689223058,50.0,50.0,Au/MOF,80.0
711.6541353383459,50.0,50.0,Au/MOF,80.0
712.280701754386,50.0,50.0,Au/MOF,80.0
712.907268170426,50.0,50.0,Au/MOF,80.0
713.5338345864661,50.0,50.0,Au/MOF,80.0
714.1604010025062,50.0,50.0,Au/MOF,80.0
714.7869674185464,50.0,50.0,Au/MOF,80.0
715.4135338345865,50.0,50.0,Au/MOF,80.0
716.0401002506266,50.0,50.0,Au/MOF,80.0
716.6666666666666,50.0,50.0,Au/MOF,80.0
717.2932330827068,50.0,50.0,Au/MOF,80.0
717.9197994987469,50.0,50.0,Au/MOF,80.0
718.546365914787,50.0,50.0,Au/MOF,80.0
719.172932330827,50.0,50.0,Au/MOF,80.0
719.7994987468671,50.0,50.0,Au/MOF,80.0
720.4260651629072,50.0,50.0,Au/MOF,80.0
721.0526315789474,50.0,50.0,Au/MOF,80.0
721.6791979949875,50.0,50.0,Au/MOF,80.0
722.3057644110276,50.0,50.0,Au/MOF,80.0
722.9323308270676,50.0,50.0,Au/MOF,80.0
723.5588972431078,50.0,50.0,Au/MOF,80.0
724.1854636591479,50.0,50.0,Au/MOF,80.0
724.812030075188,50.0,50.0,Au/MOF,80.0
725.438596491228,50.0,50.0,Au/MOF,80.0
726.0651629072681,50.0,50.0,Au/MOF,80.0
726.6917293233082,50.0,50.0,Au/MOF,80.0
727.3182957393484,50.0,50.0,Au/MOF,80.0
727.9448621553885,50.0,50.0,Au/MOF,80.0
728.5714285714286,50.0,50.0,Au/MOF,80.0
729.1979949874686,50.0,50.0,Au/MOF,80.0
729.8245614035088,50.0,50.0,Au/MOF,80.0
730.4511278195489,50.0,50.0,Au/MOF,80.0
731.077694235589,50.0,50.0,Au/MOF,80.0
731.704260651629,50.0,50.0,Au/MOF,80.0
732.3308270676691,50.0,50.0,Au/MOF,80.0
732.9573934837092,50.0,50.0,Au/MOF,80.0
733.5839598997494,50.0,50.0,Au/MOF,80.0
734.2105263157895,50.0,50.0,Au/MOF,80.0
734.8370927318296,50.0,50.0,Au/MOF,80.0
735.4636591478696,50.0,50.0,Au/MOF,80.0
736.0902255639098,50.0,50.0,Au/MOF,80.0
736.7167919799499,50.0,50.0,Au/MOF,80.0
737.34335839599,50.0,50.0,Au/MOF,80.0
737.9699248120301,50.0,50.0,Au/MOF,80.0
738.5964912280701,50.0,50.0,Au/MOF,80.0
739.2230576441102,50.0,50.0,Au/MOF,80.0
739.8496240601504,50.0,50.0,Au/MOF,80.0
740.4761904761905,50.0,50.0,Au/MOF,80.0
741.1027568922306,50.0,50.0,Au/MOF,80.0
741.7293233082706,50.0,50.0,Au/MOF,80.0
742.3558897243108,50.0,50.0,Au/MOF,80.0
742.9824561403509,50.0,50.0,Au/MOF,80.0
743.609022556391,50.0,50.0,Au/MOF,80.0
744.2355889724311,50.0,50.0,Au/MOF,80.0
744.8621553884711,50.0,50.0,Au/MOF,80.0
745.4887218045112,50.0,50.0,Au/MOF,80.0
746.1152882205514,50.0,50.0,Au/MOF,80.0
746.7418546365915,50.0,50.0,Au/MOF,80.0
747.3684210526316,50.0,50.0,Au/MOF,80.0
747.9949874686716,50.0,50.0,Au/MOF,80.0
748.6215538847118,50.0,50.0,Au/MOF,80.0
749.2481203007519,50.0,50.0,Au/MOF,80.0
749.874686716792,50.0,50.0,Au/MOF,80.0
750.5012531328321,50.0,50.0,Au/MOF,80.0
751.1278195488721,50.0,50.0,Au/MOF,80.0
751.7543859649122,50.0,50.0,Au/MOF,80.0
752.3809523809524,50.0,50.0,Au/MOF,80.0
753.0075187969925,50.0,50.0,Au/MOF,80.0
753.6340852130326,50.0,50.0,Au/MOF,80.0
754.2606516290726,50.0,50.0,Au/MOF,80.0
754.8872180451128,50.0,50.0,Au/MOF,80.0
755.5137844611529,50.0,50.0,Au/MOF,80.0
756.140350877193,50.0,50.0,Au/MOF,80.0
756.7669172932331,50.0,50.0,Au/MOF,80.0
757.3934837092731,50.0,50.0,Au/MOF,80.0
758.0200501253132,50.0,50.0,Au/MOF,80.0
758.6466165413534,50.0,50.0,Au/MOF,80.0
759.2731829573935,50.0,50.0,Au/MOF,80.0
759.8997493734336,50.0,50.0,Au/MOF,80.0
760.5263157894736,50.0,50.0,Au/MOF,80.0
761.1528822055138,50.0,50.0,Au/MOF,80.0
761.7794486215539,50.0,50.0,Au/MOF,80.0
762.406015037594,50.0,50.0,Au/MOF,80.0
763.0325814536341,50.0,50.0,Au/MOF,80.0
763.6591478696741,50.0,50.0,Au/MOF,80.0
764.2857142857142,50.0,50.0,Au/MOF,80.0
764.9122807017544,50.0,50.0,Au/MOF,80.0
765.5388471177945,50.0,50.0,Au/MOF,80.0
766.1654135338346,50.0,50.0,Au/MOF,80.0
766.7919799498746,50.0,50.0,Au/MOF,80.0
767.4185463659148,50.0,50.0,Au/MOF,80.0
768.0451127819549,50.0,50.0,Au/MOF,80.0
768.671679197995,50.0,50.0,Au/MOF,80.0
769.2982456140351,50.0,50.0,Au/MOF,80.0
769.9248120300751,50.0,50.0,Au/MOF,80.0
770.5513784461152,50.0,50.0,Au/MOF,80.0
771.1779448621554,50.0,50.0,Au/MOF,80.0
771.8045112781955,50.0,50.0,Au/MOF,80.0
772.4310776942356,50.0,50.0,Au/MOF,80.0
773.0576441102756,50.0,50.0,Au/MOF,80.0
773.6842105263158,50.0,50.0,Au/MOF,80.0
774.3107769423559,50.0,50.0,Au/MOF,80.0
774.937343358396,50.0,50.0,Au/MOF,80.0
775.5639097744361,50.0,50.0,Au/MOF,80.0
776.1904761904761,50.0,50.0,Au/MOF,80.0
776.8170426065162,50.0,50.0,Au/MOF,80.0
777.4436090225564,50.0,50.0,Au/MOF,80.0
778.0701754385965,50.0,50.0,Au/MOF,80.0
778.6967418546366,50.0,50.0,Au/MOF,80.0
779.3233082706766,50.0,50.0,Au/MOF,80.0
779.9498746867168,50.0,50.0,Au/MOF,80.0
780.5764411027569,50.0,50.0,Au/MOF,80.0
781.203007518797,50.0,50.0,Au/MOF,80.0
781.8295739348371,50.0,50.0,Au/MOF,80.0
782.4561403508771,50.0,50.0,Au/MOF,80.0
783.0827067669172,50.0,50.0,Au/MOF,80.0
783.7092731829574,50.0,50.0,Au/MOF,80.0
784.3358395989975,50.0,50.0,Au/MOF,80.0
784.9624060150376,50.0,50.0,Au/MOF,80.0
785.5889724310777,50.0,50.0,Au/MOF,80.0
786.2155388471178,50.0,50.0,Au/MOF,80.0
786.8421052631579,50.0,50.0,Au/MOF,80.0
787.468671679198,50.0,50.0,Au/MOF,80.0
788.0952380952381,50.0,50.0,Au/MOF,80.0
788.7218045112782,50.0,50.0,Au/MOF,80.0
789.3483709273182,50.0,50.0,Au/MOF,80.0
789.9749373433584,50.0,50.0,Au/MOF,80.0
790.6015037593985,50.0,50.0,Au/MOF,80.0
791.2280701754386,50.0,50.0,Au/MOF,80.0
791.8546365914787,50.0,50.0,Au/MOF,80.0
792.4812030075188,50.0,50.0,Au/MOF,80.0
793.1077694235589,50.0,50.0,Au/MOF,80.0
793.734335839599,50.0,50.0,Au/MOF,80.0
794.3609022556391,50.0,50.0,Au/MOF,80.0
794.9874686716792,50.0,50.0,Au/MOF,80.0
795.6140350877192,50.0,50.0,Au/MOF,80.0
796.2406015037594,50.0,50.0,Au/MOF,80.0
796.8671679197995,50.0,50.0,Au/MOF,80.0
797.4937343358396,50.0,50.0,Au/MOF,80.0
798.1203007518797,50.0,50.0,Au/MOF,80.0
798.7468671679198,50.0,50.0,Au/MOF,80.0
799.3734335839599,50.0,50.0,Au/MOF,80.0
800.0,50.0,50.0,Au/MOF,80.0
550.0,60.0,50.0,Au/MOF,79.08902
550.6265664160401,60.0,50.0,Au/MOF,79.09671
551.2531328320802,60.0,50.0,Au/MOF,79.104385
551.8796992481203,60.0,50.0,Au/MOF,79.11206
552.5062656641604,60.0,50.0,Au/MOF,79.119736
553.1328320802005,60.0,50.0,Au/MOF,79.127426
553.7593984962406,60.0,50.0,Au/MOF,79.1351
554.3859649122807,60.0,50.0,Au/MOF,79.14278
555.0125313283208,60.0,50.0,Au/MOF,79.15046
555.6390977443609,60.0,50.0,Au/MOF,79.16014
556.265664160401,60.0,50.0,Au/MOF,79.171074
556.8922305764411,60.0,50.0,Au/MOF,79.18288
557.5187969924812,60.0,50.0,Au/MOF,79.1935
558.1453634085213,60.0,50.0,Au/MOF,79.204124
558.7719298245614,60.0,50.0,Au/MOF,79.214745
559.3984962406015,60.0,50.0,Au/MOF,79.225365
560.0250626566416,60.0,50.0,Au/MOF,79.23599
560.6516290726817,60.0,50.0,Au/MOF,79.246605
561.2781954887218,60.0,50.0,Au/MOF,79.25723
561.9047619047619,60.0,50.0,Au/MOF,79.26785
562.531328320802,60.0,50.0,Au/MOF,79.27847
563.1578947368421,60.0,50.0,Au/MOF,79.2891
563.7844611528822,60.0,50.0,Au/MOF,79.29971
564.4110275689223,60.0,50.0,Au/MOF,79.31035
565.0375939849624,60.0,50.0,Au/MOF,79.32103
565.6641604010025,60.0,50.0,Au/MOF,79.33173
566.2907268170426,60.0,50.0,Au/MOF,79.34244
566.9172932330827,60.0,50.0,Au/MOF,79.353134
567.5438596491229,60.0,50.0,Au/MOF,79.36384
568.1704260651629,60.0,50.0,Au/MOF,79.37454
568.796992481203,60.0,50.0,Au/MOF,79.385254
569.4235588972431,60.0,50.0,Au/MOF,79.39595
570.0501253132832,60.0,50.0,Au/MOF,79.40665
570.6766917293234,60.0,50.0,Au/MOF,79.41736
571.3032581453634,60.0,50.0,Au/MOF,79.42806
571.9298245614035,60.0,50.0,Au/MOF,79.43876
572.5563909774436,60.0,50.0,Au/MOF,79.44946
573.1829573934837,60.0,50.0,Au/MOF,79.460175
573.8095238095239,60.0,50.0,Au/MOF,79.47087
574.4360902255639,60.0,50.0,Au/MOF,79.481575
575.062656641604,60.0,50.0,Au/MOF,79.49228
575.6892230576441,60.0,50.0,Au/MOF,79.502975
576.3157894736842,60.0,50.0,Au/MOF,79.51367
576.9423558897244,60.0,50.0,Au/MOF,79.52438
577.5689223057644,60.0,50.0,Au/MOF,79.53508
578.1954887218045,60.0,50.0,Au/MOF,79.54579
578.8220551378446,60.0,50.0,Au/MOF,79.55649
579.4486215538847,60.0,50.0,Au/MOF,79.5672
580.0751879699249,60.0,50.0,Au/MOF,79.577896
580.7017543859649,60.0,50.0,Au/MOF,79.58861
581.328320802005,60.0,50.0,Au/MOF,79.59931
581.9548872180451,60.0,50.0,Au/MOF,79.61001
582.5814536340852,60.0,50.0,Au/MOF,79.62071
583.2080200501254,60.0,50.0,Au/MOF,79.63142
583.8345864661654,60.0,50.0,Au/MOF,79.64212
584.4611528822055,60.0,50.0,Au/MOF,79.652824
585.0877192982456,60.0,50.0,Au/MOF,79.66353
585.7142857142857,60.0,50.0,Au/MOF,79.67423
586.3408521303259,60.0,50.0,Au/MOF,79.68393
586.9674185463659,60.0,50.0,Au/MOF,79.69335
587.593984962406,60.0,50.0,Au/MOF,79.702774
588.2205513784461,60.0,50.0,Au/MOF,79.712204
588.8471177944862,60.0,50.0,Au/MOF,79.72162
589.4736842105264,60.0,50.0,Au/MOF,79.730576
590.1002506265664,60.0,50.0,Au/MOF,79.73801
590.7268170426065,60.0,50.0,Au/MOF,79.74545
591.3533834586466,60.0,50.0,Au/MOF,79.75287
591.9799498746867,60.0,50.0,Au/MOF,79.760315
592.6065162907269,60.0,50.0,Au/MOF,79.767746
593.2330827067669,60.0,50.0,Au/MOF,79.77518
593.859649122807,60.0,50.0,Au/MOF,79.78261
594.4862155388471,60.0,50.0,Au/MOF,79.79004
595.1127819548872,60.0,50.0,Au/MOF,79.797485
595.7393483709274,60.0,50.0,Au/MOF,79.8049
596.3659147869674,60.0,50.0,Au/MOF,79.81235
596.9924812030075,60.0,50.0,Au/MOF,79.81978
597.6190476190476,60.0,50.0,Au/MOF,79.8272
598.2456140350877,60.0,50.0,Au/MOF,79.83465
598.8721804511279,60.0,50.0,Au/MOF,79.84207
599.4987468671679,60.0,50.0,Au/MOF,79.8495
600.125313283208,60.0,50.0,Au/MOF,79.85695
600.7518796992481,60.0,50.0,Au/MOF,79.86437
601.3784461152882,60.0,50.0,Au/MOF,79.87181
602.0050125313284,60.0,50.0,Au/MOF,79.87924
602.6315789473684,60.0,50.0,Au/MOF,79.88667
603.2581453634085,60.0,50.0,Au/MOF,79.894104
603.8847117794486,60.0,50.0,Au/MOF,79.901535
604.5112781954887,60.0,50.0,Au/MOF,79.908966
605.1378446115289,60.0,50.0,Au/MOF,79.916405
605.7644110275689,60.0,50.0,Au/MOF,79.923836
606.390977443609,60.0,50.0,Au/MOF,79.93126
607.0175438596491,60.0,50.0,Au/MOF,79.93869
607.6441102756892,60.0,50.0,Au/MOF,79.94614
608.2706766917294,60.0,50.0,Au/MOF,79.95355
608.8972431077694,60.0,50.0,Au/MOF,79.961
609.5238095238095,60.0,50.0,Au/MOF,79.96842
610.1503759398496,60.0,50.0,Au/MOF,79.97536
610.7769423558897,60.0,50.0,Au/MOF,79.98194
611.4035087719299,60.0,50.0,Au/MOF,79.98854
612.0300751879699,60.0,50.0,Au/MOF,79.99512
612.65664160401,60.0,50.0,Au/MOF,80.0
613.2832080200501,60.0,50.0,Au/MOF,80.0
613.9097744360902,60.0,50.0,Au/MOF,80.0
614.5363408521304,60.0,50.0,Au/MOF,80.0
615.1629072681704,60.0,50.0,Au/MOF,80.0
615.7894736842105,60.0,50.0,Au/MOF,80.0
616.4160401002506,60.0,50.0,Au/MOF,80.0
617.0426065162907,60.0,50.0,Au/MOF,80.0
617.6691729323309,60.0,50.0,Au/MOF,80.0
618.295739348371,60.0,50.0,Au/MOF,80.0
618.922305764411,60.0,50.0,Au/MOF,80.0
619.5488721804511,60.0,50.0,Au/MOF,80.0
620.1754385964912,60.0,50.0,Au/MOF,80.0
620.8020050125314,60.0,50.0,Au/MOF,80.0
621.4285714285714,60.0,50.0,Au/MOF,80.0
622.0551378446115,60.0,50.0,Au/MOF,80.0
622.6817042606516,60.0,50.0,Au/MOF,80.0
623.3082706766917,60.0,50.0,Au/MOF,80.0
623.9348370927319,60.0,50.0,Au/MOF,80.0
624.561403508772,60.0,50.0,Au/MOF,80.0
625.187969924812,60.0,50.0,Au/MOF,80.0
625.8145363408521,60.0,50.0,Au/MOF,80.0
626.4411027568922,60.0,50.0,Au/MOF,80.0
627.0676691729324,60.0,50.0,Au/MOF,80.0
627.6942355889724,60.0,50.0,Au/MOF,80.0
628.3208020050125,60.0,50.0,Au/MOF,80.0
628.9473684210526,60.0,50.0,Au/MOF,80.0
629.5739348370927,60.0,50.0,Au/MOF,80.0
630.2005012531329,60.0,50.0,Au/MOF,80.0
630.827067669173,60.0,50.0,Au/MOF,80.0
631.453634085213,60.0,50.0,Au/MOF,80.0
632.0802005012531,60.0,50.0,Au/MOF,80.0
632.7067669172932,60.0,50.0,Au/MOF,80.0
633.3333333333334,60.0,50.0,Au/MOF,80.0
633.9598997493734,60.0,50.0,Au/MOF,80.0
634.5864661654135,60.0,50.0,Au/MOF,80.0
635.2130325814536,60.0,50.0,Au/MOF,80.0
635.8395989974937,60.0,50.0,Au/MOF,80.0
636.4661654135339,60.0,50.0,Au/MOF,80.0
637.092731829574,60.0,50.0,Au/MOF,80.0
637.719298245614,60.0,50.0,Au/MOF,80.0
638.3458646616541,60.0,50.0,Au/MOF,80.0
638.9724310776942,60.0,50.0,Au/MOF,80.0
639.5989974937344,60.0,50.0,Au/MOF,80.0
640.2255639097745,60.0,50.0,Au/MOF,80.0
640.8521303258145,60.0,50.0,Au/MOF,80.0
641.4786967418546,60.0,50.0,Au/MOF,80.0
642.1052631578947,60.0,50.0,Au/MOF,80.0
642.7318295739349,60.0,50.0,Au/MOF,80.0
643.358395989975,60.0,50.0,Au/MOF,80.0
643.984962406015,60.0,50.0,Au/MOF,80.0
644.6115288220551,60.0,50.0,Au/MOF,80.0
645.2380952380952,60.0,50.0,Au/MOF,80.0
645.8646616541354,60.0,50.0,Au/MOF,80.0
646.4912280701755,60.0,50.0,Au/MOF,80.0
647.1177944862155,60.0,50.0,Au/MOF,80.0
647.7443609022556,60.0,50.0,Au/MOF,80.0
648.3709273182957,60.0,50.0,Au/MOF,80.0
648.9974937343359,60.0,50.0,Au/MOF,80.0
649.624060150376,60.0,50.0,Au/MOF,80.0
650.250626566416,60.0,50.0,Au/MOF,80.0
650.8771929824561,60.0,50.0,Au/MOF,80.0
651.5037593984962,60.0,50.0,Au/MOF,80.0
652.1303258145364,60.0,50.0,Au/MOF,80.0
652.7568922305765,60.0,50.0,Au/MOF,80.0
653.3834586466165,60.0,50.0,Au/MOF,80.0
654.0100250626566,60.0,50.0,Au/MOF,80.0
654.6365914786967,60.0,50.0,Au/MOF,80.0
655.2631578947369,60.0,50.0,Au/MOF,80.0
655.889724310777,60.0,50.0,Au/MOF,80.0
656.516290726817,60.0,50.0,Au/MOF,80.0
657.1428571428571,60.0,50.0,Au/MOF,80.0
657.7694235588972,60.0,50.0,Au/MOF,80.0
658.3959899749374,60.0,50.0,Au/MOF,80.0
659.0225563909775,60.0,50.0,Au/MOF,80.0
659.6491228070175,60.0,50.0,Au/MOF,80.0
660.2756892230576,60.0,50.0,Au/MOF,80.0
660.9022556390977,60.0,50.0,Au/MOF,80.0
661.5288220551379,60.0,50.0,Au/MOF,80.0
662.155388471178,60.0,50.0,Au/MOF,80.0
662.781954887218,60.0,50.0,Au/MOF,80.0
663.4085213032581,60.0,50.0,Au/MOF,80.0
664.0350877192982,60.0,50.0,Au/MOF,80.0
664.6616541353384,60.0,50.0,Au/MOF,80.0
665.2882205513785,60.0,50.0,Au/MOF,80.0
665.9147869674185,60.0,50.0,Au/MOF,80.0
666.5413533834586,60.0,50.0,Au/MOF,80.0
667.1679197994987,60.0,50.0,Au/MOF,80.0
667.7944862155389,60.0,50.0,Au/MOF,80.0
668.421052631579,60.0,50.0,Au/MOF,80.0
669.047619047619,60.0,50.0,Au/MOF,80.0
669.6741854636591,60.0,50.0,Au/MOF,80.0
670.3007518796992,60.0,50.0,Au/MOF,80.0
670.9273182957394,60.0,50.0,Au/MOF,80.0
671.5538847117795,60.0,50.0,Au/MOF,80.0
672.1804511278195,60.0,50.0,Au/MOF,80.0
672.8070175438596,60.0,50.0,Au/MOF,80.0
673.4335839598998,60.0,50.0,Au/MOF,80.0
674.0601503759399,60.0,50.0,Au/MOF,80.0
674.68671679198,60.0,50.0,Au/MOF,80.0
675.31328320802,60.0,50.0,Au/MOF,80.0
675.9398496240601,60.0,50.0,Au/MOF,80.0
676.5664160401002,60.0,50.0,Au/MOF,80.0
677.1929824561404,60.0,50.0,Au/MOF,80.0
677.8195488721805,60.0,50.0,Au/MOF,80.0
678.4461152882205,60.0,50.0,Au/MOF,80.0
679.0726817042606,60.0,50.0,Au/MOF,80.0
679.6992481203008,60.0,50.0,Au/MOF,80.0
680.3258145363409,60.0,50.0,Au/MOF,80.0
680.952380952381,60.0,50.0,Au/MOF,80.0
681.578947368421,60.0,50.0,Au/MOF,80.0
682.2055137844611,60.0,50.0,Au/MOF,80.0
682.8320802005012,60.0,50.0,Au/MOF,80.0
683.4586466165414,60.0,50.0,Au/MOF,80.0
684.0852130325815,60.0,50.0,Au/MOF,80.0
684.7117794486215,60.0,50.0,Au/MOF,80.0
685.3383458646616,60.0,50.0,Au/MOF,80.0
685.9649122807018,60.0,50.0,Au/MOF,80.0
686.5914786967419,60.0,50.0,Au/MOF,80.0
687.218045112782,60.0,50.0,Au/MOF,80.0
687.844611528822,60.0,50.0,Au/MOF,80.0
688.4711779448621,60.0,50.0,Au/MOF,80.0
689.0977443609022,60.0,50.0,Au/MOF,80.0
689.7243107769424,60.0,50.0,Au/MOF,80.0
690.3508771929825,60.0,50.0,Au/MOF,80.0
690.9774436090225,60.0,50.0,Au/MOF,80.0
691.6040100250626,60.0,50.0,Au/MOF,80.0
692.2305764411028,60.0,50.0,Au/MOF,80.0
692.8571428571429,60.0,50.0,Au/MOF,80.0
693.483709273183,60.0,50.0,Au/MOF,80.0
694.110275689223,60.0,50.0,Au/MOF,80.0
694.7368421052631,60.0,50.0,Au/MOF,80.0
695.3634085213032,60.0,50.0,Au/MOF,80.0
695.9899749373434,60.0,50.0,Au/MOF,80.0
696.6165413533835,60.0,50.0,Au/MOF,80.0
697.2431077694235,60.0,50.0,Au/MOF,80.0
697.8696741854636,60.0,50.0,Au/MOF,80.0
698.4962406015038,60.0,50.0,Au/MOF,80.0
699.1228070175439,60.0,50.0,Au/MOF,80.0
699.749373433584,60.0,50.0,Au/MOF,80.0
700.375939849624,60.0,50.0,Au/MOF,80.0
701.0025062656641,60.0,50.0,Au/MOF,80.0
701.6290726817042,60.0,50.0,Au/MOF,80.0
702.2556390977444,60.0,50.0,Au/MOF,80.0
702.8822055137845,60.0,50.0,Au/MOF,80.0
703.5087719298245,60.0,50.0,Au/MOF,80.0
704.1353383458646,60.0,50.0,Au/MOF,80.0
704.7619047619048,60.0,50.0,Au/MOF,80.0
705.3884711779449,60.0,50.0,Au/MOF,80.0
706.015037593985,60.0,50.0,Au/MOF,80.0
706.641604010025,60.0,50.0,Au/MOF,80.0
707.2681704260651,60.0,50.0,Au/MOF,80.0
707.8947368421052,60.0,50.0,Au/MOF,80.0
708.5213032581454,60.0,50.0,Au/MOF,80.0
709.1478696741855,60.0,50.0,Au/MOF,80.0
709.7744360902255,60.0,50.0,Au/MOF,80.0
710.4010025062656,60.0,50.0,Au/MOF,80.0
711.0275689223058,60.0,50.0,Au/MOF,80.0
711.6541353383459,60.0,50.0,Au/MOF,80.0
712.280701754386,60.0,50.0,Au/MOF,80.0
712.907268170426,60.0,50.0,Au/MOF,80.0
713.5338345864661,60.0,50.0,Au/MOF,80.0
714.1604010025062,60.0,50.0,Au/MOF,80.0
714.7869674185464,60.0,50.0,Au/MOF,80.0
715.4135338345865,60.0,50.0,Au/MOF,80.0
716.0401002506266,60.0,50.0,Au/MOF,80.0
716.6666666666666,60.0,50.0,Au/MOF,80.0
717.2932330827068,60.0,50.0,Au/MOF,80.0
717.9197994987469,60.0,50.0,Au/MOF,80.0
718.546365914787,60.0,50.0,Au/MOF,80.0
719.172932330827,60.0,50.0,Au/MOF,80.0
719.7994987468671,60.0,50.0,Au/MOF,80.0
720.4260651629072,60.0,50.0,Au/MOF,80.0
721.0526315789474,60.0,50.0,Au/MOF,80.0
721.6791979949875,60.0,50.0,Au/MOF,80.0
722.3057644110276,60.0,50.0,Au/MOF,80.0
722.9323308270676,60.0,50.0,Au/MOF,80.0
723.5588972431078,60.0,50.0,Au/MOF,80.0
724.1854636591479,60.0,50.0,Au/MOF,80.0
724.812030075188,60.0,50.0,Au/MOF,80.0
725.438596491228,60.0,50.0,Au/MOF,80.0
726.0651629072681,60.0,50.0,Au/MOF,80.0
726.6917293233082,60.0,50.0,Au/MOF,80.0
727.3182957393484,60.0,50.0,Au/MOF,80.0
727.9448621553885,60.0,50.0,Au/MOF,80.0
728.5714285714286,60.0,50.0,Au/MOF,80.0
729.1979949874686,60.0,50.0,Au/MOF,80.0
729.8245614035088,60.0,50.0,Au/MOF,80.0
730.4511278195489,60.0,50.0,Au/MOF,80.0
731.077694235589,60.0,50.0,Au/MOF,80.0
731.704260651629,60.0,50.0,Au/MOF,80.0
732.3308270676691,60.0,50.0,Au/MOF,80.0
732.9573934837092,60.0,50.0,Au/MOF,80.0
733.5839598997494,60.0,50.0,Au/MOF,80.0
734.2105263157895,60.0,50.0,Au/MOF,80.0
734.8370927318296,60.0,50.0,Au/MOF,80.0
735.4636591478696,60.0,50.0,Au/MOF,80.0
736.0902255639098,60.0,50.0,Au/MOF,80.0
736.7167919799499,60.0,50.0,Au/MOF,80.0
737.34335839599,60.0,50.0,Au/MOF,80.0
737.9699248120301,60.0,50.0,Au/MOF,80.0
738.5964912280701,60.0,50.0,Au/MOF,80.0
739.2230576441102,60.0,50.0,Au/MOF,80.0
739.8496240601504,60.0,50.0,Au/MOF,80.0
740.4761904761905,60.0,50.0,Au/MOF,80.0
741.1027568922306,60.0,50.0,Au/MOF,80.0
741.7293233082706,60.0,50.0,Au/MOF,80.0
742.3558897243108,60.0,50.0,Au/MOF,80.0
742.9824561403509,60.0,50.0,Au/MOF,80.0
743.609022556391,60.0,50.0,Au/MOF,80.0
744.2355889724311,60.0,50.0,Au/MOF,80.0
744.8621553884711,60.0,50.0,Au/MOF,80.0
745.4887218045112,60.0,50.0,Au/MOF,80.0
746.1152882205514,60.0,50.0,Au/MOF,80.0
746.7418546365915,60.0,50.0,Au/MOF,80.0
747.3684210526316,60.0,50.0,Au/MOF,80.0
747.9949874686716,60.0,50.0,Au/MOF,80.0
748.6215538847118,60.0,50.0,Au/MOF,80.0
749.2481203007519,60.0,50.0,Au/MOF,80.0
749.874686716792,60.0,50.0,Au/MOF,80.0
750.5012531328321,60.0,50.0,Au/MOF,80.0
751.1278195488721,60.0,50.0,Au/MOF,80.0
751.7543859649122,60.0,50.0,Au/MOF,80.0
752.3809523809524,60.0,50.0,Au/MOF,80.0
753.0075187969925,60.0,50.0,Au/MOF,80.0
753.6340852130326,60.0,50.0,Au/MOF,80.0
754.2606516290726,60.0,50.0,Au/MOF,80.0
754.8872180451128,60.0,50.0,Au/MOF,80.0
755.5137844611529,60.0,50.0,Au/MOF,80.0
756.140350877193,60.0,50.0,Au/MOF,80.0
756.7669172932331,60.0,50.0,Au/MOF,80.0
757.3934837092731,60.0,50.0,Au/MOF,80.0
758.0200501253132,60.0,50.0,Au/MOF,80.0
758.6466165413534,60.0,50.0,Au/MOF,80.0
759.2731829573935,60.0,50.0,Au/MOF,80.0
759.8997493734336,60.0,50.0,Au/MOF,80.0
760.5263157894736,60.0,50.0,Au/MOF,80.0
761.1528822055138,60.0,50.0,Au/MOF,80.0
761.7794486215539,60.0,50.0,Au/MOF,80.0
762.406015037594,60.0,50.0,Au/MOF,80.0
763.0325814536341,60.0,50.0,Au/MOF,80.0
763.6591478696741,60.0,50.0,Au/MOF,80.0
764.2857142857142,60.0,50.0,Au/MOF,80.0
764.9122807017544,60.0,50.0,Au/MOF,80.0
765.5388471177945,60.0,50.0,Au/MOF,80.0
766.1654135338346,60.0,50.0,Au/MOF,80.0
766.7919799498746,60.0,50.0,Au/MOF,80.0
767.4185463659148,60.0,50.0,Au/MOF,80.0
768.0451127819549,60.0,50.0,Au/MOF,80.0
768.671679197995,60.0,50.0,Au/MOF,80.0
769.2982456140351,60.0,50.0,Au/MOF,80.0
769.9248120300751,60.0,50.0,Au/MOF,80.0
770.5513784461152,60.0,50.0,Au/MOF,80.0
771.1779448621554,60.0,50.0,Au/MOF,79.99057
771.8045112781955,60.0,50.0,Au/MOF,79.9744
772.4310776942356,60.0,50.0,Au/MOF,79.958244
773.0576441102756,60.0,50.0,Au/MOF,79.94208
773.6842105263158,60.0,50.0,Au/MOF,79.92592
774.3107769423559,60.0,50.0,Au/MOF,79.90976
774.937343358396,60.0,50.0,Au/MOF,79.8936
775.5639097744361,60.0,50.0,Au/MOF,79.87745
776.1904761904761,60.0,50.0,Au/MOF,79.86128
776.8170426065162,60.0,50.0,Au/MOF,79.84512
777.4436090225564,60.0,50.0,Au/MOF,79.828964
778.0701754385965,60.0,50.0,Au/MOF,79.812805
778.6967418546366,60.0,50.0,Au/MOF,79.79677
779.3233082706766,60.0,50.0,Au/MOF,79.78378
779.9498746867168,60.0,50.0,Au/MOF,79.77132
780.5764411027569,60.0,50.0,Au/MOF,79.75884
781.203007518797,60.0,50.0,Au/MOF,79.74637
781.8295739348371,60.0,50.0,Au/MOF,79.733894
782.4561403508771,60.0,50.0,Au/MOF,79.72143
783.0827067669172,60.0,50.0,Au/MOF,79.708954
783.7092731829574,60.0,50.0,Au/MOF,79.69648
784.3358395989975,60.0,50.0,Au/MOF,79.68401
784.9624060150376,60.0,50.0,Au/MOF,79.67154
785.5889724310777,60.0,50.0,Au/MOF,79.659065
786.2155388471178,60.0,50.0,Au/MOF,79.64659
786.8421052631579,60.0,50.0,Au/MOF,79.634125
787.468671679198,60.0,50.0,Au/MOF,79.62164
788.0952380952381,60.0,50.0,Au/MOF,79.60918
788.7218045112782,60.0,50.0,Au/MOF,79.59671
789.3483709273182,60.0,50.0,Au/MOF,79.584236
789.9749373433584,60.0,50.0,Au/MOF,79.57176
790.6015037593985,60.0,50.0,Au/MOF,79.559296
791.2280701754386,60.0,50.0,Au/MOF,79.54683
791.8546365914787,60.0,50.0,Au/MOF,79.53435
792.4812030075188,60.0,50.0,Au/MOF,79.52187
793.1077694235589,60.0,50.0,Au/MOF,79.50941
793.734335839599,60.0,50.0,Au/MOF,79.49693
794.3609022556391,60.0,50.0,Au/MOF,79.48428
794.9874686716792,60.0,50.0,Au/MOF,79.47159
795.6140350877192,60.0,50.0,Au/MOF,79.45891
796.2406015037594,60.0,50.0,Au/MOF,79.446236
796.8671679197995,60.0,50.0,Au/MOF,79.433556
797.4937343358396,60.0,50.0,Au/MOF,79.42087
798.1203007518797,60.0,50.0,Au/MOF,79.40819
798.7468671679198,60.0,50.0,Au/MOF,79.3955
799.3734335839599,60.0,50.0,Au/MOF,79.38282
800.0,60.0,50.0,Au/MOF,79.37013
550.0,80.0,50.0,Au/MOF,76.06708
550.6265664160401,80.0,50.0,Au/MOF,76.07071
551.2531328320802,80.0,50.0,Au/MOF,76.07423
551.8796992481203,80.0,50.0,Au/MOF,76.07773
552.5062656641604,80.0,50.0,Au/MOF,76.081245
553.1328320802005,80.0,50.0,Au/MOF,76.08475
553.7593984962406,80.0,50.0,Au/MOF,76.08826
554.3859649122807,80.0,50.0,Au/MOF,76.09177
555.0125313283208,80.0,50.0,Au/MOF,76.09527
555.6390977443609,80.0,50.0,Au/MOF,76.098785
556.265664160401,80.0,50.0,Au/MOF,76.102295
556.8922305764411,80.0,50.0,Au/MOF,76.10579
557.5187969924812,80.0,50.0,Au/MOF,76.10931
558.1453634085213,80.0,50.0,Au/MOF,76.11282
558.7719298245614,80.0,50.0,Au/MOF,76.11632
559.3984962406015,80.0,50.0,Au/MOF,76.11983
560.0250626566416,80.0,50.0,Au/MOF,76.12334
560.6516290726817,80.0,50.0,Au/MOF,76.12685
561.2781954887218,80.0,50.0,Au/MOF,76.130356
561.9047619047619,80.0,50.0,Au/MOF,76.133865
562.531328320802,80.0,50.0,Au/MOF,76.137375
563.1578947368421,80.0,50.0,Au/MOF,76.14088
563.7844611528822,80.0,50.0,Au/MOF,76.14439
564.4110275689223,80.0,50.0,Au/MOF,76.14789
565.0375939849624,80.0,50.0,Au/MOF,76.151405
565.6641604010025,80.0,50.0,Au/MOF,76.154915
566.2907268170426,80.0,50.0,Au/MOF,76.15842
566.9172932330827,80.0,50.0,Au/MOF,76.16193
567.5438596491229,80.0,50.0,Au/MOF,76.16544
568.1704260651629,80.0,50.0,Au/MOF,76.16894
568.796992481203,80.0,50.0,Au/MOF,76.172455
569.4235588972431,80.0,50.0,Au/MOF,76.17596
570.0501253132832,80.0,50.0,Au/MOF,76.179474
570.6766917293234,80.0,50.0,Au/MOF,76.182976
571.3032581453634,80.0,50.0,Au/MOF,76.186485
571.9298245614035,80.0,50.0,Au/MOF,76.18999
572.5563909774436,80.0,50.0,Au/MOF,76.1935
573.1829573934837,80.0,50.0,Au/MOF,76.197014
573.8095238095239,80.0,50.0,Au/MOF,76.198654
574.4360902255639,80.0,50.0,Au/MOF,76.19995
575.062656641604,80.0,50.0,Au/MOF,76.20125
575.6892230576441,80.0,50.0,Au/MOF,76.20255
576.3157894736842,80.0,50.0,Au/MOF,76.20386
576.9423558897244,80.0,50.0,Au/MOF,76.205154
577.5689223057644,80.0,50.0,Au/MOF,76.20645
578.1954887218045,80.0,50.0,Au/MOF,76.20775
578.8220551378446,80.0,50.0,Au/MOF,76.20905
579.4486215538847,80.0,50.0,Au/MOF,76.21036
580.0751879699249,80.0,50.0,Au/MOF,76.211655
580.7017543859649,80.0,50.0,Au/MOF,76.21296
581.328320802005,80.0,50.0,Au/MOF,76.214264
581.9548872180451,80.0,50.0,Au/MOF,76.21555
582.5814536340852,80.0,50.0,Au/MOF,76.2165
583.2080200501254,80.0,50.0,Au/MOF,76.21699
583.8345864661654,80.0,50.0,Au/MOF,76.21744
584.4611528822055,80.0,50.0,Au/MOF,76.21792
585.0877192982456,80.0,50.0,Au/MOF,76.2184
585.7142857142857,80.0,50.0,Au/MOF,76.218796
586.3408521303259,80.0,50.0,Au/MOF,76.21913
586.9674185463659,80.0,50.0,Au/MOF,76.21945
587.593984962406,80.0,50.0,Au/MOF,76.21977
588.2205513784461,80.0,50.0,Au/MOF,76.22011
588.8471177944862,80.0,50.0,Au/MOF,76.22043
589.4736842105264,80.0,50.0,Au/MOF,76.220764
590.1002506265664,80.0,50.0,Au/MOF,76.22109
590.7268170426065,80.0,50.0,Au/MOF,76.22142
591.3533834586466,80.0,50.0,Au/MOF,76.22175
591.9799498746867,80.0,50.0,Au/MOF,76.22208
592.6065162907269,80.0,50.0,Au/MOF,76.223404
593.2330827067669,80.0,50.0,Au/MOF,76.225006
593.859649122807,80.0,50.0,Au/MOF,76.2266
594.4862155388471,80.0,50.0,Au/MOF,76.228195
595.1127819548872,80.0,50.0,Au/MOF,76.2298
595.7393483709274,80.0,50.0,Au/MOF,76.2314
596.3659147869674,80.0,50.0,Au/MOF,76.232994
596.9924812030075,80.0,50.0,Au/MOF,76.2346
597.6190476190476,80.0,50.0,Au/MOF,76.236496
598.2456140350877,80.0,50.0,Au/MOF,76.23883
598.8721804511279,80.0,50.0,Au/MOF,76.241165
599.4987468671679,80.0,50.0,Au/MOF,76.244385
600.125313283208,80.0,50.0,Au/MOF,76.24793
600.7518796992481,80.0,50.0,Au/MOF,76.25148
601.3784461152882,80.0,50.0,Au/MOF,76.255035
602.0050125313284,80.0,50.0,Au/MOF,76.25859
602.6315789473684,80.0,50.0,Au/MOF,76.26214
603.2581453634085,80.0,50.0,Au/MOF,76.265686
603.8847117794486,80.0,50.0,Au/MOF,76.26924
604.5112781954887,80.0,50.0,Au/MOF,76.27279
605.1378446115289,80.0,50.0,Au/MOF,76.27634
605.7644110275689,80.0,50.0,Au/MOF,76.27989
606.390977443609,80.0,50.0,Au/MOF,76.28322
607.0175438596491,80.0,50.0,Au/MOF,76.28576
607.6441102756892,80.0,50.0,Au/MOF,76.28831
608.2706766917294,80.0,50.0,Au/MOF,76.29086
608.8972431077694,80.0,50.0,Au/MOF,76.293396
609.5238095238095,80.0,50.0,Au/MOF,76.295944
610.1503759398496,80.0,50.0,Au/MOF,76.29849
610.7769423558897,80.0,50.0,Au/MOF,76.30103
611.4035087719299,80.0,50.0,Au/MOF,76.30359
612.0300751879699,80.0,50.0,Au/MOF,76.30612
612.65664160401,80.0,50.0,Au/MOF,76.30868
613.2832080200501,80.0,50.0,Au/MOF,76.31122
613.9097744360902,80.0,50.0,Au/MOF,76.31377
614.5363408521304,80.0,50.0,Au/MOF,76.316315
615.1629072681704,80.0,50.0,Au/MOF,76.31886
615.7894736842105,80.0,50.0,Au/MOF,76.32141
616.4160401002506,80.0,50.0,Au/MOF,76.32395
617.0426065162907,80.0,50.0,Au/MOF,76.3265
617.6691729323309,80.0,50.0,Au/MOF,76.32905
618.295739348371,80.0,50.0,Au/MOF,76.33158
618.922305764411,80.0,50.0,Au/MOF,76.33413
619.5488721804511,80.0,50.0,Au/MOF,76.33771
620.1754385964912,80.0,50.0,Au/MOF,76.34139
620.8020050125314,80.0,50.0,Au/MOF,76.34509
621.4285714285714,80.0,50.0,Au/MOF,76.34879
622.0551378446115,80.0,50.0,Au/MOF,76.35248
622.6817042606516,80.0,50.0,Au/MOF,76.356186
623.3082706766917,80.0,50.0,Au/MOF,76.35988
623.9348370927319,80.0,50.0,Au/MOF,76.36357
624.561403508772,80.0,50.0,Au/MOF,76.36727
625.187969924812,80.0,50.0,Au/MOF,76.37096
625.8145363408521,80.0,50.0,Au/MOF,76.37466
626.4411027568922,80.0,50.0,Au/MOF,76.37836
627.0676691729324,80.0,50.0,Au/MOF,76.38205
627.6942355889724,80.0,50.0,Au/MOF,76.38574
628.3208020050125,80.0,50.0,Au/MOF,76.38944
628.9473684210526,80.0,50.0,Au/MOF,76.39314
629.5739348370927,80.0,50.0,Au/MOF,76.39685
630.2005012531329,80.0,50.0,Au/MOF,76.40053
630.827067669173,80.0,50.0,Au/MOF,76.40422
631.453634085213,80.0,50.0,Au/MOF,76.40793
632.0802005012531,80.0,50.0,Au/MOF,76.41162
632.7067669172932,80.0,50.0,Au/MOF,76.41531
633.3333333333334,80.0,50.0,Au/MOF,76.41901
633.9598997493734,80.0,50.0,Au/MOF,76.422714
634.5864661654135,80.0,50.0,Au/MOF,76.4264
635.2130325814536,80.0,50.0,Au/MOF,76.4301
635.8395989974937,80.0,50.0,Au/MOF,76.4338
636.4661654135339,80.0,50.0,Au/MOF,76.4375
637.092731829574,80.0,50.0,Au/MOF,76.441185
637.719298245614,80.0,50.0,Au/MOF,76.44488
638.3458646616541,80.0,50.0,Au/MOF,76.44858
638.9724310776942,80.0,50.0,Au/MOF,76.45226
639.5989974937344,80.0,50.0,Au/MOF,76.45597
640.2255639097745,80.0,50.0,Au/MOF,76.45967
640.8521303258145,80.0,50.0,Au/MOF,76.46336
641.4786967418546,80.0,50.0,Au/MOF,76.46706
642.1052631578947,80.0,50.0,Au/MOF,76.47075
642.7318295739349,80.0,50.0,Au/MOF,76.47444
643.358395989975,80.0,50.0,Au/MOF,76.47815
643.984962406015,80.0,50.0,Au/MOF,76.48184
644.6115288220551,80.0,50.0,Au/MOF,76.48553
645.2380952380952,80.0,50.0,Au/MOF,76.489235
645.8646616541354,80.0,50.0,Au/MOF,76.49293
646.4912280701755,80.0,50.0,Au/MOF,76.49663
647.1177944862155,80.0,50.0,Au/MOF,76.50032
647.7443609022556,80.0,50.0,Au/MOF,76.50402
648.3709273182957,80.0,50.0,Au/MOF,76.507706
648.9974937343359,80.0,50.0,Au/MOF,76.511406
649.624060150376,80.0,50.0,Au/MOF,76.5151
650.250626566416,80.0,50.0,Au/MOF,76.5188
650.8771929824561,80.0,50.0,Au/MOF,76.52249
651.5037593984962,80.0,50.0,Au/MOF,76.52619
652.1303258145364,80.0,50.0,Au/MOF,76.52989
652.7568922305765,80.0,50.0,Au/MOF,76.53225
653.3834586466165,80.0,50.0,Au/MOF,76.53371
654.0100250626566,80.0,50.0,Au/MOF,76.53515
654.6365914786967,80.0,50.0,Au/MOF,76.5366
655.2631578947369,80.0,50.0,Au/MOF,76.538055
655.889724310777,80.0,50.0,Au/MOF,76.53949
656.516290726817,80.0,50.0,Au/MOF,76.54095
657.1428571428571,80.0,50.0,Au/MOF,76.5424
657.7694235588972,80.0,50.0,Au/MOF,76.54385
658.3959899749374,80.0,50.0,Au/MOF,76.5453
659.0225563909775,80.0,50.0,Au/MOF,76.54675
659.6491228070175,80.0,50.0,Au/MOF,76.5482
660.2756892230576,80.0,50.0,Au/MOF,76.54965
660.9022556390977,80.0,50.0,Au/MOF,76.55111
661.5288220551379,80.0,50.0,Au/MOF,76.55256
662.155388471178,80.0,50.0,Au/MOF,76.554
662.781954887218,80.0,50.0,Au/MOF,76.555466
663.4085213032581,80.0,50.0,Au/MOF,76.556915
664.0350877192982,80.0,50.0,Au/MOF,76.55836
664.6616541353384,80.0,50.0,Au/MOF,76.55981
665.2882205513785,80.0,50.0,Au/MOF,76.561264
665.9147869674185,80.0,50.0,Au/MOF,76.562706
666.5413533834586,80.0,50.0,Au/MOF,76.56416
667.1679197994987,80.0,50.0,Au/MOF,76.56561
667.7944862155389,80.0,50.0,Au/MOF,76.56707
668.421052631579,80.0,50.0,Au/MOF,76.56851
669.047619047619,80.0,50.0,Au/MOF,76.56997
669.6741854636591,80.0,50.0,Au/MOF,76.5712
670.3007518796992,80.0,50.0,Au/MOF,76.57066
670.9273182957394,80.0,50.0,Au/MOF,76.57012
671.5538847117795,80.0,50.0,Au/MOF,76.56958
672.1804511278195,80.0,50.0,Au/MOF,76.569046
672.8070175438596,80.0,50.0,Au/MOF,76.56851
673.4335839598998,80.0,50.0,Au/MOF,76.56796
674.0601503759399,80.0,50.0,Au/MOF,76.56743
674.68671679198,80.0,50.0,Au/MOF,76.566895
675.31328320802,80.0,50.0,Au/MOF,76.56635
675.9398496240601,80.0,50.0,Au/MOF,76.56551
676.5664160401002,80.0,50.0,Au/MOF,76.56453
677.1929824561404,80.0,50.0,Au/MOF,76.563545
677.8195488721805,80.0,50.0,Au/MOF,76.56256
678.4461152882205,80.0,50.0,Au/MOF,76.56158
679.0726817042606,80.0,50.0,Au/MOF,76.56059
679.6992481203008,80.0,50.0,Au/MOF,76.559616
680.3258145363409,80.0,50.0,Au/MOF,76.558624
680.952380952381,80.0,50.0,Au/MOF,76.55765
681.578947368421,80.0,50.0,Au/MOF,76.55666
682.2055137844611,80.0,50.0,Au/MOF,76.55568
682.8320802005012,80.0,50.0,Au/MOF,76.5547
683.4586466165414,80.0,50.0,Au/MOF,76.55371
684.0852130325815,80.0,50.0,Au/MOF,76.552734
684.7117794486215,80.0,50.0,Au/MOF,76.55174
685.3383458646616,80.0,50.0,Au/MOF,76.550766
685.9649122807018,80.0,50.0,Au/MOF,76.54978
686.5914786967419,80.0,50.0,Au/MOF,76.54879
687.218045112782,80.0,50.0,Au/MOF,76.54781
687.844611528822,80.0,50.0,Au/MOF,76.54683
688.4711779448621,80.0,50.0,Au/MOF,76.54585
689.0977443609022,80.0,50.0,Au/MOF,76.54486
689.7243107769424,80.0,50.0,Au/MOF,76.54439
690.3508771929825,80.0,50.0,Au/MOF,76.5444
690.9774436090225,80.0,50.0,Au/MOF,76.544426
691.6040100250626,80.0,50.0,Au/MOF,76.54443
692.2305764411028,80.0,50.0,Au/MOF,76.54445
692.8571428571429,80.0,50.0,Au/MOF,76.54447
693.483709273183,80.0,50.0,Au/MOF,76.54448
694.110275689223,80.0,50.0,Au/MOF,76.544495
694.7368421052631,80.0,50.0,Au/MOF,76.54452
695.3634085213032,80.0,50.0,Au/MOF,76.544525
695.9899749373434,80.0,50.0,Au/MOF,76.54454
696.6165413533835,80.0,50.0,Au/MOF,76.54454
697.2431077694235,80.0,50.0,Au/MOF,76.544334
697.8696741854636,80.0,50.0,Au/MOF,76.541595
698.4962406015038,80.0,50.0,Au/MOF,76.53885
699.1228070175439,80.0,50.0,Au/MOF,76.5361
699.749373433584,80.0,50.0,Au/MOF,76.53336
700.375939849624,80.0,50.0,Au/MOF,76.53062
701.0025062656641,80.0,50.0,Au/MOF,76.52788
701.6290726817042,80.0,50.0,Au/MOF,76.52513
702.2556390977444,80.0,50.0,Au/MOF,76.522385
702.8822055137845,80.0,50.0,Au/MOF,76.519646
703.5087719298245,80.0,50.0,Au/MOF,76.5169
704.1353383458646,80.0,50.0,Au/MOF,76.51415
704.7619047619048,80.0,50.0,Au/MOF,76.51141
705.3884711779449,80.0,50.0,Au/MOF,76.50866
706.015037593985,80.0,50.0,Au/MOF,76.50592
706.641604010025,80.0,50.0,Au/MOF,76.503174
707.2681704260651,80.0,50.0,Au/MOF,76.50043
707.8947368421052,80.0,50.0,Au/MOF,76.49769
708.5213032581454,80.0,50.0,Au/MOF,76.49494
709.1478696741855,80.0,50.0,Au/MOF,76.4922
709.7744360902255,80.0,50.0,Au/MOF,76.489456
710.4010025062656,80.0,50.0,Au/MOF,76.48671
711.0275689223058,80.0,50.0,Au/MOF,76.48397
711.6541353383459,80.0,50.0,Au/MOF,76.481224
712.280701754386,80.0,50.0,Au/MOF,76.47848
712.907268170426,80.0,50.0,Au/MOF,76.47572
713.5338345864661,80.0,50.0,Au/MOF,76.47299
714.1604010025062,80.0,50.0,Au/MOF,76.47025
714.7869674185464,80.0,50.0,Au/MOF,76.46751
715.4135338345865,80.0,50.0,Au/MOF,76.46476
716.0401002506266,80.0,50.0,Au/MOF,76.462006
716.6666666666666,80.0,50.0,Au/MOF,76.459274
717.2932330827068,80.0,50.0,Au/MOF,76.45653
717.9197994987469,80.0,50.0,Au/MOF,76.45378
718.546365914787,80.0,50.0,Au/MOF,76.451035
719.172932330827,80.0,50.0,Au/MOF,76.44829
719.7994987468671,80.0,50.0,Au/MOF,76.44555
720.4260651629072,80.0,50.0,Au/MOF,76.4428
721.0526315789474,80.0,50.0,Au/MOF,76.44006
721.6791979949875,80.0,50.0,Au/MOF,76.43732
722.3057644110276,80.0,50.0,Au/MOF,76.43456
722.9323308270676,80.0,50.0,Au/MOF,76.43183
723.5588972431078,80.0,50.0,Au/MOF,76.42908
724.1854636591479,80.0,50.0,Au/MOF,76.42634
724.812030075188,80.0,50.0,Au/MOF,76.4236
725.438596491228,80.0,50.0,Au/MOF,76.42085
726.0651629072681,80.0,50.0,Au/MOF,76.418106
726.6917293233082,80.0,50.0,Au/MOF,76.41537
727.3182957393484,80.0,50.0,Au/MOF,76.41262
727.9448621553885,80.0,50.0,Au/MOF,76.41159
728.5714285714286,80.0,50.0,Au/MOF,76.411415
729.1979949874686,80.0,50.0,Au/MOF,76.41123
729.8245614035088,80.0,50.0,Au/MOF,76.41106
730.4511278195489,80.0,50.0,Au/MOF,76.41087
731.077694235589,80.0,50.0,Au/MOF,76.4107
731.704260651629,80.0,50.0,Au/MOF,76.410515
732.3308270676691,80.0,50.0,Au/MOF,76.41034
732.9573934837092,80.0,50.0,Au/MOF,76.410164
733.5839598997494,80.0,50.0,Au/MOF,76.40997
734.2105263157895,80.0,50.0,Au/MOF,76.4098
734.8370927318296,80.0,50.0,Au/MOF,76.40962
735.4636591478696,80.0,50.0,Au/MOF,76.40943
736.0902255639098,80.0,50.0,Au/MOF,76.40926
736.7167919799499,80.0,50.0,Au/MOF,76.40908
737.34335839599,80.0,50.0,Au/MOF,76.4089
737.9699248120301,80.0,50.0,Au/MOF,76.40873
738.5964912280701,80.0,50.0,Au/MOF,76.408554
739.2230576441102,80.0,50.0,Au/MOF,76.40836
739.8496240601504,80.0,50.0,Au/MOF,76.408195
740.4761904761905,80.0,50.0,Au/MOF,76.40801
741.1027568922306,80.0,50.0,Au/MOF,76.40784
741.7293233082706,80.0,50.0,Au/MOF,76.40765
742.3558897243108,80.0,50.0,Au/MOF,76.40747
742.9824561403509,80.0,50.0,Au/MOF,76.407295
743.609022556391,80.0,50.0,Au/MOF,76.40711
744.2355889724311,80.0,50.0,Au/MOF,76.40694
744.8621553884711,80.0,50.0,Au/MOF,76.40675
745.4887218045112,80.0,50.0,Au/MOF,76.40658
746.1152882205514,80.0,50.0,Au/MOF,76.406395
746.7418546365915,80.0,50.0,Au/MOF,76.40621
747.3684210526316,80.0,50.0,Au/MOF,76.40604
747.9949874686716,80.0,50.0,Au/MOF,76.40585
748.6215538847118,80.0,50.0,Au/MOF,76.40568
749.2481203007519,80.0,50.0,Au/MOF,76.4055
749.874686716792,80.0,50.0,Au/MOF,76.40532
750.5012531328321,80.0,50.0,Au/MOF,76.40514
751.1278195488721,80.0,50.0,Au/MOF,76.40496
751.7543859649122,80.0,50.0,Au/MOF,76.40477
752.3809523809524,80.0,50.0,Au/MOF,76.4046
753.0075187969925,80.0,50.0,Au/MOF,76.40442
753.6340852130326,80.0,50.0,Au/MOF,76.404236
754.2606516290726,80.0,50.0,Au/MOF,76.40406
754.8872180451128,80.0,50.0,Au/MOF,76.40388
755.5137844611529,80.0,50.0,Au/MOF,76.4037
756.140350877193,80.0,50.0,Au/MOF,76.403534
756.7669172932331,80.0,50.0,Au/MOF,76.40335
757.3934837092731,80.0,50.0,Au/MOF,76.40316
758.0200501253132,80.0,50.0,Au/MOF,76.40299
758.6466165413534,80.0,50.0,Au/MOF,76.40281
759.2731829573935,80.0,50.0,Au/MOF,76.40263
759.8997493734336,80.0,50.0,Au/MOF,76.40245
760.5263157894736,80.0,50.0,Au/MOF,76.4012
761.1528822055138,80.0,50.0,Au/MOF,76.399765
761.7794486215539,80.0,50.0,Au/MOF,76.398346
762.406015037594,80.0,50.0,Au/MOF,76.39691
763.0325814536341,80.0,50.0,Au/MOF,76.39549
763.6591478696741,80.0,50.0,Au/MOF,76.394066
764.2857142857142,80.0,50.0,Au/MOF,76.39243
764.9122807017544,80.0,50.0,Au/MOF,76.389244
765.5388471177945,80.0,50.0,Au/MOF,76.38605
766.1654135338346,80.0,50.0,Au/MOF,76.38286
766.7919799498746,80.0,50.0,Au/MOF,76.37967
767.4185463659148,80.0,50.0,Au/MOF,76.37648
768.0451127819549,80.0,50.0,Au/MOF,76.373276
768.671679197995,80.0,50.0,Au/MOF,76.37009
769.2982456140351,80.0,50.0,Au/MOF,76.3669
769.9248120300751,80.0,50.0,Au/MOF,76.36371
770.5513784461152,80.0,50.0,Au/MOF,76.36051
771.1779448621554,80.0,50.0,Au/MOF,76.357315
771.8045112781955,80.0,50.0,Au/MOF,76.354126
772.4310776942356,80.0,50.0,Au/MOF,76.35094
773.0576441102756,80.0,50.0,Au/MOF,76.34775
773.6842105263158,80.0,50.0,Au/MOF,76.34455
774.3107769423559,80.0,50.0,Au/MOF,76.34136
774.937343358396,80.0,50.0,Au/MOF,76.338165
775.5639097744361,80.0,50.0,Au/MOF,76.33498
776.1904761904761,80.0,50.0,Au/MOF,76.33178
776.8170426065162,80.0,50.0,Au/MOF,76.32859
777.4436090225564,80.0,50.0,Au/MOF,76.32539
778.0701754385965,80.0,50.0,Au/MOF,76.322205
778.6967418546366,80.0,50.0,Au/MOF,76.31947
779.3233082706766,80.0,50.0,Au/MOF,76.31766
779.9498746867168,80.0,50.0,Au/MOF,76.31584
780.5764411027569,80.0,50.0,Au/MOF,76.31403
781.203007518797,80.0,50.0,Au/MOF,76.31222
781.8295739348371,80.0,50.0,Au/MOF,76.31003
782.4561403508771,80.0,50.0,Au/MOF,76.3075
783.0827067669172,80.0,50.0,Au/MOF,76.30496
783.7092731829574,80.0,50.0,Au/MOF,76.30407
784.3358395989975,80.0,50.0,Au/MOF,76.30551
784.9624060150376,80.0,50.0,Au/MOF,76.30696
785.5889724310777,80.0,50.0,Au/MOF,76.30841
786.2155388471178,80.0,50.0,Au/MOF,76.30986
786.8421052631579,80.0,50.0,Au/MOF,76.31131
787.468671679198,80.0,50.0,Au/MOF,76.31275
788.0952380952381,80.0,50.0,Au/MOF,76.31421
788.7218045112782,80.0,50.0,Au/MOF,76.31565
789.3483709273182,80.0,50.0,Au/MOF,76.31709
789.9749373433584,80.0,50.0,Au/MOF,76.31854
790.6015037593985,80.0,50.0,Au/MOF,76.31999
791.2280701754386,80.0,50.0,Au/MOF,76.32144
791.8546365914787,80.0,50.0,Au/MOF,76.32289
792.4812030075188,80.0,50.0,Au/MOF,76.32433
793.1077694235589,80.0,50.0,Au/MOF,76.325775
793.734335839599,80.0,50.0,Au/MOF,76.327225
794.3609022556391,80.0,50.0,Au/MOF,76.328674
794.9874686716792,80.0,50.0,Au/MOF,76.33013
795.6140350877192,80.0,50.0,Au/MOF,76.33157
796.2406015037594,80.0,50.0,Au/MOF,76.33301
796.8671679197995,80.0,50.0,Au/MOF,76.33446
797.4937343358396,80.0,50.0,Au/MOF,76.335915
798.1203007518797,80.0,50.0,Au/MOF,76.33737
798.7468671679198,80.0,50.0,Au/MOF,76.338806
799.3734335839599,80.0,50.0,Au/MOF,76.340256
800.0,80.0,50.0,Au/MOF,76.341705
550.0,0.0,80.0,Au/MOF,54.154377
550.6265664160401,0.0,80.0,Au/MOF,54.14893
551.2531328320802,0.0,80.0,Au/MOF,54.14347
551.8796992481203,0.0,80.0,Au/MOF,54.13802
552.5062656641604,0.0,80.0,Au/MOF,54.13257
553.1328320802005,0.0,80.0,Au/MOF,54.127106
553.7593984962406,0.0,80.0,Au/MOF,54.12166
554.3859649122807,0.0,80.0,Au/MOF,54.116566
555.0125313283208,0.0,80.0,Au/MOF,54.113735
555.6390977443609,0.0,80.0,Au/MOF,54.110905
556.265664160401,0.0,80.0,Au/MOF,54.108086
556.8922305764411,0.0,80.0,Au/MOF,54.10525
557.5187969924812,0.0,80.0,Au/MOF,54.102417
558.1453634085213,0.0,80.0,Au/MOF,54.099598
558.7719298245614,0.0,80.0,Au/MOF,54.096764
559.3984962406015,0.0,80.0,Au/MOF,54.09393
560.0250626566416,0.0,80.0,Au/MOF,54.091114
560.6516290726817,0.0,80.0,Au/MOF,54.08828
561.2781954887218,0.0,80.0,Au/MOF,54.085453
561.9047619047619,0.0,80.0,Au/MOF,54.08262
562.531328320802,0.0,80.0,Au/MOF,54.079792
563.1578947368421,0.0,80.0,Au/MOF,54.076965
563.7844611528822,0.0,80.0,Au/MOF,54.07413
564.4110275689223,0.0,80.0,Au/MOF,54.071316
565.0375939849624,0.0,80.0,Au/MOF,54.068478
565.6641604010025,0.0,80.0,Au/MOF,54.06565
566.2907268170426,0.0,80.0,Au/MOF,54.062824
566.9172932330827,0.0,80.0,Au/MOF,54.059998
567.5438596491229,0.0,80.0,Au/MOF,54.057163
568.1704260651629,0.0,80.0,Au/MOF,54.054337
568.796992481203,0.0,80.0,Au/MOF,54.05151
569.4235588972431,0.0,80.0,Au/MOF,54.04868
570.0501253132832,0.0,80.0,Au/MOF,54.045845
570.6766917293234,0.0,80.0,Au/MOF,54.043022
571.3032581453634,0.0,80.0,Au/MOF,54.040195
571.9298245614035,0.0,80.0,Au/MOF,54.037365
572.5563909774436,0.0,80.0,Au/MOF,54.034534
573.1829573934837,0.0,80.0,Au/MOF,54.031708
573.8095238095239,0.0,80.0,Au/MOF,54.028885
574.4360902255639,0.0,80.0,Au/MOF,54.026054
575.062656641604,0.0,80.0,Au/MOF,54.02322
575.6892230576441,0.0,80.0,Au/MOF,54.020386
576.3157894736842,0.0,80.0,Au/MOF,54.017567
576.9423558897244,0.0,80.0,Au/MOF,54.014736
577.5689223057644,0.0,80.0,Au/MOF,54.0119
578.1954887218045,0.0,80.0,Au/MOF,54.009083
578.8220551378446,0.0,80.0,Au/MOF,54.00625
579.4486215538847,0.0,80.0,Au/MOF,54.003414
580.0751879699249,0.0,80.0,Au/MOF,54.0006
580.7017543859649,0.0,80.0,Au/MOF,53.99776
581.328320802005,0.0,80.0,Au/MOF,53.994938
581.9548872180451,0.0,80.0,Au/MOF,53.992107
582.5814536340852,0.0,80.0,Au/MOF,53.98928
583.2080200501254,0.0,80.0,Au/MOF,53.986446
583.8345864661654,0.0,80.0,Au/MOF,53.983616
584.4611528822055,0.0,80.0,Au/MOF,53.980793
585.0877192982456,0.0,80.0,Au/MOF,53.977962
585.7142857142857,0.0,80.0,Au/MOF,53.97514
586.3408521303259,0.0,80.0,Au/MOF,53.97231
586.9674185463659,0.0,80.0,Au/MOF,53.96948
587.593984962406,0.0,80.0,Au/MOF,53.96665
588.2205513784461,0.0,80.0,Au/MOF,53.963825
588.8471177944862,0.0,80.0,Au/MOF,53.962963
589.4736842105264,0.0,80.0,Au/MOF,53.962605
590.1002506265664,0.0,80.0,Au/MOF,53.962265
590.7268170426065,0.0,80.0,Au/MOF,53.961906
591.3533834586466,0.0,80.0,Au/MOF,53.96155
591.9799498746867,0.0,80.0,Au/MOF,53.961205
592.6065162907269,0.0,80.0,Au/MOF,53.96085
593.2330827067669,0.0,80.0,Au/MOF,53.960495
593.859649122807,0.0,80.0,Au/MOF,53.960148
594.4862155388471,0.0,80.0,Au/MOF,53.959793
595.1127819548872,0.0,80.0,Au/MOF,53.959442
595.7393483709274,0.0,80.0,Au/MOF,53.959084
596.3659147869674,0.0,80.0,Au/MOF,53.958733
596.9924812030075,0.0,80.0,Au/MOF,53.958385
597.6190476190476,0.0,80.0,Au/MOF,53.958035
598.2456140350877,0.0,80.0,Au/MOF,53.957676
598.8721804511279,0.0,80.0,Au/MOF,53.957634
599.4987468671679,0.0,80.0,Au/MOF,53.958866
600.125313283208,0.0,80.0,Au/MOF,53.96011
600.7518796992481,0.0,80.0,Au/MOF,53.961353
601.3784461152882,0.0,80.0,Au/MOF,53.962585
602.0050125313284,0.0,80.0,Au/MOF,53.963833
602.6315789473684,0.0,80.0,Au/MOF,53.965065
603.2581453634085,0.0,80.0,Au/MOF,53.966305
603.8847117794486,0.0,80.0,Au/MOF,53.96755
604.5112781954887,0.0,80.0,Au/MOF,53.968784
605.1378446115289,0.0,80.0,Au/MOF,53.97002
605.7644110275689,0.0,80.0,Au/MOF,53.971252
606.390977443609,0.0,80.0,Au/MOF,53.972496
607.0175438596491,0.0,80.0,Au/MOF,53.973915
607.6441102756892,0.0,80.0,Au/MOF,53.977436
608.2706766917294,0.0,80.0,Au/MOF,53.98289
608.8972431077694,0.0,80.0,Au/MOF,53.98834
609.5238095238095,0.0,80.0,Au/MOF,53.993786
610.1503759398496,0.0,80.0,Au/MOF,53.999233
610.7769423558897,0.0,80.0,Au/MOF,54.004696
611.4035087719299,0.0,80.0,Au/MOF,54.01014
612.0300751879699,0.0,80.0,Au/MOF,54.015583
612.65664160401,0.0,80.0,Au/MOF,54.021183
613.2832080200501,0.0,80.0,Au/MOF,54.0274
613.9097744360902,0.0,80.0,Au/MOF,54.033413
614.5363408521304,0.0,80.0,Au/MOF,54.039425
615.1629072681704,0.0,80.0,Au/MOF,54.04543
615.7894736842105,0.0,80.0,Au/MOF,54.051434
616.4160401002506,0.0,80.0,Au/MOF,54.05708
617.0426065162907,0.0,80.0,Au/MOF,54.062725
617.6691729323309,0.0,80.0,Au/MOF,54.06837
618.295739348371,0.0,80.0,Au/MOF,54.074127
618.922305764411,0.0,80.0,Au/MOF,54.08007
619.5488721804511,0.0,80.0,Au/MOF,54.08601
620.1754385964912,0.0,80.0,Au/MOF,54.091938
620.8020050125314,0.0,80.0,Au/MOF,54.097866
621.4285714285714,0.0,80.0,Au/MOF,54.103813
622.0551378446115,0.0,80.0,Au/MOF,54.10974
622.6817042606516,0.0,80.0,Au/MOF,54.115673
623.3082706766917,0.0,80.0,Au/MOF,54.12162
623.9348370927319,0.0,80.0,Au/MOF,54.127556
624.561403508772,0.0,80.0,Au/MOF,54.13349
625.187969924812,0.0,80.0,Au/MOF,54.139423
625.8145363408521,0.0,80.0,Au/MOF,54.145355
626.4411027568922,0.0,80.0,Au/MOF,54.1513
627.0676691729324,0.0,80.0,Au/MOF,54.15723
627.6942355889724,0.0,80.0,Au/MOF,54.163166
628.3208020050125,0.0,80.0,Au/MOF,54.16911
628.9473684210526,0.0,80.0,Au/MOF,54.175045
629.5739348370927,0.0,80.0,Au/MOF,54.18123
630.2005012531329,0.0,80.0,Au/MOF,54.187946
630.827067669173,0.0,80.0,Au/MOF,54.19467
631.453634085213,0.0,80.0,Au/MOF,54.201405
632.0802005012531,0.0,80.0,Au/MOF,54.208126
632.7067669172932,0.0,80.0,Au/MOF,54.214844
633.3333333333334,0.0,80.0,Au/MOF,54.221573
633.9598997493734,0.0,80.0,Au/MOF,54.228302
634.5864661654135,0.0,80.0,Au/MOF,54.234745
635.2130325814536,0.0,80.0,Au/MOF,54.239864
635.8395989974937,0.0,80.0,Au/MOF,54.244984
636.4661654135339,0.0,80.0,Au/MOF,54.250103
637.092731829574,0.0,80.0,Au/MOF,54.255238
637.719298245614,0.0,80.0,Au/MOF,54.260345
638.3458646616541,0.0,80.0,Au/MOF,54.26547
638.9724310776942,0.0,80.0,Au/MOF,54.270596
639.5989974937344,0.0,80.0,Au/MOF,54.275715
640.2255639097745,0.0,80.0,Au/MOF,54.280834
640.8521303258145,0.0,80.0,Au/MOF,54.285954
641.4786967418546,0.0,80.0,Au/MOF,54.291073
642.1052631578947,0.0,80.0,Au/MOF,54.2962
642.7318295739349,0.0,80.0,Au/MOF,54.301315
643.358395989975,0.0,80.0,Au/MOF,54.306442
643.984962406015,0.0,80.0,Au/MOF,54.31155
644.6115288220551,0.0,80.0,Au/MOF,54.31668
645.2380952380952,0.0,80.0,Au/MOF,54.321796
645.8646616541354,0.0,80.0,Au/MOF,54.326893
646.4912280701755,0.0,80.0,Au/MOF,54.331787
647.1177944862155,0.0,80.0,Au/MOF,54.33668
647.7443609022556,0.0,80.0,Au/MOF,54.34158
648.3709273182957,0.0,80.0,Au/MOF,54.346478
648.9974937343359,0.0,80.0,Au/MOF,54.351368
649.624060150376,0.0,80.0,Au/MOF,54.35627
650.250626566416,0.0,80.0,Au/MOF,54.361156
650.8771929824561,0.0,80.0,Au/MOF,54.36606
651.5037593984962,0.0,80.0,Au/MOF,54.370953
652.1303258145364,0.0,80.0,Au/MOF,54.37585
652.7568922305765,0.0,80.0,Au/MOF,54.38074
653.3834586466165,0.0,80.0,Au/MOF,54.38564
654.0100250626566,0.0,80.0,Au/MOF,54.390537
654.6365914786967,0.0,80.0,Au/MOF,54.395428
655.2631578947369,0.0,80.0,Au/MOF,54.400333
655.889724310777,0.0,80.0,Au/MOF,54.405224
656.516290726817,0.0,80.0,Au/MOF,54.41012
657.1428571428571,0.0,80.0,Au/MOF,54.41502
657.7694235588972,0.0,80.0,Au/MOF,54.419907
658.3959899749374,0.0,80.0,Au/MOF,54.424805
659.0225563909775,0.0,80.0,Au/MOF,54.429707
659.6491228070175,0.0,80.0,Au/MOF,54.4346
660.2756892230576,0.0,80.0,Au/MOF,54.439495
660.9022556390977,0.0,80.0,Au/MOF,54.444386
661.5288220551379,0.0,80.0,Au/MOF,54.449284
662.155388471178,0.0,80.0,Au/MOF,54.454178
662.781954887218,0.0,80.0,Au/MOF,54.45908
663.4085213032581,0.0,80.0,Au/MOF,54.463974
664.0350877192982,0.0,80.0,Au/MOF,54.46887
664.6616541353384,0.0,80.0,Au/MOF,54.473763
665.2882205513785,0.0,80.0,Au/MOF,54.478664
665.9147869674185,0.0,80.0,Au/MOF,54.485195
666.5413533834586,0.0,80.0,Au/MOF,54.491886
667.1679197994987,0.0,80.0,Au/MOF,54.49857
667.7944862155389,0.0,80.0,Au/MOF,54.505257
668.421052631579,0.0,80.0,Au/MOF,54.511936
669.047619047619,0.0,80.0,Au/MOF,54.51862
669.6741854636591,0.0,80.0,Au/MOF,54.525307
670.3007518796992,0.0,80.0,Au/MOF,54.531994
670.9273182957394,0.0,80.0,Au/MOF,54.538677
671.5538847117795,0.0,80.0,Au/MOF,54.545364
672.1804511278195,0.0,80.0,Au/MOF,54.552048
672.8070175438596,0.0,80.0,Au/MOF,54.558727
673.4335839598998,0.0,80.0,Au/MOF,54.56541
674.0601503759399,0.0,80.0,Au/MOF,54.572105
674.68671679198,0.0,80.0,Au/MOF,54.578777
675.31328320802,0.0,80.0,Au/MOF,54.58548
675.9398496240601,0.0,80.0,Au/MOF,54.59216
676.5664160401002,0.0,80.0,Au/MOF,54.598835
677.1929824561404,0.0,80.0,Au/MOF,54.60552
677.8195488721805,0.0,80.0,Au/MOF,54.61158
678.4461152882205,0.0,80.0,Au/MOF,54.617435
679.0726817042606,0.0,80.0,Au/MOF,54.623295
679.6992481203008,0.0,80.0,Au/MOF,54.62916
680.3258145363409,0.0,80.0,Au/MOF,54.63502
680.952380952381,0.0,80.0,Au/MOF,54.640877
681.578947368421,0.0,80.0,Au/MOF,54.646732
682.2055137844611,0.0,80.0,Au/MOF,54.6526
682.8320802005012,0.0,80.0,Au/MOF,54.65845
683.4586466165414,0.0,80.0,Au/MOF,54.664318
684.0852130325815,0.0,80.0,Au/MOF,54.67017
684.7117794486215,0.0,80.0,Au/MOF,54.676033
685.3383458646616,0.0,80.0,Au/MOF,54.681904
685.9649122807018,0.0,80.0,Au/MOF,54.68776
686.5914786967419,0.0,80.0,Au/MOF,54.69362
687.218045112782,0.0,80.0,Au/MOF,54.699474
687.844611528822,0.0,80.0,Au/MOF,54.70534
688.4711779448621,0.0,80.0,Au/MOF,54.71119
689.0977443609022,0.0,80.0,Au/MOF,54.71706
689.7243107769424,0.0,80.0,Au/MOF,54.722916
690.3508771929825,0.0,80.0,Au/MOF,54.728775
690.9774436090225,0.0,80.0,Au/MOF,54.73464
691.6040100250626,0.0,80.0,Au/MOF,54.740498
692.2305764411028,0.0,80.0,Au/MOF,54.746357
692.8571428571429,0.0,80.0,Au/MOF,54.752224
693.483709273183,0.0,80.0,Au/MOF,54.758076
694.110275689223,0.0,80.0,Au/MOF,54.763935
694.7368421052631,0.0,80.0,Au/MOF,54.769806
695.3634085213032,0.0,80.0,Au/MOF,54.77566
695.9899749373434,0.0,80.0,Au/MOF,54.781517
696.6165413533835,0.0,80.0,Au/MOF,54.787144
697.2431077694235,0.0,80.0,Au/MOF,54.792118
697.8696741854636,0.0,80.0,Au/MOF,54.797092
698.4962406015038,0.0,80.0,Au/MOF,54.80206
699.1228070175439,0.0,80.0,Au/MOF,54.807022
699.749373433584,0.0,80.0,Au/MOF,54.812004
700.375939849624,0.0,80.0,Au/MOF,54.816967
701.0025062656641,0.0,80.0,Au/MOF,54.821945
701.6290726817042,0.0,80.0,Au/MOF,54.82691
702.2556390977444,0.0,80.0,Au/MOF,54.831886
702.8822055137845,0.0,80.0,Au/MOF,54.836864
703.5087719298245,0.0,80.0,Au/MOF,54.841835
704.1353383458646,0.0,80.0,Au/MOF,54.846806
704.7619047619048,0.0,80.0,Au/MOF,54.851772
705.3884711779449,0.0,80.0,Au/MOF,54.85674
706.015037593985,0.0,80.0,Au/MOF,54.861713
706.641604010025,0.0,80.0,Au/MOF,54.866688
707.2681704260651,0.0,80.0,Au/MOF,54.871662
707.8947368421052,0.0,80.0,Au/MOF,54.876625
708.5213032581454,0.0,80.0,Au/MOF,54.8816
709.1478696741855,0.0,80.0,Au/MOF,54.88657
709.7744360902255,0.0,80.0,Au/MOF,54.89155
710.4010025062656,0.0,80.0,Au/MOF,54.89651
711.0275689223058,0.0,80.0,Au/MOF,54.901485
711.6541353383459,0.0,80.0,Au/MOF,54.90646
712.280701754386,0.0,80.0,Au/MOF,54.911434
712.907268170426,0.0,80.0,Au/MOF,54.91641
713.5338345864661,0.0,80.0,Au/MOF,54.92137
714.1604010025062,0.0,80.0,Au/MOF,54.926342
714.7869674185464,0.0,80.0,Au/MOF,54.93132
715.4135338345865,0.0,80.0,Au/MOF,54.936287
716.0401002506266,0.0,80.0,Au/MOF,54.941254
716.6666666666666,0.0,80.0,Au/MOF,54.94623
717.2932330827068,0.0,80.0,Au/MOF,54.9512
717.9197994987469,0.0,80.0,Au/MOF,54.956165
718.546365914787,0.0,80.0,Au/MOF,54.961147
719.172932330827,0.0,80.0,Au/MOF,54.966114
719.7994987468671,0.0,80.0,Au/MOF,54.97109
720.4260651629072,0.0,80.0,Au/MOF,54.97605
721.0526315789474,0.0,80.0,Au/MOF,54.981033
721.6791979949875,0.0,80.0,Au/MOF,54.986
722.3057644110276,0.0,80.0,Au/MOF,54.990974
722.9323308270676,0.0,80.0,Au/MOF,54.995945
723.5588972431078,0.0,80.0,Au/MOF,55.000916
724.1854636591479,0.0,80.0,Au/MOF,55.00589
724.812030075188,0.0,80.0,Au/MOF,55.010857
725.438596491228,0.0,80.0,Au/MOF,55.01583
726.0651629072681,0.0,80.0,Au/MOF,55.0208
726.6917293233082,0.0,80.0,Au/MOF,55.02576
727.3182957393484,0.0,80.0,Au/MOF,55.030746
727.9448621553885,0.0,80.0,Au/MOF,55.035717
728.5714285714286,0.0,80.0,Au/MOF,55.040684
729.1979949874686,0.0,80.0,Au/MOF,55.04565
729.8245614035088,0.0,80.0,Au/MOF,55.05063
730.4511278195489,0.0,80.0,Au/MOF,55.055607
731.077694235589,0.0,80.0,Au/MOF,55.06057
731.704260651629,0.0,80.0,Au/MOF,55.065548
732.3308270676691,0.0,80.0,Au/MOF,55.070515
732.9573934837092,0.0,80.0,Au/MOF,55.07548
733.5839598997494,0.0,80.0,Au/MOF,55.080456
734.2105263157895,0.0,80.0,Au/MOF,55.085423
734.8370927318296,0.0,80.0,Au/MOF,55.090397
735.4636591478696,0.0,80.0,Au/MOF,55.095367
736.0902255639098,0.0,80.0,Au/MOF,55.100334
736.7167919799499,0.0,80.0,Au/MOF,55.105312
737.34335839599,0.0,80.0,Au/MOF,55.110283
737.9699248120301,0.0,80.0,Au/MOF,55.115253
738.5964912280701,0.0,80.0,Au/MOF,55.12022
739.2230576441102,0.0,80.0,Au/MOF,55.125195
739.8496240601504,0.0,80.0,Au/MOF,55.13017
740.4761904761905,0.0,80.0,Au/MOF,55.135136
741.1027568922306,0.0,80.0,Au/MOF,55.140476
741.7293233082706,0.0,80.0,Au/MOF,55.14793
742.3558897243108,0.0,80.0,Au/MOF,55.155384
742.9824561403509,0.0,80.0,Au/MOF,55.162838
743.609022556391,0.0,80.0,Au/MOF,55.170284
744.2355889724311,0.0,80.0,Au/MOF,55.17774
744.8621553884711,0.0,80.0,Au/MOF,55.1852
745.4887218045112,0.0,80.0,Au/MOF,55.192635
746.1152882205514,0.0,80.0,Au/MOF,55.2001
746.7418546365915,0.0,80.0,Au/MOF,55.207554
747.3684210526316,0.0,80.0,Au/MOF,55.21501
747.9949874686716,0.0,80.0,Au/MOF,55.222454
748.6215538847118,0.0,80.0,Au/MOF,55.229908
749.2481203007519,0.0,80.0,Au/MOF,55.23737
749.874686716792,0.0,80.0,Au/MOF,55.244812
750.5012531328321,0.0,80.0,Au/MOF,55.25227
751.1278195488721,0.0,80.0,Au/MOF,55.259727
751.7543859649122,0.0,80.0,Au/MOF,55.267178
752.3809523809524,0.0,80.0,Au/MOF,55.27463
753.0075187969925,0.0,80.0,Au/MOF,55.282085
753.6340852130326,0.0,80.0,Au/MOF,55.289536
754.2606516290726,0.0,80.0,Au/MOF,55.296986
754.8872180451128,0.0,80.0,Au/MOF,55.304436
755.5137844611529,0.0,80.0,Au/MOF,55.311893
756.140350877193,0.0,80.0,Au/MOF,55.319347
756.7669172932331,0.0,80.0,Au/MOF,55.326805
757.3934837092731,0.0,80.0,Au/MOF,55.334255
758.0200501253132,0.0,80.0,Au/MOF,55.34171
758.6466165413534,0.0,80.0,Au/MOF,55.34916
759.2731829573935,0.0,80.0,Au/MOF,55.3566
759.8997493734336,0.0,80.0,Au/MOF,55.364063
760.5263157894736,0.0,80.0,Au/MOF,55.37152
761.1528822055138,0.0,80.0,Au/MOF,55.378967
761.7794486215539,0.0,80.0,Au/MOF,55.386425
762.406015037594,0.0,80.0,Au/MOF,55.39388
763.0325814536341,0.0,80.0,Au/MOF,55.401333
763.6591478696741,0.0,80.0,Au/MOF,55.40878
764.2857142857142,0.0,80.0,Au/MOF,55.416237
764.9122807017544,0.0,80.0,Au/MOF,55.423687
765.5388471177945,0.0,80.0,Au/MOF,55.43114
766.1654135338346,0.0,80.0,Au/MOF,55.4386
766.7919799498746,0.0,80.0,Au/MOF,55.44605
767.4185463659148,0.0,80.0,Au/MOF,55.453506
768.0451127819549,0.0,80.0,Au/MOF,55.460957
768.671679197995,0.0,80.0,Au/MOF,55.46841
769.2982456140351,0.0,80.0,Au/MOF,55.47586
769.9248120300751,0.0,80.0,Au/MOF,55.483315
770.5513784461152,0.0,80.0,Au/MOF,55.49077
771.1779448621554,0.0,80.0,Au/MOF,55.498222
771.8045112781955,0.0,80.0,Au/MOF,55.50567
772.4310776942356,0.0,80.0,Au/MOF,55.514572
773.0576441102756,0.0,80.0,Au/MOF,55.525173
773.6842105263158,0.0,80.0,Au/MOF,55.53577
774.3107769423559,0.0,80.0,Au/MOF,55.546375
774.937343358396,0.0,80.0,Au/MOF,55.556973
775.5639097744361,0.0,80.0,Au/MOF,55.56758
776.1904761904761,0.0,80.0,Au/MOF,55.57818
776.8170426065162,0.0,80.0,Au/MOF,55.58878
777.4436090225564,0.0,80.0,Au/MOF,55.599377
778.0701754385965,0.0,80.0,Au/MOF,55.609985
778.6967418546366,0.0,80.0,Au/MOF,55.620586
779.3233082706766,0.0,80.0,Au/MOF,55.63119
779.9498746867168,0.0,80.0,Au/MOF,55.64178
780.5764411027569,0.0,80.0,Au/MOF,55.652386
781.203007518797,0.0,80.0,Au/MOF,55.66299
781.8295739348371,0.0,80.0,Au/MOF,55.673584
782.4561403508771,0.0,80.0,Au/MOF,55.684185
783.0827067669172,0.0,80.0,Au/MOF,55.69479
783.7092731829574,0.0,80.0,Au/MOF,55.705395
784.3358395989975,0.0,80.0,Au/MOF,55.715992
784.9624060150376,0.0,80.0,Au/MOF,55.72659
785.5889724310777,0.0,80.0,Au/MOF,55.7372
786.2155388471178,0.0,80.0,Au/MOF,55.747803
786.8421052631579,0.0,80.0,Au/MOF,55.7584
787.468671679198,0.0,80.0,Au/MOF,55.76899
788.0952380952381,0.0,80.0,Au/MOF,55.779606
788.7218045112782,0.0,80.0,Au/MOF,55.790203
789.3483709273182,0.0,80.0,Au/MOF,55.802113
789.9749373433584,0.0,80.0,Au/MOF,55.81428
790.6015037593985,0.0,80.0,Au/MOF,55.82645
791.2280701754386,0.0,80.0,Au/MOF,55.83862
791.8546365914787,0.0,80.0,Au/MOF,55.850773
792.4812030075188,0.0,80.0,Au/MOF,55.86295
793.1077694235589,0.0,80.0,Au/MOF,55.87512
793.734335839599,0.0,80.0,Au/MOF,55.887287
794.3609022556391,0.0,80.0,Au/MOF,55.899452
794.9874686716792,0.0,80.0,Au/MOF,55.91163
795.6140350877192,0.0,80.0,Au/MOF,55.923786
796.2406015037594,0.0,80.0,Au/MOF,55.935963
796.8671679197995,0.0,80.0,Au/MOF,55.948128
797.4937343358396,0.0,80.0,Au/MOF,55.960293
798.1203007518797,0.0,80.0,Au/MOF,55.97246
798.7468671679198,0.0,80.0,Au/MOF,55.984627
799.3734335839599,0.0,80.0,Au/MOF,55.996796
800.0,0.0,80.0,Au/MOF,56.00897
550.0,20.0,80.0,Au/MOF,49.728813
550.6265664160401,20.0,80.0,Au/MOF,49.721462
551.2531328320802,20.0,80.0,Au/MOF,49.714115
551.8796992481203,20.0,80.0,Au/MOF,49.70677
552.5062656641604,20.0,80.0,Au/MOF,49.69942
553.1328320802005,20.0,80.0,Au/MOF,49.692074
553.7593984962406,20.0,80.0,Au/MOF,49.684723
554.3859649122807,20.0,80.0,Au/MOF,49.677372
555.0125313283208,20.0,80.0,Au/MOF,49.670033
555.6390977443609,20.0,80.0,Au/MOF,49.662678
556.265664160401,20.0,80.0,Au/MOF,49.655327
556.8922305764411,20.0,80.0,Au/MOF,49.647984
557.5187969924812,20.0,80.0,Au/MOF,49.640636
558.1453634085213,20.0,80.0,Au/MOF,49.633293
558.7719298245614,20.0,80.0,Au/MOF,49.62585
559.3984962406015,20.0,80.0,Au/MOF,49.618313
560.0250626566416,20.0,80.0,Au/MOF,49.609867
560.6516290726817,20.0,80.0,Au/MOF,49.602642
561.2781954887218,20.0,80.0,Au/MOF,49.59682
561.9047619047619,20.0,80.0,Au/MOF,49.591
562.531328320802,20.0,80.0,Au/MOF,49.585175
563.1578947368421,20.0,80.0,Au/MOF,49.579357
563.7844611528822,20.0,80.0,Au/MOF,49.573536
564.4110275689223,20.0,80.0,Au/MOF,49.567715
565.0375939849624,20.0,80.0,Au/MOF,49.561893
565.6641604010025,20.0,80.0,Au/MOF,49.556072
566.2907268170426,20.0,80.0,Au/MOF,49.55026
566.9172932330827,20.0,80.0,Au/MOF,49.54443
567.5438596491229,20.0,80.0,Au/MOF,49.53861
568.1704260651629,20.0,80.0,Au/MOF,49.53279
568.796992481203,20.0,80.0,Au/MOF,49.526974
569.4235588972431,20.0,80.0,Au/MOF,49.521145
570.0501253132832,20.0,80.0,Au/MOF,49.51533
570.6766917293234,20.0,80.0,Au/MOF,49.509506
571.3032581453634,20.0,80.0,Au/MOF,49.50369
571.9298245614035,20.0,80.0,Au/MOF,49.497864
572.5563909774436,20.0,80.0,Au/MOF,49.492046
573.1829573934837,20.0,80.0,Au/MOF,49.486217
573.8095238095239,20.0,80.0,Au/MOF,49.480404
574.4360902255639,20.0,80.0,Au/MOF,49.474583
575.062656641604,20.0,80.0,Au/MOF,49.46877
575.6892230576441,20.0,80.0,Au/MOF,49.46294
576.3157894736842,20.0,80.0,Au/MOF,49.45712
576.9423558897244,20.0,80.0,Au/MOF,49.451298
577.5689223057644,20.0,80.0,Au/MOF,49.445477
578.1954887218045,20.0,80.0,Au/MOF,49.439663
578.8220551378446,20.0,80.0,Au/MOF,49.433834
579.4486215538847,20.0,80.0,Au/MOF,49.42802
580.0751879699249,20.0,80.0,Au/MOF,49.422195
580.7017543859649,20.0,80.0,Au/MOF,49.418545
581.328320802005,20.0,80.0,Au/MOF,49.415646
581.9548872180451,20.0,80.0,Au/MOF,49.41274
582.5814536340852,20.0,80.0,Au/MOF,49.40984
583.2080200501254,20.0,80.0,Au/MOF,49.40694
583.8345864661654,20.0,80.0,Au/MOF,49.404037
584.4611528822055,20.0,80.0,Au/MOF,49.401134
585.0877192982456,20.0,80.0,Au/MOF,49.398235
585.7142857142857,20.0,80.0,Au/MOF,49.395336
586.3408521303259,20.0,80.0,Au/MOF,49.392437
586.9674185463659,20.0,80.0,Au/MOF,49.389534
587.593984962406,20.0,80.0,Au/MOF,49.386635
588.2205513784461,20.0,80.0,Au/MOF,49.38373
588.8471177944862,20.0,80.0,Au/MOF,49.380833
589.4736842105264,20.0,80.0,Au/MOF,49.377934
590.1002506265664,20.0,80.0,Au/MOF,49.375034
590.7268170426065,20.0,80.0,Au/MOF,49.37212
591.3533834586466,20.0,80.0,Au/MOF,49.36957
591.9799498746867,20.0,80.0,Au/MOF,49.36706
592.6065162907269,20.0,80.0,Au/MOF,49.364555
593.2330827067669,20.0,80.0,Au/MOF,49.362057
593.859649122807,20.0,80.0,Au/MOF,49.360542
594.4862155388471,20.0,80.0,Au/MOF,49.359547
595.1127819548872,20.0,80.0,Au/MOF,49.358555
595.7393483709274,20.0,80.0,Au/MOF,49.357555
596.3659147869674,20.0,80.0,Au/MOF,49.35656
596.9924812030075,20.0,80.0,Au/MOF,49.355568
597.6190476190476,20.0,80.0,Au/MOF,49.35457
598.2456140350877,20.0,80.0,Au/MOF,49.353573
598.8721804511279,20.0,80.0,Au/MOF,49.35258
599.4987468671679,20.0,80.0,Au/MOF,49.35158
600.125313283208,20.0,80.0,Au/MOF,49.350594
600.7518796992481,20.0,80.0,Au/MOF,49.34959
601.3784461152882,20.0,80.0,Au/MOF,49.348602
602.0050125313284,20.0,80.0,Au/MOF,49.347607
602.6315789473684,20.0,80.0,Au/MOF,49.346607
603.2581453634085,20.0,80.0,Au/MOF,49.345615
603.8847117794486,20.0,80.0,Au/MOF,49.34462
604.5112781954887,20.0,80.0,Au/MOF,49.343628
605.1378446115289,20.0,80.0,Au/MOF,49.342636
605.7644110275689,20.0,80.0,Au/MOF,49.341633
606.390977443609,20.0,80.0,Au/MOF,49.34064
607.0175438596491,20.0,80.0,Au/MOF,49.33965
607.6441102756892,20.0,80.0,Au/MOF,49.338654
608.2706766917294,20.0,80.0,Au/MOF,49.337658
608.8972431077694,20.0,80.0,Au/MOF,49.336662
609.5238095238095,20.0,80.0,Au/MOF,49.33676
610.1503759398496,20.0,80.0,Au/MOF,49.33872
610.7769423558897,20.0,80.0,Au/MOF,49.340675
611.4035087719299,20.0,80.0,Au/MOF,49.342636
612.0300751879699,20.0,80.0,Au/MOF,49.344532
612.65664160401,20.0,80.0,Au/MOF,49.345646
613.2832080200501,20.0,80.0,Au/MOF,49.346752
613.9097744360902,20.0,80.0,Au/MOF,49.347866
614.5363408521304,20.0,80.0,Au/MOF,49.34897
615.1629072681704,20.0,80.0,Au/MOF,49.350086
615.7894736842105,20.0,80.0,Au/MOF,49.351196
616.4160401002506,20.0,80.0,Au/MOF,49.352314
617.0426065162907,20.0,80.0,Au/MOF,49.353416
617.6691729323309,20.0,80.0,Au/MOF,49.35453
618.295739348371,20.0,80.0,Au/MOF,49.355648
618.922305764411,20.0,80.0,Au/MOF,49.356754
619.5488721804511,20.0,80.0,Au/MOF,49.357864
620.1754385964912,20.0,80.0,Au/MOF,49.358974
620.8020050125314,20.0,80.0,Au/MOF,49.358932
621.4285714285714,20.0,80.0,Au/MOF,49.358276
622.0551378446115,20.0,80.0,Au/MOF,49.357624
622.6817042606516,20.0,80.0,Au/MOF,49.356968
623.3082706766917,20.0,80.0,Au/MOF,49.35631
623.9348370927319,20.0,80.0,Au/MOF,49.355663
624.561403508772,20.0,80.0,Au/MOF,49.355003
625.187969924812,20.0,80.0,Au/MOF,49.35435
625.8145363408521,20.0,80.0,Au/MOF,49.3537
626.4411027568922,20.0,80.0,Au/MOF,49.353043
627.0676691729324,20.0,80.0,Au/MOF,49.35316
627.6942355889724,20.0,80.0,Au/MOF,49.354237
628.3208020050125,20.0,80.0,Au/MOF,49.355324
628.9473684210526,20.0,80.0,Au/MOF,49.356396
629.5739348370927,20.0,80.0,Au/MOF,49.35748
630.2005012531329,20.0,80.0,Au/MOF,49.35856
630.827067669173,20.0,80.0,Au/MOF,49.359646
631.453634085213,20.0,80.0,Au/MOF,49.36072
632.0802005012531,20.0,80.0,Au/MOF,49.3618
632.7067669172932,20.0,80.0,Au/MOF,49.362873
633.3333333333334,20.0,80.0,Au/MOF,49.363964
633.9598997493734,20.0,80.0,Au/MOF,49.365368
634.5864661654135,20.0,80.0,Au/MOF,49.368443
635.2130325814536,20.0,80.0,Au/MOF,49.371517
635.8395989974937,20.0,80.0,Au/MOF,49.37459
636.4661654135339,20.0,80.0,Au/MOF,49.377663
637.092731829574,20.0,80.0,Au/MOF,49.380737
637.719298245614,20.0,80.0,Au/MOF,49.383816
638.3458646616541,20.0,80.0,Au/MOF,49.38689
638.9724310776942,20.0,80.0,Au/MOF,49.389965
639.5989974937344,20.0,80.0,Au/MOF,49.39304
640.2255639097745,20.0,80.0,Au/MOF,49.39611
640.8521303258145,20.0,80.0,Au/MOF,49.39919
641.4786967418546,20.0,80.0,Au/MOF,49.402264
642.1052631578947,20.0,80.0,Au/MOF,49.405334
642.7318295739349,20.0,80.0,Au/MOF,49.408413
643.358395989975,20.0,80.0,Au/MOF,49.41148
643.984962406015,20.0,80.0,Au/MOF,49.41508
644.6115288220551,20.0,80.0,Au/MOF,49.41889
645.2380952380952,20.0,80.0,Au/MOF,49.422703
645.8646616541354,20.0,80.0,Au/MOF,49.42651
646.4912280701755,20.0,80.0,Au/MOF,49.430325
647.1177944862155,20.0,80.0,Au/MOF,49.434536
647.7443609022556,20.0,80.0,Au/MOF,49.439087
648.3709273182957,20.0,80.0,Au/MOF,49.44365
648.9974937343359,20.0,80.0,Au/MOF,49.4482
649.624060150376,20.0,80.0,Au/MOF,49.452763
650.250626566416,20.0,80.0,Au/MOF,49.457317
650.8771929824561,20.0,80.0,Au/MOF,49.461872
651.5037593984962,20.0,80.0,Au/MOF,49.466427
652.1303258145364,20.0,80.0,Au/MOF,49.47098
652.7568922305765,20.0,80.0,Au/MOF,49.47546
653.3834586466165,20.0,80.0,Au/MOF,49.47947
654.0100250626566,20.0,80.0,Au/MOF,49.483494
654.6365914786967,20.0,80.0,Au/MOF,49.487507
655.2631578947369,20.0,80.0,Au/MOF,49.491524
655.889724310777,20.0,80.0,Au/MOF,49.495537
656.516290726817,20.0,80.0,Au/MOF,49.499554
657.1428571428571,20.0,80.0,Au/MOF,49.503574
657.7694235588972,20.0,80.0,Au/MOF,49.50758
658.3959899749374,20.0,80.0,Au/MOF,49.5116
659.0225563909775,20.0,80.0,Au/MOF,49.515614
659.6491228070175,20.0,80.0,Au/MOF,49.519634
660.2756892230576,20.0,80.0,Au/MOF,49.523647
660.9022556390977,20.0,80.0,Au/MOF,49.527664
661.5288220551379,20.0,80.0,Au/MOF,49.53168
662.155388471178,20.0,80.0,Au/MOF,49.535694
662.781954887218,20.0,80.0,Au/MOF,49.539715
663.4085213032581,20.0,80.0,Au/MOF,49.543724
664.0350877192982,20.0,80.0,Au/MOF,49.54774
664.6616541353384,20.0,80.0,Au/MOF,49.55176
665.2882205513785,20.0,80.0,Au/MOF,49.55578
665.9147869674185,20.0,80.0,Au/MOF,49.55979
666.5413533834586,20.0,80.0,Au/MOF,49.56381
667.1679197994987,20.0,80.0,Au/MOF,49.56783
667.7944862155389,20.0,80.0,Au/MOF,49.571842
668.421052631579,20.0,80.0,Au/MOF,49.575855
669.047619047619,20.0,80.0,Au/MOF,49.57987
669.6741854636591,20.0,80.0,Au/MOF,49.583885
670.3007518796992,20.0,80.0,Au/MOF,49.587906
670.9273182957394,20.0,80.0,Au/MOF,49.591923
671.5538847117795,20.0,80.0,Au/MOF,49.595936
672.1804511278195,20.0,80.0,Au/MOF,49.59995
672.8070175438596,20.0,80.0,Au/MOF,49.604374
673.4335839598998,20.0,80.0,Au/MOF,49.609943
674.0601503759399,20.0,80.0,Au/MOF,49.61551
674.68671679198,20.0,80.0,Au/MOF,49.620785
675.31328320802,20.0,80.0,Au/MOF,49.625908
675.9398496240601,20.0,80.0,Au/MOF,49.631207
676.5664160401002,20.0,80.0,Au/MOF,49.638027
677.1929824561404,20.0,80.0,Au/MOF,49.644844
677.8195488721805,20.0,80.0,Au/MOF,49.651676
678.4461152882205,20.0,80.0,Au/MOF,49.658497
679.0726817042606,20.0,80.0,Au/MOF,49.665325
679.6992481203008,20.0,80.0,Au/MOF,49.67215
680.3258145363409,20.0,80.0,Au/MOF,49.678967
680.952380952381,20.0,80.0,Au/MOF,49.685795
681.578947368421,20.0,80.0,Au/MOF,49.692616
682.2055137844611,20.0,80.0,Au/MOF,49.699444
682.8320802005012,20.0,80.0,Au/MOF,49.706264
683.4586466165414,20.0,80.0,Au/MOF,49.713093
684.0852130325815,20.0,80.0,Au/MOF,49.71991
684.7117794486215,20.0,80.0,Au/MOF,49.726738
685.3383458646616,20.0,80.0,Au/MOF,49.733562
685.9649122807018,20.0,80.0,Au/MOF,49.740383
686.5914786967419,20.0,80.0,Au/MOF,49.74721
687.218045112782,20.0,80.0,Au/MOF,49.754032
687.844611528822,20.0,80.0,Au/MOF,49.760857
688.4711779448621,20.0,80.0,Au/MOF,49.76768
689.0977443609022,20.0,80.0,Au/MOF,49.774506
689.7243107769424,20.0,80.0,Au/MOF,49.78133
690.3508771929825,20.0,80.0,Au/MOF,49.788155
690.9774436090225,20.0,80.0,Au/MOF,49.79497
691.6040100250626,20.0,80.0,Au/MOF,49.8018
692.2305764411028,20.0,80.0,Au/MOF,49.808617
692.8571428571429,20.0,80.0,Au/MOF,49.81545
693.483709273183,20.0,80.0,Au/MOF,49.822273
694.110275689223,20.0,80.0,Au/MOF,49.829098
694.7368421052631,20.0,80.0,Au/MOF,49.83592
695.3634085213032,20.0,80.0,Au/MOF,49.842743
695.9899749373434,20.0,80.0,Au/MOF,49.849567
696.6165413533835,20.0,80.0,Au/MOF,49.856388
697.2431077694235,20.0,80.0,Au/MOF,49.863213
697.8696741854636,20.0,80.0,Au/MOF,49.87004
698.4962406015038,20.0,80.0,Au/MOF,49.876858
699.1228070175439,20.0,80.0,Au/MOF,49.883682
699.749373433584,20.0,80.0,Au/MOF,49.890507
700.375939849624,20.0,80.0,Au/MOF,49.894558
701.0025062656641,20.0,80.0,Au/MOF,49.897133
701.6290726817042,20.0,80.0,Au/MOF,49.8997
702.2556390977444,20.0,80.0,Au/MOF,49.90226
702.8822055137845,20.0,80.0,Au/MOF,49.90483
703.5087719298245,20.0,80.0,Au/MOF,49.90739
704.1353383458646,20.0,80.0,Au/MOF,49.90996
704.7619047619048,20.0,80.0,Au/MOF,49.912525
705.3884711779449,20.0,80.0,Au/MOF,49.9151
706.015037593985,20.0,80.0,Au/MOF,49.917667
706.641604010025,20.0,80.0,Au/MOF,49.92023
707.2681704260651,20.0,80.0,Au/MOF,49.922802
707.8947368421052,20.0,80.0,Au/MOF,49.925365
708.5213032581454,20.0,80.0,Au/MOF,49.927933
709.1478696741855,20.0,80.0,Au/MOF,49.930504
709.7744360902255,20.0,80.0,Au/MOF,49.93307
710.4010025062656,20.0,80.0,Au/MOF,49.935635
711.0275689223058,20.0,80.0,Au/MOF,49.9382
711.6541353383459,20.0,80.0,Au/MOF,49.940773
712.280701754386,20.0,80.0,Au/MOF,49.94334
712.907268170426,20.0,80.0,Au/MOF,49.9459
713.5338345864661,20.0,80.0,Au/MOF,49.948475
714.1604010025062,20.0,80.0,Au/MOF,49.951042
714.7869674185464,20.0,80.0,Au/MOF,49.95361
715.4135338345865,20.0,80.0,Au/MOF,49.956154
716.0401002506266,20.0,80.0,Au/MOF,49.95851
716.6666666666666,20.0,80.0,Au/MOF,49.96087
717.2932330827068,20.0,80.0,Au/MOF,49.96323
717.9197994987469,20.0,80.0,Au/MOF,49.965588
718.546365914787,20.0,80.0,Au/MOF,49.967945
719.172932330827,20.0,80.0,Au/MOF,49.970303
719.7994987468671,20.0,80.0,Au/MOF,49.972656
720.4260651629072,20.0,80.0,Au/MOF,49.975018
721.0526315789474,20.0,80.0,Au/MOF,49.977367
721.6791979949875,20.0,80.0,Au/MOF,49.979733
722.3057644110276,20.0,80.0,Au/MOF,49.982082
722.9323308270676,20.0,80.0,Au/MOF,49.98444
723.5588972431078,20.0,80.0,Au/MOF,49.986797
724.1854636591479,20.0,80.0,Au/MOF,49.98916
724.812030075188,20.0,80.0,Au/MOF,49.99151
725.438596491228,20.0,80.0,Au/MOF,49.993874
726.0651629072681,20.0,80.0,Au/MOF,49.99623
726.6917293233082,20.0,80.0,Au/MOF,49.99859
727.3182957393484,20.0,80.0,Au/MOF,50.000942
727.9448621553885,20.0,80.0,Au/MOF,50.003304
728.5714285714286,20.0,80.0,Au/MOF,50.00566
729.1979949874686,20.0,80.0,Au/MOF,50.008015
729.8245614035088,20.0,80.0,Au/MOF,50.010372
730.4511278195489,20.0,80.0,Au/MOF,50.01273
731.077694235589,20.0,80.0,Au/MOF,50.01509
731.704260651629,20.0,80.0,Au/MOF,50.017445
732.3308270676691,20.0,80.0,Au/MOF,50.019802
732.9573934837092,20.0,80.0,Au/MOF,50.02216
733.5839598997494,20.0,80.0,Au/MOF,50.024517
734.2105263157895,20.0,80.0,Au/MOF,50.02687
734.8370927318296,20.0,80.0,Au/MOF,50.029232
735.4636591478696,20.0,80.0,Au/MOF,50.03159
736.0902255639098,20.0,80.0,Au/MOF,50.03394
736.7167919799499,20.0,80.0,Au/MOF,50.036304
737.34335839599,20.0,80.0,Au/MOF,50.038662
737.9699248120301,20.0,80.0,Au/MOF,50.04102
738.5964912280701,20.0,80.0,Au/MOF,50.043377
739.2230576441102,20.0,80.0,Au/MOF,50.04573
739.8496240601504,20.0,80.0,Au/MOF,50.04809
740.4761904761905,20.0,80.0,Au/MOF,50.05045
741.1027568922306,20.0,80.0,Au/MOF,50.052803
741.7293233082706,20.0,80.0,Au/MOF,50.055157
742.3558897243108,20.0,80.0,Au/MOF,50.05752
742.9824561403509,20.0,80.0,Au/MOF,50.059875
743.609022556391,20.0,80.0,Au/MOF,50.062237
744.2355889724311,20.0,80.0,Au/MOF,50.064594
744.8621553884711,20.0,80.0,Au/MOF,50.066956
745.4887218045112,20.0,80.0,Au/MOF,50.069305
746.1152882205514,20.0,80.0,Au/MOF,50.071667
746.7418546365915,20.0,80.0,Au/MOF,50.07402
747.3684210526316,20.0,80.0,Au/MOF,50.07638
747.9949874686716,20.0,80.0,Au/MOF,50.07874
748.6215538847118,20.0,80.0,Au/MOF,50.08109
749.2481203007519,20.0,80.0,Au/MOF,50.083447
749.874686716792,20.0,80.0,Au/MOF,50.085804
750.5012531328321,20.0,80.0,Au/MOF,50.088165
751.1278195488721,20.0,80.0,Au/MOF,50.09052
751.7543859649122,20.0,80.0,Au/MOF,50.092876
752.3809523809524,20.0,80.0,Au/MOF,50.09523
753.0075187969925,20.0,80.0,Au/MOF,50.09759
753.6340852130326,20.0,80.0,Au/MOF,50.099953
754.2606516290726,20.0,80.0,Au/MOF,50.10231
754.8872180451128,20.0,80.0,Au/MOF,50.104656
755.5137844611529,20.0,80.0,Au/MOF,50.10702
756.140350877193,20.0,80.0,Au/MOF,50.10938
756.7669172932331,20.0,80.0,Au/MOF,50.111736
757.3934837092731,20.0,80.0,Au/MOF,50.11409
758.0200501253132,20.0,80.0,Au/MOF,50.11645
758.6466165413534,20.0,80.0,Au/MOF,50.118805
759.2731829573935,20.0,80.0,Au/MOF,50.12353
759.8997493734336,20.0,80.0,Au/MOF,50.128323
760.5263157894736,20.0,80.0,Au/MOF,50.13312
761.1528822055138,20.0,80.0,Au/MOF,50.13791
761.7794486215539,20.0,80.0,Au/MOF,50.142704
762.406015037594,20.0,80.0,Au/MOF,50.147495
763.0325814536341,20.0,80.0,Au/MOF,50.15229
763.6591478696741,20.0,80.0,Au/MOF,50.157078
764.2857142857142,20.0,80.0,Au/MOF,50.161877
764.9122807017544,20.0,80.0,Au/MOF,50.16667
765.5388471177945,20.0,80.0,Au/MOF,50.17146
766.1654135338346,20.0,80.0,Au/MOF,50.176266
766.7919799498746,20.0,80.0,Au/MOF,50.181057
767.4185463659148,20.0,80.0,Au/MOF,50.18585
768.0451127819549,20.0,80.0,Au/MOF,50.19064
768.671679197995,20.0,80.0,Au/MOF,50.19544
769.2982456140351,20.0,80.0,Au/MOF,50.20023
769.9248120300751,20.0,80.0,Au/MOF,50.20502
770.5513784461152,20.0,80.0,Au/MOF,50.20982
771.1779448621554,20.0,80.0,Au/MOF,50.21461
771.8045112781955,20.0,80.0,Au/MOF,50.219402
772.4310776942356,20.0,80.0,Au/MOF,50.224194
773.0576441102756,20.0,80.0,Au/MOF,50.228992
773.6842105263158,20.0,80.0,Au/MOF,50.23378
774.3107769423559,20.0,80.0,Au/MOF,50.238575
774.937343358396,20.0,80.0,Au/MOF,50.243374
775.5639097744361,20.0,80.0,Au/MOF,50.248165
776.1904761904761,20.0,80.0,Au/MOF,50.25296
776.8170426065162,20.0,80.0,Au/MOF,50.257748
777.4436090225564,20.0,80.0,Au/MOF,50.262547
778.0701754385965,20.0,80.0,Au/MOF,50.267338
778.6967418546366,20.0,80.0,Au/MOF,50.272137
779.3233082706766,20.0,80.0,Au/MOF,50.276928
779.9498746867168,20.0,80.0,Au/MOF,50.281727
780.5764411027569,20.0,80.0,Au/MOF,50.28652
781.203007518797,20.0,80.0,Au/MOF,50.291424
781.8295739348371,20.0,80.0,Au/MOF,50.298195
782.4561403508771,20.0,80.0,Au/MOF,50.304974
783.0827067669172,20.0,80.0,Au/MOF,50.31175
783.7092731829574,20.0,80.0,Au/MOF,50.318527
784.3358395989975,20.0,80.0,Au/MOF,50.3253
784.9624060150376,20.0,80.0,Au/MOF,50.332077
785.5889724310777,20.0,80.0,Au/MOF,50.338856
786.2155388471178,20.0,80.0,Au/MOF,50.34563
786.8421052631579,20.0,80.0,Au/MOF,50.3524
787.468671679198,20.0,80.0,Au/MOF,50.359188
788.0952380952381,20.0,80.0,Au/MOF,50.36595
788.7218045112782,20.0,80.0,Au/MOF,50.372738
789.3483709273182,20.0,80.0,Au/MOF,50.379505
789.9749373433584,20.0,80.0,Au/MOF,50.386288
790.6015037593985,20.0,80.0,Au/MOF,50.393063
791.2280701754386,20.0,80.0,Au/MOF,50.399845
791.8546365914787,20.0,80.0,Au/MOF,50.40661
792.4812030075188,20.0,80.0,Au/MOF,50.413395
793.1077694235589,20.0,80.0,Au/MOF,50.42017
793.734335839599,20.0,80.0,Au/MOF,50.426945
794.3609022556391,20.0,80.0,Au/MOF,50.43372
794.9874686716792,20.0,80.0,Au/MOF,50.440502
795.6140350877192,20.0,80.0,Au/MOF,50.44727
796.2406015037594,20.0,80.0,Au/MOF,50.454044
796.8671679197995,20.0,80.0,Au/MOF,50.46082
797.4937343358396,20.0,80.0,Au/MOF,50.4676
798.1203007518797,20.0,80.0,Au/MOF,50.474377
798.7468671679198,20.0,80.0,Au/MOF,50.481155
799.3734335839599,20.0,80.0,Au/MOF,50.487934
800.0,20.0,80.0,Au/MOF,50.49471
550.0,40.0,80.0,Au/MOF,36.20403
550.6265664160401,40.0,80.0,Au/MOF,36.18707
551.2531328320802,40.0,80.0,Au/MOF,36.17009
551.8796992481203,40.0,80.0,Au/MOF,36.153126
552.5062656641604,40.0,80.0,Au/MOF,36.136158
553.1328320802005,40.0,80.0,Au/MOF,36.119743
553.7593984962406,40.0,80.0,Au/MOF,36.105694
554.3859649122807,40.0,80.0,Au/MOF,36.091644
555.0125313283208,40.0,80.0,Au/MOF,36.077595
555.6390977443609,40.0,80.0,Au/MOF,36.063553
556.265664160401,40.0,80.0,Au/MOF,36.049503
556.8922305764411,40.0,80.0,Au/MOF,36.035458
557.5187969924812,40.0,80.0,Au/MOF,36.021404
558.1453634085213,40.0,80.0,Au/MOF,36.007366
558.7719298245614,40.0,80.0,Au/MOF,35.993313
559.3984962406015,40.0,80.0,Au/MOF,35.979267
560.0250626566416,40.0,80.0,Au/MOF,35.96522
560.6516290726817,40.0,80.0,Au/MOF,35.95117
561.2781954887218,40.0,80.0,Au/MOF,35.937122
561.9047619047619,40.0,80.0,Au/MOF,35.923073
562.531328320802,40.0,80.0,Au/MOF,35.909027
563.1578947368421,40.0,80.0,Au/MOF,35.89561
563.7844611528822,40.0,80.0,Au/MOF,35.88339
564.4110275689223,40.0,80.0,Au/MOF,35.87144
565.0375939849624,40.0,80.0,Au/MOF,35.859497
565.6641604010025,40.0,80.0,Au/MOF,35.847546
566.2907268170426,40.0,80.0,Au/MOF,35.8356
566.9172932330827,40.0,80.0,Au/MOF,35.823658
567.5438596491229,40.0,80.0,Au/MOF,35.811707
568.1704260651629,40.0,80.0,Au/MOF,35.799755
568.796992481203,40.0,80.0,Au/MOF,35.787815
569.4235588972431,40.0,80.0,Au/MOF,35.775864
570.0501253132832,40.0,80.0,Au/MOF,35.76392
570.6766917293234,40.0,80.0,Au/MOF,35.75197
571.3032581453634,40.0,80.0,Au/MOF,35.740025
571.9298245614035,40.0,80.0,Au/MOF,35.72807
572.5563909774436,40.0,80.0,Au/MOF,35.71613
573.1829573934837,40.0,80.0,Au/MOF,35.70418
573.8095238095239,40.0,80.0,Au/MOF,35.69223
574.4360902255639,40.0,80.0,Au/MOF,35.680286
575.062656641604,40.0,80.0,Au/MOF,35.66834
575.6892230576441,40.0,80.0,Au/MOF,35.65639
576.3157894736842,40.0,80.0,Au/MOF,35.644444
576.9423558897244,40.0,80.0,Au/MOF,35.6325
577.5689223057644,40.0,80.0,Au/MOF,35.62055
578.1954887218045,40.0,80.0,Au/MOF,35.608604
578.8220551378446,40.0,80.0,Au/MOF,35.596653
579.4486215538847,40.0,80.0,Au/MOF,35.584713
580.0751879699249,40.0,80.0,Au/MOF,35.572758
580.7017543859649,40.0,80.0,Au/MOF,35.560814
581.328320802005,40.0,80.0,Au/MOF,35.548866
581.9548872180451,40.0,80.0,Au/MOF,35.536922
582.5814536340852,40.0,80.0,Au/MOF,35.524975
583.2080200501254,40.0,80.0,Au/MOF,35.513027
583.8345864661654,40.0,80.0,Au/MOF,35.50108
584.4611528822055,40.0,80.0,Au/MOF,35.48913
585.0877192982456,40.0,80.0,Au/MOF,35.477184
585.7142857142857,40.0,80.0,Au/MOF,35.465237
586.3408521303259,40.0,80.0,Au/MOF,35.453293
586.9674185463659,40.0,80.0,Au/MOF,35.44134
587.593984962406,40.0,80.0,Au/MOF,35.429394
588.2205513784461,40.0,80.0,Au/MOF,35.417446
588.8471177944862,40.0,80.0,Au/MOF,35.4055
589.4736842105264,40.0,80.0,Au/MOF,35.39355
590.1002506265664,40.0,80.0,Au/MOF,35.381603
590.7268170426065,40.0,80.0,Au/MOF,35.36965
591.3533834586466,40.0,80.0,Au/MOF,35.357983
591.9799498746867,40.0,80.0,Au/MOF,35.3476
592.6065162907269,40.0,80.0,Au/MOF,35.337223
593.2330827067669,40.0,80.0,Au/MOF,35.326847
593.859649122807,40.0,80.0,Au/MOF,35.316467
594.4862155388471,40.0,80.0,Au/MOF,35.306087
595.1127819548872,40.0,80.0,Au/MOF,35.295708
595.7393483709274,40.0,80.0,Au/MOF,35.285336
596.3659147869674,40.0,80.0,Au/MOF,35.27495
596.9924812030075,40.0,80.0,Au/MOF,35.264576
597.6190476190476,40.0,80.0,Au/MOF,35.254196
598.2456140350877,40.0,80.0,Au/MOF,35.24382
598.8721804511279,40.0,80.0,Au/MOF,35.23344
599.4987468671679,40.0,80.0,Au/MOF,35.22306
600.125313283208,40.0,80.0,Au/MOF,35.21268
600.7518796992481,40.0,80.0,Au/MOF,35.202305
601.3784461152882,40.0,80.0,Au/MOF,35.191925
602.0050125313284,40.0,80.0,Au/MOF,35.181545
602.6315789473684,40.0,80.0,Au/MOF,35.17199
603.2581453634085,40.0,80.0,Au/MOF,35.1636
603.8847117794486,40.0,80.0,Au/MOF,35.155216
604.5112781954887,40.0,80.0,Au/MOF,35.147762
605.1378446115289,40.0,80.0,Au/MOF,35.14076
605.7644110275689,40.0,80.0,Au/MOF,35.133755
606.390977443609,40.0,80.0,Au/MOF,35.12675
607.0175438596491,40.0,80.0,Au/MOF,35.11974
607.6441102756892,40.0,80.0,Au/MOF,35.112736
608.2706766917294,40.0,80.0,Au/MOF,35.10573
608.8972431077694,40.0,80.0,Au/MOF,35.09873
609.5238095238095,40.0,80.0,Au/MOF,35.091717
610.1503759398496,40.0,80.0,Au/MOF,35.084713
610.7769423558897,40.0,80.0,Au/MOF,35.07771
611.4035087719299,40.0,80.0,Au/MOF,35.070698
612.0300751879699,40.0,80.0,Au/MOF,35.063694
612.65664160401,40.0,80.0,Au/MOF,35.05669
613.2832080200501,40.0,80.0,Au/MOF,35.049683
613.9097744360902,40.0,80.0,Au/MOF,35.04268
614.5363408521304,40.0,80.0,Au/MOF,35.03567
615.1629072681704,40.0,80.0,Au/MOF,35.028664
615.7894736842105,40.0,80.0,Au/MOF,35.021664
616.4160401002506,40.0,80.0,Au/MOF,35.01466
617.0426065162907,40.0,80.0,Au/MOF,35.00765
617.6691729323309,40.0,80.0,Au/MOF,35.000645
618.295739348371,40.0,80.0,Au/MOF,34.99364
618.922305764411,40.0,80.0,Au/MOF,34.986633
619.5488721804511,40.0,80.0,Au/MOF,34.979626
620.1754385964912,40.0,80.0,Au/MOF,34.972622
620.8020050125314,40.0,80.0,Au/MOF,34.965614
621.4285714285714,40.0,80.0,Au/MOF,34.95861
622.0551378446115,40.0,80.0,Au/MOF,34.9516
622.6817042606516,40.0,80.0,Au/MOF,34.9446
623.3082706766917,40.0,80.0,Au/MOF,34.937588
623.9348370927319,40.0,80.0,Au/MOF,34.930584
624.561403508772,40.0,80.0,Au/MOF,34.92358
625.187969924812,40.0,80.0,Au/MOF,34.916573
625.8145363408521,40.0,80.0,Au/MOF,34.909565
626.4411027568922,40.0,80.0,Au/MOF,34.902557
627.0676691729324,40.0,80.0,Au/MOF,34.895557
627.6942355889724,40.0,80.0,Au/MOF,34.888554
628.3208020050125,40.0,80.0,Au/MOF,34.881546
628.9473684210526,40.0,80.0,Au/MOF,34.874542
629.5739348370927,40.0,80.0,Au/MOF,34.867535
630.2005012531329,40.0,80.0,Au/MOF,34.86053
630.827067669173,40.0,80.0,Au/MOF,34.853523
631.453634085213,40.0,80.0,Au/MOF,34.846516
632.0802005012531,40.0,80.0,Au/MOF,34.83951
632.7067669172932,40.0,80.0,Au/MOF,34.832508
633.3333333333334,40.0,80.0,Au/MOF,34.825497
633.9598997493734,40.0,80.0,Au/MOF,34.818497
634.5864661654135,40.0,80.0,Au/MOF,34.811485
635.2130325814536,40.0,80.0,Au/MOF,34.804485
635.8395989974937,40.0,80.0,Au/MOF,34.797478
636.4661654135339,40.0,80.0,Au/MOF,34.79047
637.092731829574,40.0,80.0,Au/MOF,34.78346
637.719298245614,40.0,80.0,Au/MOF,34.776463
638.3458646616541,40.0,80.0,Au/MOF,34.76945
638.9724310776942,40.0,80.0,Au/MOF,34.762447
639.5989974937344,40.0,80.0,Au/MOF,34.75544
640.2255639097745,40.0,80.0,Au/MOF,34.74844
640.8521303258145,40.0,80.0,Au/MOF,34.741432
641.4786967418546,40.0,80.0,Au/MOF,34.73442
642.1052631578947,40.0,80.0,Au/MOF,34.72742
642.7318295739349,40.0,80.0,Au/MOF,34.72041
643.358395989975,40.0,80.0,Au/MOF,34.713406
643.984962406015,40.0,80.0,Au/MOF,34.706306
644.6115288220551,40.0,80.0,Au/MOF,34.69921
645.2380952380952,40.0,80.0,Au/MOF,34.692116
645.8646616541354,40.0,80.0,Au/MOF,34.685024
646.4912280701755,40.0,80.0,Au/MOF,34.67792
647.1177944862155,40.0,80.0,Au/MOF,34.670826
647.7443609022556,40.0,80.0,Au/MOF,34.66373
648.3709273182957,40.0,80.0,Au/MOF,34.65664
648.9974937343359,40.0,80.0,Au/MOF,34.649532
649.624060150376,40.0,80.0,Au/MOF,34.64244
650.250626566416,40.0,80.0,Au/MOF,34.63534
650.8771929824561,40.0,80.0,Au/MOF,34.62825
651.5037593984962,40.0,80.0,Au/MOF,34.621155
652.1303258145364,40.0,80.0,Au/MOF,34.61405
652.7568922305765,40.0,80.0,Au/MOF,34.606953
653.3834586466165,40.0,80.0,Au/MOF,34.599533
654.0100250626566,40.0,80.0,Au/MOF,34.5914
654.6365914786967,40.0,80.0,Au/MOF,34.583263
655.2631578947369,40.0,80.0,Au/MOF,34.57658
655.889724310777,40.0,80.0,Au/MOF,34.572163
656.516290726817,40.0,80.0,Au/MOF,34.56774
657.1428571428571,40.0,80.0,Au/MOF,34.56332
657.7694235588972,40.0,80.0,Au/MOF,34.55889
658.3959899749374,40.0,80.0,Au/MOF,34.554478
659.0225563909775,40.0,80.0,Au/MOF,34.550053
659.6491228070175,40.0,80.0,Au/MOF,34.545635
660.2756892230576,40.0,80.0,Au/MOF,34.541214
660.9022556390977,40.0,80.0,Au/MOF,34.536793
661.5288220551379,40.0,80.0,Au/MOF,34.532375
662.155388471178,40.0,80.0,Au/MOF,34.52795
662.781954887218,40.0,80.0,Au/MOF,34.523525
663.4085213032581,40.0,80.0,Au/MOF,34.519367
664.0350877192982,40.0,80.0,Au/MOF,34.51534
664.6616541353384,40.0,80.0,Au/MOF,34.513668
665.2882205513785,40.0,80.0,Au/MOF,34.513336
665.9147869674185,40.0,80.0,Au/MOF,34.51446
666.5413533834586,40.0,80.0,Au/MOF,34.515644
667.1679197994987,40.0,80.0,Au/MOF,34.51682
667.7944862155389,40.0,80.0,Au/MOF,34.51801
668.421052631579,40.0,80.0,Au/MOF,34.51919
669.047619047619,40.0,80.0,Au/MOF,34.52038
669.6741854636591,40.0,80.0,Au/MOF,34.521564
670.3007518796992,40.0,80.0,Au/MOF,34.52275
670.9273182957394,40.0,80.0,Au/MOF,34.523937
671.5538847117795,40.0,80.0,Au/MOF,34.52512
672.1804511278195,40.0,80.0,Au/MOF,34.526302
672.8070175438596,40.0,80.0,Au/MOF,34.527485
673.4335839598998,40.0,80.0,Au/MOF,34.528667
674.0601503759399,40.0,80.0,Au/MOF,34.52986
674.68671679198,40.0,80.0,Au/MOF,34.531216
675.31328320802,40.0,80.0,Au/MOF,34.533134
675.9398496240601,40.0,80.0,Au/MOF,34.535053
676.5664160401002,40.0,80.0,Au/MOF,34.536972
677.1929824561404,40.0,80.0,Au/MOF,34.53889
677.8195488721805,40.0,80.0,Au/MOF,34.540806
678.4461152882205,40.0,80.0,Au/MOF,34.54273
679.0726817042606,40.0,80.0,Au/MOF,34.544647
679.6992481203008,40.0,80.0,Au/MOF,34.546562
680.3258145363409,40.0,80.0,Au/MOF,34.548485
680.952380952381,40.0,80.0,Au/MOF,34.550404
681.578947368421,40.0,80.0,Au/MOF,34.55232
682.2055137844611,40.0,80.0,Au/MOF,34.554234
682.8320802005012,40.0,80.0,Au/MOF,34.556156
683.4586466165414,40.0,80.0,Au/MOF,34.55808
684.0852130325815,40.0,80.0,Au/MOF,34.559998
684.7117794486215,40.0,80.0,Au/MOF,34.56192
685.3383458646616,40.0,80.0,Au/MOF,34.56383
685.9649122807018,40.0,80.0,Au/MOF,34.56575
686.5914786967419,40.0,80.0,Au/MOF,34.56767
687.218045112782,40.0,80.0,Au/MOF,34.569588
687.844611528822,40.0,80.0,Au/MOF,34.57151
688.4711779448621,40.0,80.0,Au/MOF,34.57343
689.0977443609022,40.0,80.0,Au/MOF,34.575336
689.7243107769424,40.0,80.0,Au/MOF,34.577263
690.3508771929825,40.0,80.0,Au/MOF,34.57918
690.9774436090225,40.0,80.0,Au/MOF,34.581097
691.6040100250626,40.0,80.0,Au/MOF,34.58302
692.2305764411028,40.0,80.0,Au/MOF,34.584938
692.8571428571429,40.0,80.0,Au/MOF,34.586853
693.483709273183,40.0,80.0,Au/MOF,34.588776
694.110275689223,40.0,80.0,Au/MOF,34.590694
694.7368421052631,40.0,80.0,Au/MOF,34.592613
695.3634085213032,40.0,80.0,Au/MOF,34.594524
695.9899749373434,40.0,80.0,Au/MOF,34.596455
696.6165413533835,40.0,80.0,Au/MOF,34.59837
697.2431077694235,40.0,80.0,Au/MOF,34.600292
697.8696741854636,40.0,80.0,Au/MOF,34.602203
698.4962406015038,40.0,80.0,Au/MOF,34.604122
699.1228070175439,40.0,80.0,Au/MOF,34.606045
699.749373433584,40.0,80.0,Au/MOF,34.607967
700.375939849624,40.0,80.0,Au/MOF,34.609882
701.0025062656641,40.0,80.0,Au/MOF,34.611797
701.6290726817042,40.0,80.0,Au/MOF,34.613724
702.2556390977444,40.0,80.0,Au/MOF,34.615635
702.8822055137845,40.0,80.0,Au/MOF,34.617554
703.5087719298245,40.0,80.0,Au/MOF,34.619473
704.1353383458646,40.0,80.0,Au/MOF,34.621395
704.7619047619048,40.0,80.0,Au/MOF,34.62331
705.3884711779449,40.0,80.0,Au/MOF,34.625233
706.015037593985,40.0,80.0,Au/MOF,34.627148
706.641604010025,40.0,80.0,Au/MOF,34.629066
707.2681704260651,40.0,80.0,Au/MOF,34.630985
707.8947368421052,40.0,80.0,Au/MOF,34.6329
708.5213032581454,40.0,80.0,Au/MOF,34.634827
709.1478696741855,40.0,80.0,Au/MOF,34.63674
709.7744360902255,40.0,80.0,Au/MOF,34.638657
710.4010025062656,40.0,80.0,Au/MOF,34.640575
711.0275689223058,40.0,80.0,Au/MOF,34.642494
711.6541353383459,40.0,80.0,Au/MOF,34.64442
712.280701754386,40.0,80.0,Au/MOF,34.645885
712.907268170426,40.0,80.0,Au/MOF,34.647064
713.5338345864661,40.0,80.0,Au/MOF,34.648243
714.1604010025062,40.0,80.0,Au/MOF,34.649426
714.7869674185464,40.0,80.0,Au/MOF,34.650608
715.4135338345865,40.0,80.0,Au/MOF,34.651794
716.0401002506266,40.0,80.0,Au/MOF,34.652973
716.6666666666666,40.0,80.0,Au/MOF,34.654152
717.2932330827068,40.0,80.0,Au/MOF,34.65534
717.9197994987469,40.0,80.0,Au/MOF,34.656517
718.546365914787,40.0,80.0,Au/MOF,34.6577
719.172932330827,40.0,80.0,Au/MOF,34.65888
719.7994987468671,40.0,80.0,Au/MOF,34.66006
720.4260651629072,40.0,80.0,Au/MOF,34.66125
721.0526315789474,40.0,80.0,Au/MOF,34.66242
721.6791979949875,40.0,80.0,Au/MOF,34.6636
722.3057644110276,40.0,80.0,Au/MOF,34.664783
722.9323308270676,40.0,80.0,Au/MOF,34.667965
723.5588972431078,40.0,80.0,Au/MOF,34.67162
724.1854636591479,40.0,80.0,Au/MOF,34.675274
724.812030075188,40.0,80.0,Au/MOF,34.67893
725.438596491228,40.0,80.0,Au/MOF,34.682583
726.0651629072681,40.0,80.0,Au/MOF,34.686237
726.6917293233082,40.0,80.0,Au/MOF,34.689884
727.3182957393484,40.0,80.0,Au/MOF,34.693546
727.9448621553885,40.0,80.0,Au/MOF,34.6972
728.5714285714286,40.0,80.0,Au/MOF,34.700855
729.1979949874686,40.0,80.0,Au/MOF,34.70451
729.8245614035088,40.0,80.0,Au/MOF,34.708164
730.4511278195489,40.0,80.0,Au/MOF,34.711823
731.077694235589,40.0,80.0,Au/MOF,34.715473
731.704260651629,40.0,80.0,Au/MOF,34.719128
732.3308270676691,40.0,80.0,Au/MOF,34.722786
732.9573934837092,40.0,80.0,Au/MOF,34.72631
733.5839598997494,40.0,80.0,Au/MOF,34.729527
734.2105263157895,40.0,80.0,Au/MOF,34.73274
734.8370927318296,40.0,80.0,Au/MOF,34.735943
735.4636591478696,40.0,80.0,Au/MOF,34.739155
736.0902255639098,40.0,80.0,Au/MOF,34.742367
736.7167919799499,40.0,80.0,Au/MOF,34.74558
737.34335839599,40.0,80.0,Au/MOF,34.74878
737.9699248120301,40.0,80.0,Au/MOF,34.75199
738.5964912280701,40.0,80.0,Au/MOF,34.75583
739.2230576441102,40.0,80.0,Au/MOF,34.760582
739.8496240601504,40.0,80.0,Au/MOF,34.76534
740.4761904761905,40.0,80.0,Au/MOF,34.7701
741.1027568922306,40.0,80.0,Au/MOF,34.774868
741.7293233082706,40.0,80.0,Au/MOF,34.779617
742.3558897243108,40.0,80.0,Au/MOF,34.784378
742.9824561403509,40.0,80.0,Au/MOF,34.78914
743.609022556391,40.0,80.0,Au/MOF,34.7939
744.2355889724311,40.0,80.0,Au/MOF,34.798656
744.8621553884711,40.0,80.0,Au/MOF,34.803413
745.4887218045112,40.0,80.0,Au/MOF,34.80817
746.1152882205514,40.0,80.0,Au/MOF,34.81293
746.7418546365915,40.0,80.0,Au/MOF,34.817688
747.3684210526316,40.0,80.0,Au/MOF,34.82245
747.9949874686716,40.0,80.0,Au/MOF,34.82721
748.6215538847118,40.0,80.0,Au/MOF,34.83197
749.2481203007519,40.0,80.0,Au/MOF,34.836727
749.874686716792,40.0,80.0,Au/MOF,34.841488
750.5012531328321,40.0,80.0,Au/MOF,34.846245
751.1278195488721,40.0,80.0,Au/MOF,34.851
751.7543859649122,40.0,80.0,Au/MOF,34.85577
752.3809523809524,40.0,80.0,Au/MOF,34.860523
753.0075187969925,40.0,80.0,Au/MOF,34.865276
753.6340852130326,40.0,80.0,Au/MOF,34.870045
754.2606516290726,40.0,80.0,Au/MOF,34.874798
754.8872180451128,40.0,80.0,Au/MOF,34.879562
755.5137844611529,40.0,80.0,Au/MOF,34.88432
756.140350877193,40.0,80.0,Au/MOF,34.88908
756.7669172932331,40.0,80.0,Au/MOF,34.89384
757.3934837092731,40.0,80.0,Au/MOF,34.898594
758.0200501253132,40.0,80.0,Au/MOF,34.90336
758.6466165413534,40.0,80.0,Au/MOF,34.908115
759.2731829573935,40.0,80.0,Au/MOF,34.912876
759.8997493734336,40.0,80.0,Au/MOF,34.917637
760.5263157894736,40.0,80.0,Au/MOF,34.92239
761.1528822055138,40.0,80.0,Au/MOF,34.927155
761.7794486215539,40.0,80.0,Au/MOF,34.931915
762.406015037594,40.0,80.0,Au/MOF,34.93667
763.0325814536341,40.0,80.0,Au/MOF,34.941425
763.6591478696741,40.0,80.0,Au/MOF,34.946186
764.2857142857142,40.0,80.0,Au/MOF,34.950947
764.9122807017544,40.0,80.0,Au/MOF,34.955708
765.5388471177945,40.0,80.0,Au/MOF,34.96046
766.1654135338346,40.0,80.0,Au/MOF,34.965225
766.7919799498746,40.0,80.0,Au/MOF,34.969982
767.4185463659148,40.0,80.0,Au/MOF,34.974743
768.0451127819549,40.0,80.0,Au/MOF,34.979504
768.671679197995,40.0,80.0,Au/MOF,34.984257
769.2982456140351,40.0,80.0,Au/MOF,34.989025
769.9248120300751,40.0,80.0,Au/MOF,34.99378
770.5513784461152,40.0,80.0,Au/MOF,34.99854
771.1779448621554,40.0,80.0,Au/MOF,35.003296
771.8045112781955,40.0,80.0,Au/MOF,35.008053
772.4310776942356,40.0,80.0,Au/MOF,35.01282
773.0576441102756,40.0,80.0,Au/MOF,35.01757
773.6842105263158,40.0,80.0,Au/MOF,35.02234
774.3107769423559,40.0,80.0,Au/MOF,35.027092
774.937343358396,40.0,80.0,Au/MOF,35.03185
775.5639097744361,40.0,80.0,Au/MOF,35.036613
776.1904761904761,40.0,80.0,Au/MOF,35.041374
776.8170426065162,40.0,80.0,Au/MOF,35.04807
777.4436090225564,40.0,80.0,Au/MOF,35.055264
778.0701754385965,40.0,80.0,Au/MOF,35.06246
778.6967418546366,40.0,80.0,Au/MOF,35.069653
779.3233082706766,40.0,80.0,Au/MOF,35.076855
779.9498746867168,40.0,80.0,Au/MOF,35.08404
780.5764411027569,40.0,80.0,Au/MOF,35.091244
781.203007518797,40.0,80.0,Au/MOF,35.09844
781.8295739348371,40.0,80.0,Au/MOF,35.105633
782.4561403508771,40.0,80.0,Au/MOF,35.112823
783.0827067669172,40.0,80.0,Au/MOF,35.120026
783.7092731829574,40.0,80.0,Au/MOF,35.127224
784.3358395989975,40.0,80.0,Au/MOF,35.13441
784.9624060150376,40.0,80.0,Au/MOF,35.141605
785.5889724310777,40.0,80.0,Au/MOF,35.148808
786.2155388471178,40.0,80.0,Au/MOF,35.156338
786.8421052631579,40.0,80.0,Au/MOF,35.164074
787.468671679198,40.0,80.0,Au/MOF,35.171005
788.0952380952381,40.0,80.0,Au/MOF,35.17654
788.7218045112782,40.0,80.0,Au/MOF,35.182068
789.3483709273182,40.0,80.0,Au/MOF,35.187946
789.9749373433584,40.0,80.0,Au/MOF,35.195488
790.6015037593985,40.0,80.0,Au/MOF,35.203037
791.2280701754386,40.0,80.0,Au/MOF,35.210575
791.8546365914787,40.0,80.0,Au/MOF,35.218117
792.4812030075188,40.0,80.0,Au/MOF,35.22566
793.1077694235589,40.0,80.0,Au/MOF,35.233204
793.734335839599,40.0,80.0,Au/MOF,35.24134
794.3609022556391,40.0,80.0,Au/MOF,35.250492
794.9874686716792,40.0,80.0,Au/MOF,35.25964
795.6140350877192,40.0,80.0,Au/MOF,35.268787
796.2406015037594,40.0,80.0,Au/MOF,35.277935
796.8671679197995,40.0,80.0,Au/MOF,35.28709
797.4937343358396,40.0,80.0,Au/MOF,35.296234
798.1203007518797,40.0,80.0,Au/MOF,35.305386
798.7468671679198,40.0,80.0,Au/MOF,35.314526
799.3734335839599,40.0,80.0,Au/MOF,35.323677
800.0,40.0,80.0,Au/MOF,35.332825
550.0,50.0,80.0,Au/MOF,28.991337
550.6265664160401,50.0,80.0,Au/MOF,28.975033
551.2531328320802,50.0,80.0,Au/MOF,28.958733
551.8796992481203,50.0,80.0,Au/MOF,28.942429
552.5062656641604,50.0,80.0,Au/MOF,28.926128
553.1328320802005,50.0,80.0,Au/MOF,28.90982
553.7593984962406,50.0,80.0,Au/MOF,28.89352
554.3859649122807,50.0,80.0,Au/MOF,28.877218
555.0125313283208,50.0,80.0,Au/MOF,28.860916
555.6390977443609,50.0,80.0,Au/MOF,28.844635
556.265664160401,50.0,80.0,Au/MOF,28.829596
556.8922305764411,50.0,80.0,Au/MOF,28.814566
557.5187969924812,50.0,80.0,Au/MOF,28.799538
558.1453634085213,50.0,80.0,Au/MOF,28.784508
558.7719298245614,50.0,80.0,Au/MOF,28.769476
559.3984962406015,50.0,80.0,Au/MOF,28.75444
560.0250626566416,50.0,80.0,Au/MOF,28.739407
560.6516290726817,50.0,80.0,Au/MOF,28.724377
561.2781954887218,50.0,80.0,Au/MOF,28.709343
561.9047619047619,50.0,80.0,Au/MOF,28.694311
562.531328320802,50.0,80.0,Au/MOF,28.67928
563.1578947368421,50.0,80.0,Au/MOF,28.664248
563.7844611528822,50.0,80.0,Au/MOF,28.649216
564.4110275689223,50.0,80.0,Au/MOF,28.634184
565.0375939849624,50.0,80.0,Au/MOF,28.619217
565.6641604010025,50.0,80.0,Au/MOF,28.605913
566.2907268170426,50.0,80.0,Au/MOF,28.59261
566.9172932330827,50.0,80.0,Au/MOF,28.57931
567.5438596491229,50.0,80.0,Au/MOF,28.566002
568.1704260651629,50.0,80.0,Au/MOF,28.552696
568.796992481203,50.0,80.0,Au/MOF,28.539389
569.4235588972431,50.0,80.0,Au/MOF,28.52609
570.0501253132832,50.0,80.0,Au/MOF,28.51278
570.6766917293234,50.0,80.0,Au/MOF,28.499481
571.3032581453634,50.0,80.0,Au/MOF,28.486172
571.9298245614035,50.0,80.0,Au/MOF,28.47287
572.5563909774436,50.0,80.0,Au/MOF,28.459564
573.1829573934837,50.0,80.0,Au/MOF,28.446259
573.8095238095239,50.0,80.0,Au/MOF,28.432953
574.4360902255639,50.0,80.0,Au/MOF,28.419655
575.062656641604,50.0,80.0,Au/MOF,28.40635
575.6892230576441,50.0,80.0,Au/MOF,28.39304
576.3157894736842,50.0,80.0,Au/MOF,28.379738
576.9423558897244,50.0,80.0,Au/MOF,28.366432
577.5689223057644,50.0,80.0,Au/MOF,28.352957
578.1954887218045,50.0,80.0,Au/MOF,28.338608
578.8220551378446,50.0,80.0,Au/MOF,28.32426
579.4486215538847,50.0,80.0,Au/MOF,28.309914
580.0751879699249,50.0,80.0,Au/MOF,28.295574
580.7017543859649,50.0,80.0,Au/MOF,28.281223
581.328320802005,50.0,80.0,Au/MOF,28.266884
581.9548872180451,50.0,80.0,Au/MOF,28.25253
582.5814536340852,50.0,80.0,Au/MOF,28.238447
583.2080200501254,50.0,80.0,Au/MOF,28.224499
583.8345864661654,50.0,80.0,Au/MOF,28.210546
584.4611528822055,50.0,80.0,Au/MOF,28.196594
585.0877192982456,50.0,80.0,Au/MOF,28.18264
585.7142857142857,50.0,80.0,Au/MOF,28.168701
586.3408521303259,50.0,80.0,Au/MOF,28.154747
586.9674185463659,50.0,80.0,Au/MOF,28.141861
587.593984962406,50.0,80.0,Au/MOF,28.129902
588.2205513784461,50.0,80.0,Au/MOF,28.117954
588.8471177944862,50.0,80.0,Au/MOF,28.105993
589.4736842105264,50.0,80.0,Au/MOF,28.094034
590.1002506265664,50.0,80.0,Au/MOF,28.082077
590.7268170426065,50.0,80.0,Au/MOF,28.07013
591.3533834586466,50.0,80.0,Au/MOF,28.05817
591.9799498746867,50.0,80.0,Au/MOF,28.046213
592.6065162907269,50.0,80.0,Au/MOF,28.035564
593.2330827067669,50.0,80.0,Au/MOF,28.025593
593.859649122807,50.0,80.0,Au/MOF,28.015614
594.4862155388471,50.0,80.0,Au/MOF,28.005644
595.1127819548872,50.0,80.0,Au/MOF,27.995667
595.7393483709274,50.0,80.0,Au/MOF,27.985699
596.3659147869674,50.0,80.0,Au/MOF,27.975725
596.9924812030075,50.0,80.0,Au/MOF,27.965748
597.6190476190476,50.0,80.0,Au/MOF,27.955776
598.2456140350877,50.0,80.0,Au/MOF,27.9458
598.8721804511279,50.0,80.0,Au/MOF,27.935827
599.4987468671679,50.0,80.0,Au/MOF,27.925856
600.125313283208,50.0,80.0,Au/MOF,27.915878
600.7518796992481,50.0,80.0,Au/MOF,27.90591
601.3784461152882,50.0,80.0,Au/MOF,27.895935
602.0050125313284,50.0,80.0,Au/MOF,27.885962
602.6315789473684,50.0,80.0,Au/MOF,27.875984
603.2581453634085,50.0,80.0,Au/MOF,27.86602
603.8847117794486,50.0,80.0,Au/MOF,27.856043
604.5112781954887,50.0,80.0,Au/MOF,27.84607
605.1378446115289,50.0,80.0,Au/MOF,27.836094
605.7644110275689,50.0,80.0,Au/MOF,27.82612
606.390977443609,50.0,80.0,Au/MOF,27.81615
607.0175438596491,50.0,80.0,Au/MOF,27.80618
607.6441102756892,50.0,80.0,Au/MOF,27.796196
608.2706766917294,50.0,80.0,Au/MOF,27.786226
608.8972431077694,50.0,80.0,Au/MOF,27.776249
609.5238095238095,50.0,80.0,Au/MOF,27.766628
610.1503759398496,50.0,80.0,Au/MOF,27.758018
610.7769423558897,50.0,80.0,Au/MOF,27.749407
611.4035087719299,50.0,80.0,Au/MOF,27.740799
612.0300751879699,50.0,80.0,Au/MOF,27.732187
612.65664160401,50.0,80.0,Au/MOF,27.72358
613.2832080200501,50.0,80.0,Au/MOF,27.71497
613.9097744360902,50.0,80.0,Au/MOF,27.706364
614.5363408521304,50.0,80.0,Au/MOF,27.697756
615.1629072681704,50.0,80.0,Au/MOF,27.689146
615.7894736842105,50.0,80.0,Au/MOF,27.680534
616.4160401002506,50.0,80.0,Au/MOF,27.67192
617.0426065162907,50.0,80.0,Au/MOF,27.663319
617.6691729323309,50.0,80.0,Au/MOF,27.654705
618.295739348371,50.0,80.0,Au/MOF,27.6461
618.922305764411,50.0,80.0,Au/MOF,27.637487
619.5488721804511,50.0,80.0,Au/MOF,27.62888
620.1754385964912,50.0,80.0,Au/MOF,27.620266
620.8020050125314,50.0,80.0,Au/MOF,27.611652
621.4285714285714,50.0,80.0,Au/MOF,27.603046
622.0551378446115,50.0,80.0,Au/MOF,27.594448
622.6817042606516,50.0,80.0,Au/MOF,27.58583
623.3082706766917,50.0,80.0,Au/MOF,27.577223
623.9348370927319,50.0,80.0,Au/MOF,27.568613
624.561403508772,50.0,80.0,Au/MOF,27.560001
625.187969924812,50.0,80.0,Au/MOF,27.551392
625.8145363408521,50.0,80.0,Au/MOF,27.542784
626.4411027568922,50.0,80.0,Au/MOF,27.534172
627.0676691729324,50.0,80.0,Au/MOF,27.525562
627.6942355889724,50.0,80.0,Au/MOF,27.516958
628.3208020050125,50.0,80.0,Au/MOF,27.508347
628.9473684210526,50.0,80.0,Au/MOF,27.499737
629.5739348370927,50.0,80.0,Au/MOF,27.491123
630.2005012531329,50.0,80.0,Au/MOF,27.482525
630.827067669173,50.0,80.0,Au/MOF,27.473911
631.453634085213,50.0,80.0,Au/MOF,27.465302
632.0802005012531,50.0,80.0,Au/MOF,27.45669
632.7067669172932,50.0,80.0,Au/MOF,27.448082
633.3333333333334,50.0,80.0,Au/MOF,27.439472
633.9598997493734,50.0,80.0,Au/MOF,27.430864
634.5864661654135,50.0,80.0,Au/MOF,27.422253
635.2130325814536,50.0,80.0,Au/MOF,27.413643
635.8395989974937,50.0,80.0,Au/MOF,27.405031
636.4661654135339,50.0,80.0,Au/MOF,27.396425
637.092731829574,50.0,80.0,Au/MOF,27.38782
637.719298245614,50.0,80.0,Au/MOF,27.379208
638.3458646616541,50.0,80.0,Au/MOF,27.370602
638.9724310776942,50.0,80.0,Au/MOF,27.361988
639.5989974937344,50.0,80.0,Au/MOF,27.354435
640.2255639097745,50.0,80.0,Au/MOF,27.347202
640.8521303258145,50.0,80.0,Au/MOF,27.340368
641.4786967418546,50.0,80.0,Au/MOF,27.334703
642.1052631578947,50.0,80.0,Au/MOF,27.329035
642.7318295739349,50.0,80.0,Au/MOF,27.32338
643.358395989975,50.0,80.0,Au/MOF,27.317715
643.984962406015,50.0,80.0,Au/MOF,27.312054
644.6115288220551,50.0,80.0,Au/MOF,27.30639
645.2380952380952,50.0,80.0,Au/MOF,27.300732
645.8646616541354,50.0,80.0,Au/MOF,27.295063
646.4912280701755,50.0,80.0,Au/MOF,27.2894
647.1177944862155,50.0,80.0,Au/MOF,27.283741
647.7443609022556,50.0,80.0,Au/MOF,27.27808
648.3709273182957,50.0,80.0,Au/MOF,27.272415
648.9974937343359,50.0,80.0,Au/MOF,27.266752
649.624060150376,50.0,80.0,Au/MOF,27.261198
650.250626566416,50.0,80.0,Au/MOF,27.256565
650.8771929824561,50.0,80.0,Au/MOF,27.252552
651.5037593984962,50.0,80.0,Au/MOF,27.24952
652.1303258145364,50.0,80.0,Au/MOF,27.246492
652.7568922305765,50.0,80.0,Au/MOF,27.243471
653.3834586466165,50.0,80.0,Au/MOF,27.240433
654.0100250626566,50.0,80.0,Au/MOF,27.237408
654.6365914786967,50.0,80.0,Au/MOF,27.234379
655.2631578947369,50.0,80.0,Au/MOF,27.231354
655.889724310777,50.0,80.0,Au/MOF,27.228323
656.516290726817,50.0,80.0,Au/MOF,27.225294
657.1428571428571,50.0,80.0,Au/MOF,27.222267
657.7694235588972,50.0,80.0,Au/MOF,27.219238
658.3959899749374,50.0,80.0,Au/MOF,27.216208
659.0225563909775,50.0,80.0,Au/MOF,27.21318
659.6491228070175,50.0,80.0,Au/MOF,27.210157
660.2756892230576,50.0,80.0,Au/MOF,27.207127
660.9022556390977,50.0,80.0,Au/MOF,27.20409
661.5288220551379,50.0,80.0,Au/MOF,27.201065
662.155388471178,50.0,80.0,Au/MOF,27.19804
662.781954887218,50.0,80.0,Au/MOF,27.195013
663.4085213032581,50.0,80.0,Au/MOF,27.19198
664.0350877192982,50.0,80.0,Au/MOF,27.18895
664.6616541353384,50.0,80.0,Au/MOF,27.185925
665.2882205513785,50.0,80.0,Au/MOF,27.182894
665.9147869674185,50.0,80.0,Au/MOF,27.17987
666.5413533834586,50.0,80.0,Au/MOF,27.176838
667.1679197994987,50.0,80.0,Au/MOF,27.173811
667.7944862155389,50.0,80.0,Au/MOF,27.170784
668.421052631579,50.0,80.0,Au/MOF,27.167751
669.047619047619,50.0,80.0,Au/MOF,27.165297
669.6741854636591,50.0,80.0,Au/MOF,27.163998
670.3007518796992,50.0,80.0,Au/MOF,27.162704
670.9273182957394,50.0,80.0,Au/MOF,27.161417
671.5538847117795,50.0,80.0,Au/MOF,27.16012
672.1804511278195,50.0,80.0,Au/MOF,27.158825
672.8070175438596,50.0,80.0,Au/MOF,27.157528
673.4335839598998,50.0,80.0,Au/MOF,27.156904
674.0601503759399,50.0,80.0,Au/MOF,27.156357
674.68671679198,50.0,80.0,Au/MOF,27.15581
675.31328320802,50.0,80.0,Au/MOF,27.155262
675.9398496240601,50.0,80.0,Au/MOF,27.15472
676.5664160401002,50.0,80.0,Au/MOF,27.15417
677.1929824561404,50.0,80.0,Au/MOF,27.153624
677.8195488721805,50.0,80.0,Au/MOF,27.153076
678.4461152882205,50.0,80.0,Au/MOF,27.152529
679.0726817042606,50.0,80.0,Au/MOF,27.151985
679.6992481203008,50.0,80.0,Au/MOF,27.151432
680.3258145363409,50.0,80.0,Au/MOF,27.150888
680.952380952381,50.0,80.0,Au/MOF,27.150341
681.578947368421,50.0,80.0,Au/MOF,27.149796
682.2055137844611,50.0,80.0,Au/MOF,27.14925
682.8320802005012,50.0,80.0,Au/MOF,27.148703
683.4586466165414,50.0,80.0,Au/MOF,27.14869
684.0852130325815,50.0,80.0,Au/MOF,27.148685
684.7117794486215,50.0,80.0,Au/MOF,27.14869
685.3383458646616,50.0,80.0,Au/MOF,27.148682
685.9649122807018,50.0,80.0,Au/MOF,27.148676
686.5914786967419,50.0,80.0,Au/MOF,27.148584
687.218045112782,50.0,80.0,Au/MOF,27.148487
687.844611528822,50.0,80.0,Au/MOF,27.148396
688.4711779448621,50.0,80.0,Au/MOF,27.148302
689.0977443609022,50.0,80.0,Au/MOF,27.148212
689.7243107769424,50.0,80.0,Au/MOF,27.148115
690.3508771929825,50.0,80.0,Au/MOF,27.14839
690.9774436090225,50.0,80.0,Au/MOF,27.149033
691.6040100250626,50.0,80.0,Au/MOF,27.149672
692.2305764411028,50.0,80.0,Au/MOF,27.152431
692.8571428571429,50.0,80.0,Au/MOF,27.156025
693.483709273183,50.0,80.0,Au/MOF,27.159618
694.110275689223,50.0,80.0,Au/MOF,27.163214
694.7368421052631,50.0,80.0,Au/MOF,27.166805
695.3634085213032,50.0,80.0,Au/MOF,27.170403
695.9899749373434,50.0,80.0,Au/MOF,27.174
696.6165413533835,50.0,80.0,Au/MOF,27.177597
697.2431077694235,50.0,80.0,Au/MOF,27.181192
697.8696741854636,50.0,80.0,Au/MOF,27.18479
698.4962406015038,50.0,80.0,Au/MOF,27.188387
699.1228070175439,50.0,80.0,Au/MOF,27.191978
699.749373433584,50.0,80.0,Au/MOF,27.195574
700.375939849624,50.0,80.0,Au/MOF,27.19917
701.0025062656641,50.0,80.0,Au/MOF,27.202766
701.6290726817042,50.0,80.0,Au/MOF,27.207275
702.2556390977444,50.0,80.0,Au/MOF,27.212381
702.8822055137845,50.0,80.0,Au/MOF,27.217485
703.5087719298245,50.0,80.0,Au/MOF,27.222593
704.1353383458646,50.0,80.0,Au/MOF,27.227695
704.7619047619048,50.0,80.0,Au/MOF,27.232805
705.3884711779449,50.0,80.0,Au/MOF,27.237904
706.015037593985,50.0,80.0,Au/MOF,27.243011
706.641604010025,50.0,80.0,Au/MOF,27.248114
707.2681704260651,50.0,80.0,Au/MOF,27.253222
707.8947368421052,50.0,80.0,Au/MOF,27.258327
708.5213032581454,50.0,80.0,Au/MOF,27.263432
709.1478696741855,50.0,80.0,Au/MOF,27.268538
709.7744360902255,50.0,80.0,Au/MOF,27.273642
710.4010025062656,50.0,80.0,Au/MOF,27.278748
711.0275689223058,50.0,80.0,Au/MOF,27.28385
711.6541353383459,50.0,80.0,Au/MOF,27.288956
712.280701754386,50.0,80.0,Au/MOF,27.294064
712.907268170426,50.0,80.0,Au/MOF,27.299166
713.5338345864661,50.0,80.0,Au/MOF,27.304276
714.1604010025062,50.0,80.0,Au/MOF,27.30938
714.7869674185464,50.0,80.0,Au/MOF,27.314486
715.4135338345865,50.0,80.0,Au/MOF,27.319588
716.0401002506266,50.0,80.0,Au/MOF,27.324694
716.6666666666666,50.0,80.0,Au/MOF,27.329798
717.2932330827068,50.0,80.0,Au/MOF,27.3349
717.9197994987469,50.0,80.0,Au/MOF,27.340012
718.546365914787,50.0,80.0,Au/MOF,27.345116
719.172932330827,50.0,80.0,Au/MOF,27.350964
719.7994987468671,50.0,80.0,Au/MOF,27.357016
720.4260651629072,50.0,80.0,Au/MOF,27.36306
721.0526315789474,50.0,80.0,Au/MOF,27.369106
721.6791979949875,50.0,80.0,Au/MOF,27.37516
722.3057644110276,50.0,80.0,Au/MOF,27.3812
722.9323308270676,50.0,80.0,Au/MOF,27.38725
723.5588972431078,50.0,80.0,Au/MOF,27.3933
724.1854636591479,50.0,80.0,Au/MOF,27.399342
724.812030075188,50.0,80.0,Au/MOF,27.405388
725.438596491228,50.0,80.0,Au/MOF,27.411442
726.0651629072681,50.0,80.0,Au/MOF,27.417486
726.6917293233082,50.0,80.0,Au/MOF,27.423534
727.3182957393484,50.0,80.0,Au/MOF,27.429583
727.9448621553885,50.0,80.0,Au/MOF,27.435633
728.5714285714286,50.0,80.0,Au/MOF,27.441677
729.1979949874686,50.0,80.0,Au/MOF,27.447721
729.8245614035088,50.0,80.0,Au/MOF,27.453772
730.4511278195489,50.0,80.0,Au/MOF,27.459822
731.077694235589,50.0,80.0,Au/MOF,27.465866
731.704260651629,50.0,80.0,Au/MOF,27.471914
732.3308270676691,50.0,80.0,Au/MOF,27.477966
732.9573934837092,50.0,80.0,Au/MOF,27.484009
733.5839598997494,50.0,80.0,Au/MOF,27.49006
734.2105263157895,50.0,80.0,Au/MOF,27.496105
734.8370927318296,50.0,80.0,Au/MOF,27.50216
735.4636591478696,50.0,80.0,Au/MOF,27.508202
736.0902255639098,50.0,80.0,Au/MOF,27.514244
736.7167919799499,50.0,80.0,Au/MOF,27.520298
737.34335839599,50.0,80.0,Au/MOF,27.526342
737.9699248120301,50.0,80.0,Au/MOF,27.53403
738.5964912280701,50.0,80.0,Au/MOF,27.542086
739.2230576441102,50.0,80.0,Au/MOF,27.550148
739.8496240601504,50.0,80.0,Au/MOF,27.5582
740.4761904761905,50.0,80.0,Au/MOF,27.566261
741.1027568922306,50.0,80.0,Au/MOF,27.574314
741.7293233082706,50.0,80.0,Au/MOF,27.582375
742.3558897243108,50.0,80.0,Au/MOF,27.590435
742.9824561403509,50.0,80.0,Au/MOF,27.598495
743.609022556391,50.0,80.0,Au/MOF,27.606544
744.2355889724311,50.0,80.0,Au/MOF,27.614607
744.8621553884711,50.0,80.0,Au/MOF,27.622662
745.4887218045112,50.0,80.0,Au/MOF,27.630714
746.1152882205514,50.0,80.0,Au/MOF,27.638775
746.7418546365915,50.0,80.0,Au/MOF,27.646833
747.3684210526316,50.0,80.0,Au/MOF,27.65489
747.9949874686716,50.0,80.0,Au/MOF,27.664293
748.6215538847118,50.0,80.0,Au/MOF,27.674654
749.2481203007519,50.0,80.0,Au/MOF,27.685013
749.874686716792,50.0,80.0,Au/MOF,27.695377
750.5012531328321,50.0,80.0,Au/MOF,27.705734
751.1278195488721,50.0,80.0,Au/MOF,27.714624
751.7543859649122,50.0,80.0,Au/MOF,27.722773
752.3809523809524,50.0,80.0,Au/MOF,27.730923
753.0075187969925,50.0,80.0,Au/MOF,27.739077
753.6340852130326,50.0,80.0,Au/MOF,27.747787
754.2606516290726,50.0,80.0,Au/MOF,27.757643
754.8872180451128,50.0,80.0,Au/MOF,27.767496
755.5137844611529,50.0,80.0,Au/MOF,27.777359
756.140350877193,50.0,80.0,Au/MOF,27.787209
756.7669172932331,50.0,80.0,Au/MOF,27.797066
757.3934837092731,50.0,80.0,Au/MOF,27.806923
758.0200501253132,50.0,80.0,Au/MOF,27.816319
758.6466165413534,50.0,80.0,Au/MOF,27.8244
759.2731829573935,50.0,80.0,Au/MOF,27.832495
759.8997493734336,50.0,80.0,Au/MOF,27.840586
760.5263157894736,50.0,80.0,Au/MOF,27.848675
761.1528822055138,50.0,80.0,Au/MOF,27.856762
761.7794486215539,50.0,80.0,Au/MOF,27.864855
762.406015037594,50.0,80.0,Au/MOF,27.872677
763.0325814536341,50.0,80.0,Au/MOF,27.880322
763.6591478696741,50.0,80.0,Au/MOF,27.887964
764.2857142857142,50.0,80.0,Au/MOF,27.89561
764.9122807017544,50.0,80.0,Au/MOF,27.903257
765.5388471177945,50.0,80.0,Au/MOF,27.910902
766.1654135338346,50.0,80.0,Au/MOF,27.918545
766.7919799498746,50.0,80.0,Au/MOF,27.92619
767.4185463659148,50.0,80.0,Au/MOF,27.933834
768.0451127819549,50.0,80.0,Au/MOF,27.941483
768.671679197995,50.0,80.0,Au/MOF,27.949125
769.2982456140351,50.0,80.0,Au/MOF,27.956768
769.9248120300751,50.0,80.0,Au/MOF,27.964413
770.5513784461152,50.0,80.0,Au/MOF,27.972061
771.1779448621554,50.0,80.0,Au/MOF,27.979706
771.8045112781955,50.0,80.0,Au/MOF,27.988848
772.4310776942356,50.0,80.0,Au/MOF,27.998045
773.0576441102756,50.0,80.0,Au/MOF,28.007235
773.6842105263158,50.0,80.0,Au/MOF,28.016434
774.3107769423559,50.0,80.0,Au/MOF,28.02563
774.937343358396,50.0,80.0,Au/MOF,28.034819
775.5639097744361,50.0,80.0,Au/MOF,28.044018
776.1904761904761,50.0,80.0,Au/MOF,28.053211
776.8170426065162,50.0,80.0,Au/MOF,28.062403
777.4436090225564,50.0,80.0,Au/MOF,28.071594
778.0701754385965,50.0,80.0,Au/MOF,28.080795
778.6967418546366,50.0,80.0,Au/MOF,28.089985
779.3233082706766,50.0,80.0,Au/MOF,28.099178
779.9498746867168,50.0,80.0,Au/MOF,28.108376
780.5764411027569,50.0,80.0,Au/MOF,28.11757
781.203007518797,50.0,80.0,Au/MOF,28.12677
781.8295739348371,50.0,80.0,Au/MOF,28.13596
782.4561403508771,50.0,80.0,Au/MOF,28.145157
783.0827067669172,50.0,80.0,Au/MOF,28.15434
783.7092731829574,50.0,80.0,Au/MOF,28.163548
784.3358395989975,50.0,80.0,Au/MOF,28.172737
784.9624060150376,50.0,80.0,Au/MOF,28.181927
785.5889724310777,50.0,80.0,Au/MOF,28.19285
786.2155388471178,50.0,80.0,Au/MOF,28.204485
786.8421052631579,50.0,80.0,Au/MOF,28.216116
787.468671679198,50.0,80.0,Au/MOF,28.227745
788.0952380952381,50.0,80.0,Au/MOF,28.239372
788.7218045112782,50.0,80.0,Au/MOF,28.251001
789.3483709273182,50.0,80.0,Au/MOF,28.262632
789.9749373433584,50.0,80.0,Au/MOF,28.274261
790.6015037593985,50.0,80.0,Au/MOF,28.285896
791.2280701754386,50.0,80.0,Au/MOF,28.297523
791.8546365914787,50.0,80.0,Au/MOF,28.309158
792.4812030075188,50.0,80.0,Au/MOF,28.320787
793.1077694235589,50.0,80.0,Au/MOF,28.332417
793.734335839599,50.0,80.0,Au/MOF,28.344053
794.3609022556391,50.0,80.0,Au/MOF,28.355682
794.9874686716792,50.0,80.0,Au/MOF,28.367311
795.6140350877192,50.0,80.0,Au/MOF,28.37894
796.2406015037594,50.0,80.0,Au/MOF,28.390572
796.8671679197995,50.0,80.0,Au/MOF,28.403801
797.4937343358396,50.0,80.0,Au/MOF,28.417736
798.1203007518797,50.0,80.0,Au/MOF,28.431665
798.7468671679198,50.0,80.0,Au/MOF,28.445602
799.3734335839599,50.0,80.0,Au/MOF,28.459534
800.0,50.0,80.0,Au/MOF,28.473465
550.0,60.0,80.0,Au/MOF,22.055548
550.6265664160401,60.0,80.0,Au/MOF,22.042854
551.2531328320802,60.0,80.0,Au/MOF,22.030163
551.8796992481203,60.0,80.0,Au/MOF,22.017479
552.5062656641604,60.0,80.0,Au/MOF,22.004786
553.1328320802005,60.0,80.0,Au/MOF,21.992096
553.7593984962406,60.0,80.0,Au/MOF,21.979406
554.3859649122807,60.0,80.0,Au/MOF,21.966717
555.0125313283208,60.0,80.0,Au/MOF,21.954025
555.6390977443609,60.0,80.0,Au/MOF,21.941328
556.265664160401,60.0,80.0,Au/MOF,21.928642
556.8922305764411,60.0,80.0,Au/MOF,21.915955
557.5187969924812,60.0,80.0,Au/MOF,21.90326
558.1453634085213,60.0,80.0,Au/MOF,21.890568
558.7719298245614,60.0,80.0,Au/MOF,21.877876
559.3984962406015,60.0,80.0,Au/MOF,21.865189
560.0250626566416,60.0,80.0,Au/MOF,21.852493
560.6516290726817,60.0,80.0,Au/MOF,21.839806
561.2781954887218,60.0,80.0,Au/MOF,21.827114
561.9047619047619,60.0,80.0,Au/MOF,21.81442
562.531328320802,60.0,80.0,Au/MOF,21.801731
563.1578947368421,60.0,80.0,Au/MOF,21.78904
563.7844611528822,60.0,80.0,Au/MOF,21.776348
564.4110275689223,60.0,80.0,Au/MOF,21.763657
565.0375939849624,60.0,80.0,Au/MOF,21.750965
565.6641604010025,60.0,80.0,Au/MOF,21.738277
566.2907268170426,60.0,80.0,Au/MOF,21.725586
566.9172932330827,60.0,80.0,Au/MOF,21.712894
567.5438596491229,60.0,80.0,Au/MOF,21.700203
568.1704260651629,60.0,80.0,Au/MOF,21.687508
568.796992481203,60.0,80.0,Au/MOF,21.674824
569.4235588972431,60.0,80.0,Au/MOF,21.662125
570.0501253132832,60.0,80.0,Au/MOF,21.649462
570.6766917293234,60.0,80.0,Au/MOF,21.63682
571.3032581453634,60.0,80.0,Au/MOF,21.625492
571.9298245614035,60.0,80.0,Au/MOF,21.614845
572.5563909774436,60.0,80.0,Au/MOF,21.603745
573.1829573934837,60.0,80.0,Au/MOF,21.592377
573.8095238095239,60.0,80.0,Au/MOF,21.581367
574.4360902255639,60.0,80.0,Au/MOF,21.571272
575.062656641604,60.0,80.0,Au/MOF,21.561172
575.6892230576441,60.0,80.0,Au/MOF,21.551083
576.3157894736842,60.0,80.0,Au/MOF,21.540981
576.9423558897244,60.0,80.0,Au/MOF,21.530884
577.5689223057644,60.0,80.0,Au/MOF,21.520794
578.1954887218045,60.0,80.0,Au/MOF,21.510696
578.8220551378446,60.0,80.0,Au/MOF,21.500599
579.4486215538847,60.0,80.0,Au/MOF,21.490505
580.0751879699249,60.0,80.0,Au/MOF,21.480598
580.7017543859649,60.0,80.0,Au/MOF,21.471046
581.328320802005,60.0,80.0,Au/MOF,21.461498
581.9548872180451,60.0,80.0,Au/MOF,21.451946
582.5814536340852,60.0,80.0,Au/MOF,21.442394
583.2080200501254,60.0,80.0,Au/MOF,21.432846
583.8345864661654,60.0,80.0,Au/MOF,21.423294
584.4611528822055,60.0,80.0,Au/MOF,21.413746
585.0877192982456,60.0,80.0,Au/MOF,21.404194
585.7142857142857,60.0,80.0,Au/MOF,21.394648
586.3408521303259,60.0,80.0,Au/MOF,21.385098
586.9674185463659,60.0,80.0,Au/MOF,21.375542
587.593984962406,60.0,80.0,Au/MOF,21.367004
588.2205513784461,60.0,80.0,Au/MOF,21.358479
588.8471177944862,60.0,80.0,Au/MOF,21.34996
589.4736842105264,60.0,80.0,Au/MOF,21.341434
590.1002506265664,60.0,80.0,Au/MOF,21.33291
590.7268170426065,60.0,80.0,Au/MOF,21.32439
591.3533834586466,60.0,80.0,Au/MOF,21.31587
591.9799498746867,60.0,80.0,Au/MOF,21.30735
592.6065162907269,60.0,80.0,Au/MOF,21.298824
593.2330827067669,60.0,80.0,Au/MOF,21.290304
593.859649122807,60.0,80.0,Au/MOF,21.281776
594.4862155388471,60.0,80.0,Au/MOF,21.273262
595.1127819548872,60.0,80.0,Au/MOF,21.264736
595.7393483709274,60.0,80.0,Au/MOF,21.256216
596.3659147869674,60.0,80.0,Au/MOF,21.24769
596.9924812030075,60.0,80.0,Au/MOF,21.239174
597.6190476190476,60.0,80.0,Au/MOF,21.230652
598.2456140350877,60.0,80.0,Au/MOF,21.22213
598.8721804511279,60.0,80.0,Au/MOF,21.21361
599.4987468671679,60.0,80.0,Au/MOF,21.205086
600.125313283208,60.0,80.0,Au/MOF,21.196564
600.7518796992481,60.0,80.0,Au/MOF,21.188038
601.3784461152882,60.0,80.0,Au/MOF,21.17952
602.0050125313284,60.0,80.0,Au/MOF,21.171001
602.6315789473684,60.0,80.0,Au/MOF,21.16248
603.2581453634085,60.0,80.0,Au/MOF,21.153957
603.8847117794486,60.0,80.0,Au/MOF,21.145433
604.5112781954887,60.0,80.0,Au/MOF,21.136913
605.1378446115289,60.0,80.0,Au/MOF,21.128387
605.7644110275689,60.0,80.0,Au/MOF,21.11987
606.390977443609,60.0,80.0,Au/MOF,21.111345
607.0175438596491,60.0,80.0,Au/MOF,21.103569
607.6441102756892,60.0,80.0,Au/MOF,21.096779
608.2706766917294,60.0,80.0,Au/MOF,21.089987
608.8972431077694,60.0,80.0,Au/MOF,21.083195
609.5238095238095,60.0,80.0,Au/MOF,21.076395
610.1503759398496,60.0,80.0,Au/MOF,21.069603
610.7769423558897,60.0,80.0,Au/MOF,21.062813
611.4035087719299,60.0,80.0,Au/MOF,21.056015
612.0300751879699,60.0,80.0,Au/MOF,21.049221
612.65664160401,60.0,80.0,Au/MOF,21.042427
613.2832080200501,60.0,80.0,Au/MOF,21.035637
613.9097744360902,60.0,80.0,Au/MOF,21.028837
614.5363408521304,60.0,80.0,Au/MOF,21.022045
615.1629072681704,60.0,80.0,Au/MOF,21.01525
615.7894736842105,60.0,80.0,Au/MOF,21.00901
616.4160401002506,60.0,80.0,Au/MOF,21.003162
617.0426065162907,60.0,80.0,Au/MOF,20.997307
617.6691729323309,60.0,80.0,Au/MOF,20.991459
618.295739348371,60.0,80.0,Au/MOF,20.985611
618.922305764411,60.0,80.0,Au/MOF,20.979755
619.5488721804511,60.0,80.0,Au/MOF,20.973904
620.1754385964912,60.0,80.0,Au/MOF,20.968056
620.8020050125314,60.0,80.0,Au/MOF,20.9622
621.4285714285714,60.0,80.0,Au/MOF,20.956348
622.0551378446115,60.0,80.0,Au/MOF,20.9505
622.6817042606516,60.0,80.0,Au/MOF,20.944645
623.3082706766917,60.0,80.0,Au/MOF,20.938795
623.9348370927319,60.0,80.0,Au/MOF,20.932945
624.561403508772,60.0,80.0,Au/MOF,20.927097
625.187969924812,60.0,80.0,Au/MOF,20.921242
625.8145363408521,60.0,80.0,Au/MOF,20.915386
626.4411027568922,60.0,80.0,Au/MOF,20.909538
627.0676691729324,60.0,80.0,Au/MOF,20.903687
627.6942355889724,60.0,80.0,Au/MOF,20.897839
628.3208020050125,60.0,80.0,Au/MOF,20.891983
628.9473684210526,60.0,80.0,Au/MOF,20.886139
629.5739348370927,60.0,80.0,Au/MOF,20.880283
630.2005012531329,60.0,80.0,Au/MOF,20.87443
630.827067669173,60.0,80.0,Au/MOF,20.868576
631.453634085213,60.0,80.0,Au/MOF,20.862732
632.0802005012531,60.0,80.0,Au/MOF,20.856876
632.7067669172932,60.0,80.0,Au/MOF,20.851025
633.3333333333334,60.0,80.0,Au/MOF,20.84517
633.9598997493734,60.0,80.0,Au/MOF,20.839325
634.5864661654135,60.0,80.0,Au/MOF,20.833471
635.2130325814536,60.0,80.0,Au/MOF,20.827618
635.8395989974937,60.0,80.0,Au/MOF,20.821768
636.4661654135339,60.0,80.0,Au/MOF,20.815918
637.092731829574,60.0,80.0,Au/MOF,20.810066
637.719298245614,60.0,80.0,Au/MOF,20.80421
638.3458646616541,60.0,80.0,Au/MOF,20.79836
638.9724310776942,60.0,80.0,Au/MOF,20.792513
639.5989974937344,60.0,80.0,Au/MOF,20.786661
640.2255639097745,60.0,80.0,Au/MOF,20.780804
640.8521303258145,60.0,80.0,Au/MOF,20.774956
641.4786967418546,60.0,80.0,Au/MOF,20.7691
642.1052631578947,60.0,80.0,Au/MOF,20.763254
642.7318295739349,60.0,80.0,Au/MOF,20.757397
643.358395989975,60.0,80.0,Au/MOF,20.751553
643.984962406015,60.0,80.0,Au/MOF,20.745697
644.6115288220551,60.0,80.0,Au/MOF,20.73985
645.2380952380952,60.0,80.0,Au/MOF,20.733994
645.8646616541354,60.0,80.0,Au/MOF,20.728142
646.4912280701755,60.0,80.0,Au/MOF,20.722294
647.1177944862155,60.0,80.0,Au/MOF,20.716438
647.7443609022556,60.0,80.0,Au/MOF,20.710587
648.3709273182957,60.0,80.0,Au/MOF,20.704735
648.9974937343359,60.0,80.0,Au/MOF,20.698889
649.624060150376,60.0,80.0,Au/MOF,20.693035
650.250626566416,60.0,80.0,Au/MOF,20.687183
650.8771929824561,60.0,80.0,Au/MOF,20.681334
651.5037593984962,60.0,80.0,Au/MOF,20.67548
652.1303258145364,60.0,80.0,Au/MOF,20.669632
652.7568922305765,60.0,80.0,Au/MOF,20.66378
653.3834586466165,60.0,80.0,Au/MOF,20.65792
654.0100250626566,60.0,80.0,Au/MOF,20.652077
654.6365914786967,60.0,80.0,Au/MOF,20.646225
655.2631578947369,60.0,80.0,Au/MOF,20.640373
655.889724310777,60.0,80.0,Au/MOF,20.634521
656.516290726817,60.0,80.0,Au/MOF,20.62867
657.1428571428571,60.0,80.0,Au/MOF,20.622814
657.7694235588972,60.0,80.0,Au/MOF,20.61697
658.3959899749374,60.0,80.0,Au/MOF,20.61111
659.0225563909775,60.0,80.0,Au/MOF,20.605263
659.6491228070175,60.0,80.0,Au/MOF,20.599413
660.2756892230576,60.0,80.0,Au/MOF,20.59356
660.9022556390977,60.0,80.0,Au/MOF,20.58771
661.5288220551379,60.0,80.0,Au/MOF,20.581856
662.155388471178,60.0,80.0,Au/MOF,20.576004
662.781954887218,60.0,80.0,Au/MOF,20.570152
663.4085213032581,60.0,80.0,Au/MOF,20.5643
664.0350877192982,60.0,80.0,Au/MOF,20.558449
664.6616541353384,60.0,80.0,Au/MOF,20.552599
665.2882205513785,60.0,80.0,Au/MOF,20.54675
665.9147869674185,60.0,80.0,Au/MOF,20.540894
666.5413533834586,60.0,80.0,Au/MOF,20.535046
667.1679197994987,60.0,80.0,Au/MOF,20.529198
667.7944862155389,60.0,80.0,Au/MOF,20.523342
668.421052631579,60.0,80.0,Au/MOF,20.517488
669.047619047619,60.0,80.0,Au/MOF,20.511639
669.6741854636591,60.0,80.0,Au/MOF,20.505787
670.3007518796992,60.0,80.0,Au/MOF,20.499937
670.9273182957394,60.0,80.0,Au/MOF,20.49409
671.5538847117795,60.0,80.0,Au/MOF,20.488234
672.1804511278195,60.0,80.0,Au/MOF,20.48262
672.8070175438596,60.0,80.0,Au/MOF,20.478134
673.4335839598998,60.0,80.0,Au/MOF,20.473984
674.0601503759399,60.0,80.0,Au/MOF,20.471798
674.68671679198,60.0,80.0,Au/MOF,20.470798
675.31328320802,60.0,80.0,Au/MOF,20.46999
675.9398496240601,60.0,80.0,Au/MOF,20.469185
676.5664160401002,60.0,80.0,Au/MOF,20.46838
677.1929824561404,60.0,80.0,Au/MOF,20.46757
677.8195488721805,60.0,80.0,Au/MOF,20.466766
678.4461152882205,60.0,80.0,Au/MOF,20.46596
679.0726817042606,60.0,80.0,Au/MOF,20.465153
679.6992481203008,60.0,80.0,Au/MOF,20.464348
680.3258145363409,60.0,80.0,Au/MOF,20.463537
680.952380952381,60.0,80.0,Au/MOF,20.462734
681.578947368421,60.0,80.0,Au/MOF,20.461937
682.2055137844611,60.0,80.0,Au/MOF,20.461872
682.8320802005012,60.0,80.0,Au/MOF,20.461815
683.4586466165414,60.0,80.0,Au/MOF,20.463415
684.0852130325815,60.0,80.0,Au/MOF,20.46509
684.7117794486215,60.0,80.0,Au/MOF,20.466763
685.3383458646616,60.0,80.0,Au/MOF,20.468437
685.9649122807018,60.0,80.0,Au/MOF,20.471039
686.5914786967419,60.0,80.0,Au/MOF,20.474724
687.218045112782,60.0,80.0,Au/MOF,20.478409
687.844611528822,60.0,80.0,Au/MOF,20.482094
688.4711779448621,60.0,80.0,Au/MOF,20.485779
689.0977443609022,60.0,80.0,Au/MOF,20.489456
689.7243107769424,60.0,80.0,Au/MOF,20.493145
690.3508771929825,60.0,80.0,Au/MOF,20.49735
690.9774436090225,60.0,80.0,Au/MOF,20.502604
691.6040100250626,60.0,80.0,Au/MOF,20.507856
692.2305764411028,60.0,80.0,Au/MOF,20.513107
692.8571428571429,60.0,80.0,Au/MOF,20.518362
693.483709273183,60.0,80.0,Au/MOF,20.523611
694.110275689223,60.0,80.0,Au/MOF,20.528862
694.7368421052631,60.0,80.0,Au/MOF,20.534119
695.3634085213032,60.0,80.0,Au/MOF,20.53938
695.9899749373434,60.0,80.0,Au/MOF,20.544628
696.6165413533835,60.0,80.0,Au/MOF,20.549885
697.2431077694235,60.0,80.0,Au/MOF,20.55513
697.8696741854636,60.0,80.0,Au/MOF,20.560387
698.4962406015038,60.0,80.0,Au/MOF,20.565643
699.1228070175439,60.0,80.0,Au/MOF,20.570896
699.749373433584,60.0,80.0,Au/MOF,20.576145
700.375939849624,60.0,80.0,Au/MOF,20.583008
701.0025062656641,60.0,80.0,Au/MOF,20.58996
701.6290726817042,60.0,80.0,Au/MOF,20.59692
702.2556390977444,60.0,80.0,Au/MOF,20.603878
702.8822055137845,60.0,80.0,Au/MOF,20.610836
703.5087719298245,60.0,80.0,Au/MOF,20.617794
704.1353383458646,60.0,80.0,Au/MOF,20.624744
704.7619047619048,60.0,80.0,Au/MOF,20.631702
705.3884711779449,60.0,80.0,Au/MOF,20.63866
706.015037593985,60.0,80.0,Au/MOF,20.646168
706.641604010025,60.0,80.0,Au/MOF,20.653858
707.2681704260651,60.0,80.0,Au/MOF,20.661552
707.8947368421052,60.0,80.0,Au/MOF,20.669239
708.5213032581454,60.0,80.0,Au/MOF,20.676933
709.1478696741855,60.0,80.0,Au/MOF,20.684626
709.7744360902255,60.0,80.0,Au/MOF,20.692318
710.4010025062656,60.0,80.0,Au/MOF,20.7
711.0275689223058,60.0,80.0,Au/MOF,20.707691
711.6541353383459,60.0,80.0,Au/MOF,20.715385
712.280701754386,60.0,80.0,Au/MOF,20.723076
712.907268170426,60.0,80.0,Au/MOF,20.730766
713.5338345864661,60.0,80.0,Au/MOF,20.738457
714.1604010025062,60.0,80.0,Au/MOF,20.746151
714.7869674185464,60.0,80.0,Au/MOF,20.751715
715.4135338345865,60.0,80.0,Au/MOF,20.757193
716.0401002506266,60.0,80.0,Au/MOF,20.762678
716.6666666666666,60.0,80.0,Au/MOF,20.768162
717.2932330827068,60.0,80.0,Au/MOF,20.773642
717.9197994987469,60.0,80.0,Au/MOF,20.779129
718.546365914787,60.0,80.0,Au/MOF,20.78461
719.172932330827,60.0,80.0,Au/MOF,20.790096
719.7994987468671,60.0,80.0,Au/MOF,20.79803
720.4260651629072,60.0,80.0,Au/MOF,20.806461
721.0526315789474,60.0,80.0,Au/MOF,20.814907
721.6791979949875,60.0,80.0,Au/MOF,20.823343
722.3057644110276,60.0,80.0,Au/MOF,20.831772
722.9323308270676,60.0,80.0,Au/MOF,20.840218
723.5588972431078,60.0,80.0,Au/MOF,20.848656
724.1854636591479,60.0,80.0,Au/MOF,20.857096
724.812030075188,60.0,80.0,Au/MOF,20.865524
725.438596491228,60.0,80.0,Au/MOF,20.873966
726.0651629072681,60.0,80.0,Au/MOF,20.882404
726.6917293233082,60.0,80.0,Au/MOF,20.890842
727.3182957393484,60.0,80.0,Au/MOF,20.899279
727.9448621553885,60.0,80.0,Au/MOF,20.907719
728.5714285714286,60.0,80.0,Au/MOF,20.916136
729.1979949874686,60.0,80.0,Au/MOF,20.924488
729.8245614035088,60.0,80.0,Au/MOF,20.932835
730.4511278195489,60.0,80.0,Au/MOF,20.941181
731.077694235589,60.0,80.0,Au/MOF,20.949524
731.704260651629,60.0,80.0,Au/MOF,20.95787
732.3308270676691,60.0,80.0,Au/MOF,20.966217
732.9573934837092,60.0,80.0,Au/MOF,20.974567
733.5839598997494,60.0,80.0,Au/MOF,20.98291
734.2105263157895,60.0,80.0,Au/MOF,20.99126
734.8370927318296,60.0,80.0,Au/MOF,20.999607
735.4636591478696,60.0,80.0,Au/MOF,21.00795
736.0902255639098,60.0,80.0,Au/MOF,21.016296
736.7167919799499,60.0,80.0,Au/MOF,21.024647
737.34335839599,60.0,80.0,Au/MOF,21.033375
737.9699248120301,60.0,80.0,Au/MOF,21.043226
738.5964912280701,60.0,80.0,Au/MOF,21.053093
739.2230576441102,60.0,80.0,Au/MOF,21.062943
739.8496240601504,60.0,80.0,Au/MOF,21.0728
740.4761904761905,60.0,80.0,Au/MOF,21.082655
741.1027568922306,60.0,80.0,Au/MOF,21.09251
741.7293233082706,60.0,80.0,Au/MOF,21.102362
742.3558897243108,60.0,80.0,Au/MOF,21.112225
742.9824561403509,60.0,80.0,Au/MOF,21.122074
743.609022556391,60.0,80.0,Au/MOF,21.13193
744.2355889724311,60.0,80.0,Au/MOF,21.141792
744.8621553884711,60.0,80.0,Au/MOF,21.15165
745.4887218045112,60.0,80.0,Au/MOF,21.161499
746.1152882205514,60.0,80.0,Au/MOF,21.17136
746.7418546365915,60.0,80.0,Au/MOF,21.181217
747.3684210526316,60.0,80.0,Au/MOF,21.191065
747.9949874686716,60.0,80.0,Au/MOF,21.200926
748.6215538847118,60.0,80.0,Au/MOF,21.21078
749.2481203007519,60.0,80.0,Au/MOF,21.220636
749.874686716792,60.0,80.0,Au/MOF,21.230492
750.5012531328321,60.0,80.0,Au/MOF,21.240347
751.1278195488721,60.0,80.0,Au/MOF,21.250206
751.7543859649122,60.0,80.0,Au/MOF,21.26006
752.3809523809524,60.0,80.0,Au/MOF,21.269913
753.0075187969925,60.0,80.0,Au/MOF,21.279764
753.6340852130326,60.0,80.0,Au/MOF,21.289629
754.2606516290726,60.0,80.0,Au/MOF,21.299482
754.8872180451128,60.0,80.0,Au/MOF,21.309341
755.5137844611529,60.0,80.0,Au/MOF,21.319195
756.140350877193,60.0,80.0,Au/MOF,21.329056
756.7669172932331,60.0,80.0,Au/MOF,21.3389
757.3934837092731,60.0,80.0,Au/MOF,21.348759
758.0200501253132,60.0,80.0,Au/MOF,21.358614
758.6466165413534,60.0,80.0,Au/MOF,21.368471
759.2731829573935,60.0,80.0,Au/MOF,21.37833
759.8997493734336,60.0,80.0,Au/MOF,21.38818
760.5263157894736,60.0,80.0,Au/MOF,21.398037
761.1528822055138,60.0,80.0,Au/MOF,21.407894
761.7794486215539,60.0,80.0,Au/MOF,21.417744
762.406015037594,60.0,80.0,Au/MOF,21.427607
763.0325814536341,60.0,80.0,Au/MOF,21.43746
763.6591478696741,60.0,80.0,Au/MOF,21.447315
764.2857142857142,60.0,80.0,Au/MOF,21.457169
764.9122807017544,60.0,80.0,Au/MOF,21.467026
765.5388471177945,60.0,80.0,Au/MOF,21.476883
766.1654135338346,60.0,80.0,Au/MOF,21.48674
766.7919799498746,60.0,80.0,Au/MOF,21.497734
767.4185463659148,60.0,80.0,Au/MOF,21.509888
768.0451127819549,60.0,80.0,Au/MOF,21.522053
768.671679197995,60.0,80.0,Au/MOF,21.534208
769.2982456140351,60.0,80.0,Au/MOF,21.546364
769.9248120300751,60.0,80.0,Au/MOF,21.558525
770.5513784461152,60.0,80.0,Au/MOF,21.570686
771.1779448621554,60.0,80.0,Au/MOF,21.582836
771.8045112781955,60.0,80.0,Au/MOF,21.59499
772.4310776942356,60.0,80.0,Au/MOF,21.607162
773.0576441102756,60.0,80.0,Au/MOF,21.619312
773.6842105263158,60.0,80.0,Au/MOF,21.631468
774.3107769423559,60.0,80.0,Au/MOF,21.643635
774.937343358396,60.0,80.0,Au/MOF,21.655796
775.5639097744361,60.0,80.0,Au/MOF,21.667948
776.1904761904761,60.0,80.0,Au/MOF,21.680103
776.8170426065162,60.0,80.0,Au/MOF,21.692265
777.4436090225564,60.0,80.0,Au/MOF,21.70442
778.0701754385965,60.0,80.0,Au/MOF,21.716583
778.6967418546366,60.0,80.0,Au/MOF,21.728737
779.3233082706766,60.0,80.0,Au/MOF,21.740898
779.9498746867168,60.0,80.0,Au/MOF,21.753054
780.5764411027569,60.0,80.0,Au/MOF,21.765213
781.203007518797,60.0,80.0,Au/MOF,21.777365
781.8295739348371,60.0,80.0,Au/MOF,21.789532
782.4561403508771,60.0,80.0,Au/MOF,21.80169
783.0827067669172,60.0,80.0,Au/MOF,21.813845
783.7092731829574,60.0,80.0,Au/MOF,21.826004
784.3358395989975,60.0,80.0,Au/MOF,21.838161
784.9624060150376,60.0,80.0,Au/MOF,21.850317
785.5889724310777,60.0,80.0,Au/MOF,21.86248
786.2155388471178,60.0,80.0,Au/MOF,21.874632
786.8421052631579,60.0,80.0,Au/MOF,21.886795
787.468671679198,60.0,80.0,Au/MOF,21.898949
788.0952380952381,60.0,80.0,Au/MOF,21.911106
788.7218045112782,60.0,80.0,Au/MOF,21.923267
789.3483709273182,60.0,80.0,Au/MOF,21.935425
789.9749373433584,60.0,80.0,Au/MOF,21.947582
790.6015037593985,60.0,80.0,Au/MOF,21.959743
791.2280701754386,60.0,80.0,Au/MOF,21.9719
791.8546365914787,60.0,80.0,Au/MOF,21.983648
792.4812030075188,60.0,80.0,Au/MOF,21.995361
793.1077694235589,60.0,80.0,Au/MOF,22.007076
793.734335839599,60.0,80.0,Au/MOF,22.018785
794.3609022556391,60.0,80.0,Au/MOF,22.032013
794.9874686716792,60.0,80.0,Au/MOF,22.046164
795.6140350877192,60.0,80.0,Au/MOF,22.060307
796.2406015037594,60.0,80.0,Au/MOF,22.074457
796.8671679197995,60.0,80.0,Au/MOF,22.088612
797.4937343358396,60.0,80.0,Au/MOF,22.10276
798.1203007518797,60.0,80.0,Au/MOF,22.116909
798.7468671679198,60.0,80.0,Au/MOF,22.13106
799.3734335839599,60.0,80.0,Au/MOF,22.145203
800.0,60.0,80.0,Au/MOF,22.159355
550.0,80.0,80.0,Au/MOF,8.238548
550.6265664160401,80.0,80.0,Au/MOF,8.233837
551.2531328320802,80.0,80.0,Au/MOF,8.229131
551.8796992481203,80.0,80.0,Au/MOF,8.224428
552.5062656641604,80.0,80.0,Au/MOF,8.219725
553.1328320802005,80.0,80.0,Au/MOF,8.215016
553.7593984962406,80.0,80.0,Au/MOF,8.210313
554.3859649122807,80.0,80.0,Au/MOF,8.205605
555.0125313283208,80.0,80.0,Au/MOF,8.200901
555.6390977443609,80.0,80.0,Au/MOF,8.196193
556.265664160401,80.0,80.0,Au/MOF,8.191492
556.8922305764411,80.0,80.0,Au/MOF,8.18682
557.5187969924812,80.0,80.0,Au/MOF,8.182156
558.1453634085213,80.0,80.0,Au/MOF,8.177488
558.7719298245614,80.0,80.0,Au/MOF,8.172838
559.3984962406015,80.0,80.0,Au/MOF,8.168187
560.0250626566416,80.0,80.0,Au/MOF,8.163531
560.6516290726817,80.0,80.0,Au/MOF,8.158873
561.2781954887218,80.0,80.0,Au/MOF,8.154221
561.9047619047619,80.0,80.0,Au/MOF,8.149569
562.531328320802,80.0,80.0,Au/MOF,8.144917
563.1578947368421,80.0,80.0,Au/MOF,8.140265
563.7844611528822,80.0,80.0,Au/MOF,8.13561
564.4110275689223,80.0,80.0,Au/MOF,8.130957
565.0375939849624,80.0,80.0,Au/MOF,8.126308
565.6641604010025,80.0,80.0,Au/MOF,8.121643
566.2907268170426,80.0,80.0,Au/MOF,8.116997
566.9172932330827,80.0,80.0,Au/MOF,8.112345
567.5438596491229,80.0,80.0,Au/MOF,8.10835
568.1704260651629,80.0,80.0,Au/MOF,8.104851
568.796992481203,80.0,80.0,Au/MOF,8.101358
569.4235588972431,80.0,80.0,Au/MOF,8.097869
570.0501253132832,80.0,80.0,Au/MOF,8.09437
570.6766917293234,80.0,80.0,Au/MOF,8.090872
571.3032581453634,80.0,80.0,Au/MOF,8.087378
571.9298245614035,80.0,80.0,Au/MOF,8.083888
572.5563909774436,80.0,80.0,Au/MOF,8.080388
573.1829573934837,80.0,80.0,Au/MOF,8.076891
573.8095238095239,80.0,80.0,Au/MOF,8.073395
574.4360902255639,80.0,80.0,Au/MOF,8.069907
575.062656641604,80.0,80.0,Au/MOF,8.066414
575.6892230576441,80.0,80.0,Au/MOF,8.062916
576.3157894736842,80.0,80.0,Au/MOF,8.059425
576.9423558897244,80.0,80.0,Au/MOF,8.055931
577.5689223057644,80.0,80.0,Au/MOF,8.052433
578.1954887218045,80.0,80.0,Au/MOF,8.0489435
578.8220551378446,80.0,80.0,Au/MOF,8.045441
579.4486215538847,80.0,80.0,Au/MOF,8.041946
580.0751879699249,80.0,80.0,Au/MOF,8.038468
580.7017543859649,80.0,80.0,Au/MOF,8.034979
581.328320802005,80.0,80.0,Au/MOF,8.031496
581.9548872180451,80.0,80.0,Au/MOF,8.028015
582.5814536340852,80.0,80.0,Au/MOF,8.026013
583.2080200501254,80.0,80.0,Au/MOF,8.024498
583.8345864661654,80.0,80.0,Au/MOF,8.02299
584.4611528822055,80.0,80.0,Au/MOF,8.021478
585.0877192982456,80.0,80.0,Au/MOF,8.019967
585.7142857142857,80.0,80.0,Au/MOF,8.018462
586.3408521303259,80.0,80.0,Au/MOF,8.016945
586.9674185463659,80.0,80.0,Au/MOF,8.015437
587.593984962406,80.0,80.0,Au/MOF,8.013924
588.2205513784461,80.0,80.0,Au/MOF,8.012412
588.8471177944862,80.0,80.0,Au/MOF,8.0109
589.4736842105264,80.0,80.0,Au/MOF,8.00939
590.1002506265664,80.0,80.0,Au/MOF,8.007882
590.7268170426065,80.0,80.0,Au/MOF,8.006369
591.3533834586466,80.0,80.0,Au/MOF,8.004858
591.9799498746867,80.0,80.0,Au/MOF,8.003346
592.6065162907269,80.0,80.0,Au/MOF,8.002127
593.2330827067669,80.0,80.0,Au/MOF,8.002301
593.859649122807,80.0,80.0,Au/MOF,8.002474
594.4862155388471,80.0,80.0,Au/MOF,8.002647
595.1127819548872,80.0,80.0,Au/MOF,8.002821
595.7393483709274,80.0,80.0,Au/MOF,8.002996
596.3659147869674,80.0,80.0,Au/MOF,8.003165
596.9924812030075,80.0,80.0,Au/MOF,8.003344
597.6190476190476,80.0,80.0,Au/MOF,8.003515
598.2456140350877,80.0,80.0,Au/MOF,8.003683
598.8721804511279,80.0,80.0,Au/MOF,8.003859
599.4987468671679,80.0,80.0,Au/MOF,8.004032
600.125313283208,80.0,80.0,Au/MOF,8.004201
600.7518796992481,80.0,80.0,Au/MOF,8.004384
601.3784461152882,80.0,80.0,Au/MOF,8.004555
602.0050125313284,80.0,80.0,Au/MOF,8.004723
602.6315789473684,80.0,80.0,Au/MOF,8.004897
603.2581453634085,80.0,80.0,Au/MOF,8.00507
603.8847117794486,80.0,80.0,Au/MOF,8.005243
604.5112781954887,80.0,80.0,Au/MOF,8.005423
605.1378446115289,80.0,80.0,Au/MOF,8.005587
605.7644110275689,80.0,80.0,Au/MOF,8.005765
606.390977443609,80.0,80.0,Au/MOF,8.005941
607.0175438596491,80.0,80.0,Au/MOF,8.006221
607.6441102756892,80.0,80.0,Au/MOF,8.006509
608.2706766917294,80.0,80.0,Au/MOF,8.006806
608.8972431077694,80.0,80.0,Au/MOF,8.007098
609.5238095238095,80.0,80.0,Au/MOF,8.007397
610.1503759398496,80.0,80.0,Au/MOF,8.007767
610.7769423558897,80.0,80.0,Au/MOF,8.007666
611.4035087719299,80.0,80.0,Au/MOF,8.0075655
612.0300751879699,80.0,80.0,Au/MOF,8.00746
612.65664160401,80.0,80.0,Au/MOF,8.007366
613.2832080200501,80.0,80.0,Au/MOF,8.007264
613.9097744360902,80.0,80.0,Au/MOF,8.007172
614.5363408521304,80.0,80.0,Au/MOF,8.007064
615.1629072681704,80.0,80.0,Au/MOF,8.006963
615.7894736842105,80.0,80.0,Au/MOF,8.006862
616.4160401002506,80.0,80.0,Au/MOF,8.006764
617.0426065162907,80.0,80.0,Au/MOF,8.006661
617.6691729323309,80.0,80.0,Au/MOF,8.006565
618.295739348371,80.0,80.0,Au/MOF,8.006464
618.922305764411,80.0,80.0,Au/MOF,8.006361
619.5488721804511,80.0,80.0,Au/MOF,8.006268
620.1754385964912,80.0,80.0,Au/MOF,8.006205
620.8020050125314,80.0,80.0,Au/MOF,8.00614
621.4285714285714,80.0,80.0,Au/MOF,8.006084
622.0551378446115,80.0,80.0,Au/MOF,8.006023
622.6817042606516,80.0,80.0,Au/MOF,8.00597
623.3082706766917,80.0,80.0,Au/MOF,8.005909
623.9348370927319,80.0,80.0,Au/MOF,8.005846
624.561403508772,80.0,80.0,Au/MOF,8.005786
625.187969924812,80.0,80.0,Au/MOF,8.005725
625.8145363408521,80.0,80.0,Au/MOF,8.0056715
626.4411027568922,80.0,80.0,Au/MOF,8.005605
627.0676691729324,80.0,80.0,Au/MOF,8.005544
627.6942355889724,80.0,80.0,Au/MOF,8.00549
628.3208020050125,80.0,80.0,Au/MOF,8.005431
628.9473684210526,80.0,80.0,Au/MOF,8.00537
629.5739348370927,80.0,80.0,Au/MOF,8.005309
630.2005012531329,80.0,80.0,Au/MOF,8.005253
630.827067669173,80.0,80.0,Au/MOF,8.005192
631.453634085213,80.0,80.0,Au/MOF,8.005134
632.0802005012531,80.0,80.0,Au/MOF,8.005076
632.7067669172932,80.0,80.0,Au/MOF,8.005015
633.3333333333334,80.0,80.0,Au/MOF,8.004952
633.9598997493734,80.0,80.0,Au/MOF,8.004892
634.5864661654135,80.0,80.0,Au/MOF,8.004836
635.2130325814536,80.0,80.0,Au/MOF,8.004777
635.8395989974937,80.0,80.0,Au/MOF,8.004718
636.4661654135339,80.0,80.0,Au/MOF,8.004655
637.092731829574,80.0,80.0,Au/MOF,8.004597
637.719298245614,80.0,80.0,Au/MOF,8.004536
638.3458646616541,80.0,80.0,Au/MOF,8.00448
638.9724310776942,80.0,80.0,Au/MOF,8.004423
639.5989974937344,80.0,80.0,Au/MOF,8.004363
640.2255639097745,80.0,80.0,Au/MOF,8.004309
640.8521303258145,80.0,80.0,Au/MOF,8.004264
641.4786967418546,80.0,80.0,Au/MOF,8.0029745
642.1052631578947,80.0,80.0,Au/MOF,8.00075
642.7318295739349,80.0,80.0,Au/MOF,7.998525
643.358395989975,80.0,80.0,Au/MOF,7.996305
643.984962406015,80.0,80.0,Au/MOF,7.9940805
644.6115288220551,80.0,80.0,Au/MOF,7.9918547
645.2380952380952,80.0,80.0,Au/MOF,7.989629
645.8646616541354,80.0,80.0,Au/MOF,7.9874086
646.4912280701755,80.0,80.0,Au/MOF,7.985187
647.1177944862155,80.0,80.0,Au/MOF,7.982962
647.7443609022556,80.0,80.0,Au/MOF,7.980743
648.3709273182957,80.0,80.0,Au/MOF,7.978517
648.9974937343359,80.0,80.0,Au/MOF,7.976291
649.624060150376,80.0,80.0,Au/MOF,7.97407
650.250626566416,80.0,80.0,Au/MOF,7.9718437
650.8771929824561,80.0,80.0,Au/MOF,7.969625
651.5037593984962,80.0,80.0,Au/MOF,7.967402
652.1303258145364,80.0,80.0,Au/MOF,7.965181
652.7568922305765,80.0,80.0,Au/MOF,7.9628477
653.3834586466165,80.0,80.0,Au/MOF,7.959894
654.0100250626566,80.0,80.0,Au/MOF,7.9569483
654.6365914786967,80.0,80.0,Au/MOF,7.9539933
655.2631578947369,80.0,80.0,Au/MOF,7.9510465
655.889724310777,80.0,80.0,Au/MOF,7.948095
656.516290726817,80.0,80.0,Au/MOF,7.945143
657.1428571428571,80.0,80.0,Au/MOF,7.942198
657.7694235588972,80.0,80.0,Au/MOF,7.939242
658.3959899749374,80.0,80.0,Au/MOF,7.936292
659.0225563909775,80.0,80.0,Au/MOF,7.9333363
659.6491228070175,80.0,80.0,Au/MOF,7.9303975
660.2756892230576,80.0,80.0,Au/MOF,7.9274426
660.9022556390977,80.0,80.0,Au/MOF,7.9244924
661.5288220551379,80.0,80.0,Au/MOF,7.9215407
662.155388471178,80.0,80.0,Au/MOF,7.918591
662.781954887218,80.0,80.0,Au/MOF,7.9156404
663.4085213032581,80.0,80.0,Au/MOF,7.912689
664.0350877192982,80.0,80.0,Au/MOF,7.9097347
664.6616541353384,80.0,80.0,Au/MOF,7.9067874
665.2882205513785,80.0,80.0,Au/MOF,7.9038405
665.9147869674185,80.0,80.0,Au/MOF,7.900885
666.5413533834586,80.0,80.0,Au/MOF,7.897934
667.1679197994987,80.0,80.0,Au/MOF,7.894983
667.7944862155389,80.0,80.0,Au/MOF,7.892036
668.421052631579,80.0,80.0,Au/MOF,7.8890824
669.047619047619,80.0,80.0,Au/MOF,7.886129
669.6741854636591,80.0,80.0,Au/MOF,7.883183
670.3007518796992,80.0,80.0,Au/MOF,7.8802266
670.9273182957394,80.0,80.0,Au/MOF,7.877279
671.5538847117795,80.0,80.0,Au/MOF,7.874327
672.1804511278195,80.0,80.0,Au/MOF,7.8714833
672.8070175438596,80.0,80.0,Au/MOF,7.8686385
673.4335839598998,80.0,80.0,Au/MOF,7.8658013
674.0601503759399,80.0,80.0,Au/MOF,7.8629565
674.68671679198,80.0,80.0,Au/MOF,7.8601146
675.31328320802,80.0,80.0,Au/MOF,7.857308
675.9398496240601,80.0,80.0,Au/MOF,7.854507
676.5664160401002,80.0,80.0,Au/MOF,7.8516974
677.1929824561404,80.0,80.0,Au/MOF,7.8479633
677.8195488721805,80.0,80.0,Au/MOF,7.843966
678.4461152882205,80.0,80.0,Au/MOF,7.8399663
679.0726817042606,80.0,80.0,Au/MOF,7.8359723
679.6992481203008,80.0,80.0,Au/MOF,7.831976
680.3258145363409,80.0,80.0,Au/MOF,7.8279786
680.952380952381,80.0,80.0,Au/MOF,7.82398
681.578947368421,80.0,80.0,Au/MOF,7.819986
682.2055137844611,80.0,80.0,Au/MOF,7.815986
682.8320802005012,80.0,80.0,Au/MOF,7.8119874
683.4586466165414,80.0,80.0,Au/MOF,7.8079853
684.0852130325815,80.0,80.0,Au/MOF,7.8039947
684.7117794486215,80.0,80.0,Au/MOF,7.799997
685.3383458646616,80.0,80.0,Au/MOF,7.7959976
685.9649122807018,80.0,80.0,Au/MOF,7.7920017
686.5914786967419,80.0,80.0,Au/MOF,7.7880073
687.218045112782,80.0,80.0,Au/MOF,7.7840114
687.844611528822,80.0,80.0,Au/MOF,7.7800107
688.4711779448621,80.0,80.0,Au/MOF,7.776015
689.0977443609022,80.0,80.0,Au/MOF,7.7720175
689.7243107769424,80.0,80.0,Au/MOF,7.768021
690.3508771929825,80.0,80.0,Au/MOF,7.7643976
690.9774436090225,80.0,80.0,Au/MOF,7.762137
691.6040100250626,80.0,80.0,Au/MOF,7.7598715
692.2305764411028,80.0,80.0,Au/MOF,7.7576003
692.8571428571429,80.0,80.0,Au/MOF,7.7553287
693.483709273183,80.0,80.0,Au/MOF,7.753072
694.110275689223,80.0,80.0,Au/MOF,7.750803
694.7368421052631,80.0,80.0,Au/MOF,7.7485347
695.3634085213032,80.0,80.0,Au/MOF,7.74627
695.9899749373434,80.0,80.0,Au/MOF,7.7440076
696.6165413533835,80.0,80.0,Au/MOF,7.741739
697.2431077694235,80.0,80.0,Au/MOF,7.739472
697.8696741854636,80.0,80.0,Au/MOF,7.7372193
698.4962406015038,80.0,80.0,Au/MOF,7.7349753
699.1228070175439,80.0,80.0,Au/MOF,7.732912
699.749373433584,80.0,80.0,Au/MOF,7.7314
700.375939849624,80.0,80.0,Au/MOF,7.72988
701.0025062656641,80.0,80.0,Au/MOF,7.728381
701.6290726817042,80.0,80.0,Au/MOF,7.726902
702.2556390977444,80.0,80.0,Au/MOF,7.72542
702.8822055137845,80.0,80.0,Au/MOF,7.7239404
703.5087719298245,80.0,80.0,Au/MOF,7.7224627
704.1353383458646,80.0,80.0,Au/MOF,7.7209773
704.7619047619048,80.0,80.0,Au/MOF,7.719498
705.3884711779449,80.0,80.0,Au/MOF,7.718019
706.015037593985,80.0,80.0,Au/MOF,7.716538
706.641604010025,80.0,80.0,Au/MOF,7.715272
707.2681704260651,80.0,80.0,Au/MOF,7.7160125
707.8947368421052,80.0,80.0,Au/MOF,7.7167463
708.5213032581454,80.0,80.0,Au/MOF,7.71748
709.1478696741855,80.0,80.0,Au/MOF,7.7182198
709.7744360902255,80.0,80.0,Au/MOF,7.718956
710.4010025062656,80.0,80.0,Au/MOF,7.719726
711.0275689223058,80.0,80.0,Au/MOF,7.7208576
711.6541353383459,80.0,80.0,Au/MOF,7.723311
712.280701754386,80.0,80.0,Au/MOF,7.7257533
712.907268170426,80.0,80.0,Au/MOF,7.728201
713.5338345864661,80.0,80.0,Au/MOF,7.7306447
714.1604010025062,80.0,80.0,Au/MOF,7.733092
714.7869674185464,80.0,80.0,Au/MOF,7.7355366
715.4135338345865,80.0,80.0,Au/MOF,7.737984
716.0401002506266,80.0,80.0,Au/MOF,7.7404284
716.6666666666666,80.0,80.0,Au/MOF,7.742876
717.2932330827068,80.0,80.0,Au/MOF,7.745322
717.9197994987469,80.0,80.0,Au/MOF,7.7477694
718.546365914787,80.0,80.0,Au/MOF,7.750215
719.172932330827,80.0,80.0,Au/MOF,7.7526603
719.7994987468671,80.0,80.0,Au/MOF,7.755107
720.4260651629072,80.0,80.0,Au/MOF,7.757547
721.0526315789474,80.0,80.0,Au/MOF,7.7600455
721.6791979949875,80.0,80.0,Au/MOF,7.762579
722.3057644110276,80.0,80.0,Au/MOF,7.7651124
722.9323308270676,80.0,80.0,Au/MOF,7.7676463
723.5588972431078,80.0,80.0,Au/MOF,7.7701735
724.1854636591479,80.0,80.0,Au/MOF,7.7727113
724.812030075188,80.0,80.0,Au/MOF,7.7752385
725.438596491228,80.0,80.0,Au/MOF,7.7777743
726.0651629072681,80.0,80.0,Au/MOF,7.7803206
726.6917293233082,80.0,80.0,Au/MOF,7.7828603
727.3182957393484,80.0,80.0,Au/MOF,7.785404
727.9448621553885,80.0,80.0,Au/MOF,7.787952
728.5714285714286,80.0,80.0,Au/MOF,7.7904973
729.1979949874686,80.0,80.0,Au/MOF,7.793039
729.8245614035088,80.0,80.0,Au/MOF,7.7955804
730.4511278195489,80.0,80.0,Au/MOF,7.798123
731.077694235589,80.0,80.0,Au/MOF,7.800667
731.704260651629,80.0,80.0,Au/MOF,7.8032107
732.3308270676691,80.0,80.0,Au/MOF,7.805752
732.9573934837092,80.0,80.0,Au/MOF,7.8083
733.5839598997494,80.0,80.0,Au/MOF,7.8108497
734.2105263157895,80.0,80.0,Au/MOF,7.8133874
734.8370927318296,80.0,80.0,Au/MOF,7.815963
735.4636591478696,80.0,80.0,Au/MOF,7.8185716
736.0902255639098,80.0,80.0,Au/MOF,7.821187
736.7167919799499,80.0,80.0,Au/MOF,7.8239775
737.34335839599,80.0,80.0,Au/MOF,7.8272786
737.9699248120301,80.0,80.0,Au/MOF,7.830573
738.5964912280701,80.0,80.0,Au/MOF,7.833881
739.2230576441102,80.0,80.0,Au/MOF,7.8371763
739.8496240601504,80.0,80.0,Au/MOF,7.8419805
740.4761904761905,80.0,80.0,Au/MOF,7.8477407
741.1027568922306,80.0,80.0,Au/MOF,7.8535023
741.7293233082706,80.0,80.0,Au/MOF,7.859261
742.3558897243108,80.0,80.0,Au/MOF,7.8650136
742.9824561403509,80.0,80.0,Au/MOF,7.8707824
743.609022556391,80.0,80.0,Au/MOF,7.876538
744.2355889724311,80.0,80.0,Au/MOF,7.882361
744.8621553884711,80.0,80.0,Au/MOF,7.889368
745.4887218045112,80.0,80.0,Au/MOF,7.89637
746.1152882205514,80.0,80.0,Au/MOF,7.903375
746.7418546365915,80.0,80.0,Au/MOF,7.9103827
747.3684210526316,80.0,80.0,Au/MOF,7.917393
747.9949874686716,80.0,80.0,Au/MOF,7.924395
748.6215538847118,80.0,80.0,Au/MOF,7.9314017
749.2481203007519,80.0,80.0,Au/MOF,7.9384065
749.874686716792,80.0,80.0,Au/MOF,7.945418
750.5012531328321,80.0,80.0,Au/MOF,7.9524217
751.1278195488721,80.0,80.0,Au/MOF,7.959424
751.7543859649122,80.0,80.0,Au/MOF,7.9664373
752.3809523809524,80.0,80.0,Au/MOF,7.9734454
753.0075187969925,80.0,80.0,Au/MOF,7.9804463
753.6340852130326,80.0,80.0,Au/MOF,7.987451
754.2606516290726,80.0,80.0,Au/MOF,7.9944634
754.8872180451128,80.0,80.0,Au/MOF,8.0014715
755.5137844611529,80.0,80.0,Au/MOF,8.008474
756.140350877193,80.0,80.0,Au/MOF,8.015513
756.7669172932331,80.0,80.0,Au/MOF,8.022572
757.3934837092731,80.0,80.0,Au/MOF,8.029637
758.0200501253132,80.0,80.0,Au/MOF,8.036701
758.6466165413534,80.0,80.0,Au/MOF,8.04377
759.2731829573935,80.0,80.0,Au/MOF,8.050828
759.8997493734336,80.0,80.0,Au/MOF,8.057895
760.5263157894736,80.0,80.0,Au/MOF,8.064959
761.1528822055138,80.0,80.0,Au/MOF,8.072026
761.7794486215539,80.0,80.0,Au/MOF,8.079091
762.406015037594,80.0,80.0,Au/MOF,8.086153
763.0325814536341,80.0,80.0,Au/MOF,8.09322
763.6591478696741,80.0,80.0,Au/MOF,8.100283
764.2857142857142,80.0,80.0,Au/MOF,8.107351
764.9122807017544,80.0,80.0,Au/MOF,8.114416
765.5388471177945,80.0,80.0,Au/MOF,8.121477
766.1654135338346,80.0,80.0,Au/MOF,8.128541
766.7919799498746,80.0,80.0,Au/MOF,8.135608
767.4185463659148,80.0,80.0,Au/MOF,8.142671
768.0451127819549,80.0,80.0,Au/MOF,8.149733
768.671679197995,80.0,80.0,Au/MOF,8.156798
769.2982456140351,80.0,80.0,Au/MOF,8.163868
769.9248120300751,80.0,80.0,Au/MOF,8.170332
770.5513784461152,80.0,80.0,Au/MOF,8.1766205
771.1779448621554,80.0,80.0,Au/MOF,8.182903
771.8045112781955,80.0,80.0,Au/MOF,8.18919
772.4310776942356,80.0,80.0,Au/MOF,8.195472
773.0576441102756,80.0,80.0,Au/MOF,8.201766
773.6842105263158,80.0,80.0,Au/MOF,8.208044
774.3107769423559,80.0,80.0,Au/MOF,8.214506
774.937343358396,80.0,80.0,Au/MOF,8.223625
775.5639097744361,80.0,80.0,Au/MOF,8.23275
776.1904761904761,80.0,80.0,Au/MOF,8.241872
776.8170426065162,80.0,80.0,Au/MOF,8.250993
777.4436090225564,80.0,80.0,Au/MOF,8.260111
778.0701754385965,80.0,80.0,Au/MOF,8.269236
778.6967418546366,80.0,80.0,Au/MOF,8.278353
779.3233082706766,80.0,80.0,Au/MOF,8.28748
779.9498746867168,80.0,80.0,Au/MOF,8.296597
780.5764411027569,80.0,80.0,Au/MOF,8.305726
781.203007518797,80.0,80.0,Au/MOF,8.314843
781.8295739348371,80.0,80.0,Au/MOF,8.323962
782.4561403508771,80.0,80.0,Au/MOF,8.33308
783.0827067669172,80.0,80.0,Au/MOF,8.342206
783.7092731829574,80.0,80.0,Au/MOF,8.351325
784.3358395989975,80.0,80.0,Au/MOF,8.36045
784.9624060150376,80.0,80.0,Au/MOF,8.369571
785.5889724310777,80.0,80.0,Au/MOF,8.378687
786.2155388471178,80.0,80.0,Au/MOF,8.3878145
786.8421052631579,80.0,80.0,Au/MOF,8.396936
787.468671679198,80.0,80.0,Au/MOF,8.406054
788.0952380952381,80.0,80.0,Au/MOF,8.415176
788.7218045112782,80.0,80.0,Au/MOF,8.424299
789.3483709273182,80.0,80.0,Au/MOF,8.434142
789.9749373433584,80.0,80.0,Au/MOF,8.444745
790.6015037593985,80.0,80.0,Au/MOF,8.455351
791.2280701754386,80.0,80.0,Au/MOF,8.465961
791.8546365914787,80.0,80.0,Au/MOF,8.476574
792.4812030075188,80.0,80.0,Au/MOF,8.487179
793.1077694235589,80.0,80.0,Au/MOF,8.49779
793.734335839599,80.0,80.0,Au/MOF,8.508397
794.3609022556391,80.0,80.0,Au/MOF,8.51901
794.9874686716792,80.0,80.0,Au/MOF,8.529619
795.6140350877192,80.0,80.0,Au/MOF,8.540224
796.2406015037594,80.0,80.0,Au/MOF,8.550831
796.8671679197995,80.0,80.0,Au/MOF,8.561447
797.4937343358396,80.0,80.0,Au/MOF,8.572063
798.1203007518797,80.0,80.0,Au/MOF,8.583983
798.7468671679198,80.0,80.0,Au/MOF,8.595908
799.3734335839599,80.0,80.0,Au/MOF,8.607833
800.0,80.0,80.0,Au/MOF,8.619751
550.0,0.0,20.0,MOF,63.1693
550.6265664160401,0.0,20.0,MOF,63.17188
551.2531328320802,0.0,20.0,MOF,63.174454
551.8796992481203,0.0,20.0,MOF,63.177025
552.5062656641604,0.0,20.0,MOF,63.179607
553.1328320802005,0.0,20.0,MOF,63.1822
553.7593984962406,0.0,20.0,MOF,63.184803
554.3859649122807,0.0,20.0,MOF,63.187405
555.0125313283208,0.0,20.0,MOF,63.189995
555.6390977443609,0.0,20.0,MOF,63.192593
556.265664160401,0.0,20.0,MOF,63.195187
556.8922305764411,0.0,20.0,MOF,63.197792
557.5187969924812,0.0,20.0,MOF,63.20039
558.1453634085213,0.0,20.0,MOF,63.202976
558.7719298245614,0.0,20.0,MOF,63.205574
559.3984962406015,0.0,20.0,MOF,63.20817
560.0250626566416,0.0,20.0,MOF,63.210773
560.6516290726817,0.0,20.0,MOF,63.213367
561.2781954887218,0.0,20.0,MOF,63.21596
561.9047619047619,0.0,20.0,MOF,63.21855
562.531328320802,0.0,20.0,MOF,63.221165
563.1578947368421,0.0,20.0,MOF,63.223755
563.7844611528822,0.0,20.0,MOF,63.226353
564.4110275689223,0.0,20.0,MOF,63.22895
565.0375939849624,0.0,20.0,MOF,63.23154
565.6641604010025,0.0,20.0,MOF,63.234135
566.2907268170426,0.0,20.0,MOF,63.236732
566.9172932330827,0.0,20.0,MOF,63.239334
567.5438596491229,0.0,20.0,MOF,63.241924
568.1704260651629,0.0,20.0,MOF,63.244526
568.796992481203,0.0,20.0,MOF,63.24712
569.4235588972431,0.0,20.0,MOF,63.249718
570.0501253132832,0.0,20.0,MOF,63.25232
570.6766917293234,0.0,20.0,MOF,63.254906
571.3032581453634,0.0,20.0,MOF,63.25751
571.9298245614035,0.0,20.0,MOF,63.2601
572.5563909774436,0.0,20.0,MOF,63.2627
573.1829573934837,0.0,20.0,MOF,63.265293
573.8095238095239,0.0,20.0,MOF,63.2679
574.4360902255639,0.0,20.0,MOF,63.270496
575.062656641604,0.0,20.0,MOF,63.27379
575.6892230576441,0.0,20.0,MOF,63.27726
576.3157894736842,0.0,20.0,MOF,63.280735
576.9423558897244,0.0,20.0,MOF,63.284203
577.5689223057644,0.0,20.0,MOF,63.287685
578.1954887218045,0.0,20.0,MOF,63.291157
578.8220551378446,0.0,20.0,MOF,63.294624
579.4486215538847,0.0,20.0,MOF,63.2981
580.0751879699249,0.0,20.0,MOF,63.30158
580.7017543859649,0.0,20.0,MOF,63.305046
581.328320802005,0.0,20.0,MOF,63.308525
581.9548872180451,0.0,20.0,MOF,63.311993
582.5814536340852,0.0,20.0,MOF,63.315468
583.2080200501254,0.0,20.0,MOF,63.318947
583.8345864661654,0.0,20.0,MOF,63.32242
584.4611528822055,0.0,20.0,MOF,63.325893
585.0877192982456,0.0,20.0,MOF,63.32942
585.7142857142857,0.0,20.0,MOF,63.33334
586.3408521303259,0.0,20.0,MOF,63.337276
586.9674185463659,0.0,20.0,MOF,63.341206
587.593984962406,0.0,20.0,MOF,63.345146
588.2205513784461,0.0,20.0,MOF,63.349064
588.8471177944862,0.0,20.0,MOF,63.35283
589.4736842105264,0.0,20.0,MOF,63.355568
590.1002506265664,0.0,20.0,MOF,63.35831
590.7268170426065,0.0,20.0,MOF,63.361046
591.3533834586466,0.0,20.0,MOF,63.36378
591.9799498746867,0.0,20.0,MOF,63.366528
592.6065162907269,0.0,20.0,MOF,63.369267
593.2330827067669,0.0,20.0,MOF,63.372
593.859649122807,0.0,20.0,MOF,63.37475
594.4862155388471,0.0,20.0,MOF,63.37748
595.1127819548872,0.0,20.0,MOF,63.380222
595.7393483709274,0.0,20.0,MOF,63.382957
596.3659147869674,0.0,20.0,MOF,63.38661
596.9924812030075,0.0,20.0,MOF,63.391045
597.6190476190476,0.0,20.0,MOF,63.3955
598.2456140350877,0.0,20.0,MOF,63.399937
598.8721804511279,0.0,20.0,MOF,63.40436
599.4987468671679,0.0,20.0,MOF,63.402317
600.125313283208,0.0,20.0,MOF,63.400265
600.7518796992481,0.0,20.0,MOF,63.398212
601.3784461152882,0.0,20.0,MOF,63.396168
602.0050125313284,0.0,20.0,MOF,63.394127
602.6315789473684,0.0,20.0,MOF,63.39208
603.2581453634085,0.0,20.0,MOF,63.390026
603.8847117794486,0.0,20.0,MOF,63.387978
604.5112781954887,0.0,20.0,MOF,63.38593
605.1378446115289,0.0,20.0,MOF,63.38388
605.7644110275689,0.0,20.0,MOF,63.381832
606.390977443609,0.0,20.0,MOF,63.379784
607.0175438596491,0.0,20.0,MOF,63.37774
607.6441102756892,0.0,20.0,MOF,63.37569
608.2706766917294,0.0,20.0,MOF,63.37364
608.8972431077694,0.0,20.0,MOF,63.37159
609.5238095238095,0.0,20.0,MOF,63.36954
610.1503759398496,0.0,20.0,MOF,63.367496
610.7769423558897,0.0,20.0,MOF,63.36545
611.4035087719299,0.0,20.0,MOF,63.363407
612.0300751879699,0.0,20.0,MOF,63.36155
612.65664160401,0.0,20.0,MOF,63.359837
613.2832080200501,0.0,20.0,MOF,63.358105
613.9097744360902,0.0,20.0,MOF,63.356396
614.5363408521304,0.0,20.0,MOF,63.354664
615.1629072681704,0.0,20.0,MOF,63.35294
615.7894736842105,0.0,20.0,MOF,63.351223
616.4160401002506,0.0,20.0,MOF,63.349506
617.0426065162907,0.0,20.0,MOF,63.347782
617.6691729323309,0.0,20.0,MOF,63.346054
618.295739348371,0.0,20.0,MOF,63.344334
618.922305764411,0.0,20.0,MOF,63.342617
619.5488721804511,0.0,20.0,MOF,63.340893
620.1754385964912,0.0,20.0,MOF,63.339172
620.8020050125314,0.0,20.0,MOF,63.33745
621.4285714285714,0.0,20.0,MOF,63.335724
622.0551378446115,0.0,20.0,MOF,63.334007
622.6817042606516,0.0,20.0,MOF,63.332275
623.3082706766917,0.0,20.0,MOF,63.330555
623.9348370927319,0.0,20.0,MOF,63.328835
624.561403508772,0.0,20.0,MOF,63.327114
625.187969924812,0.0,20.0,MOF,63.325394
625.8145363408521,0.0,20.0,MOF,63.323673
626.4411027568922,0.0,20.0,MOF,63.321953
627.0676691729324,0.0,20.0,MOF,63.32023
627.6942355889724,0.0,20.0,MOF,63.31851
628.3208020050125,0.0,20.0,MOF,63.31678
628.9473684210526,0.0,20.0,MOF,63.315067
629.5739348370927,0.0,20.0,MOF,63.31334
630.2005012531329,0.0,20.0,MOF,63.31162
630.827067669173,0.0,20.0,MOF,63.309895
631.453634085213,0.0,20.0,MOF,63.30817
632.0802005012531,0.0,20.0,MOF,63.30645
632.7067669172932,0.0,20.0,MOF,63.30473
633.3333333333334,0.0,20.0,MOF,63.303013
633.9598997493734,0.0,20.0,MOF,63.30128
634.5864661654135,0.0,20.0,MOF,63.299564
635.2130325814536,0.0,20.0,MOF,63.297844
635.8395989974937,0.0,20.0,MOF,63.296116
636.4661654135339,0.0,20.0,MOF,63.2944
637.092731829574,0.0,20.0,MOF,63.292675
637.719298245614,0.0,20.0,MOF,63.29095
638.3458646616541,0.0,20.0,MOF,63.28922
638.9724310776942,0.0,20.0,MOF,63.287506
639.5989974937344,0.0,20.0,MOF,63.285786
640.2255639097745,0.0,20.0,MOF,63.28394
640.8521303258145,0.0,20.0,MOF,63.281506
641.4786967418546,0.0,20.0,MOF,63.279083
642.1052631578947,0.0,20.0,MOF,63.276653
642.7318295739349,0.0,20.0,MOF,63.274227
643.358395989975,0.0,20.0,MOF,63.2718
643.984962406015,0.0,20.0,MOF,63.269367
644.6115288220551,0.0,20.0,MOF,63.26694
645.2380952380952,0.0,20.0,MOF,63.26451
645.8646616541354,0.0,20.0,MOF,63.262074
646.4912280701755,0.0,20.0,MOF,63.259663
647.1177944862155,0.0,20.0,MOF,63.25723
647.7443609022556,0.0,20.0,MOF,63.254803
648.3709273182957,0.0,20.0,MOF,63.25237
648.9974937343359,0.0,20.0,MOF,63.249947
649.624060150376,0.0,20.0,MOF,63.24889
650.250626566416,0.0,20.0,MOF,63.247936
650.8771929824561,0.0,20.0,MOF,63.24698
651.5037593984962,0.0,20.0,MOF,63.246025
652.1303258145364,0.0,20.0,MOF,63.245075
652.7568922305765,0.0,20.0,MOF,63.24412
653.3834586466165,0.0,20.0,MOF,63.243168
654.0100250626566,0.0,20.0,MOF,63.24222
654.6365914786967,0.0,20.0,MOF,63.24127
655.2631578947369,0.0,20.0,MOF,63.24031
655.889724310777,0.0,20.0,MOF,63.23936
656.516290726817,0.0,20.0,MOF,63.238415
657.1428571428571,0.0,20.0,MOF,63.23746
657.7694235588972,0.0,20.0,MOF,63.2365
658.3959899749374,0.0,20.0,MOF,63.235554
659.0225563909775,0.0,20.0,MOF,63.2346
659.6491228070175,0.0,20.0,MOF,63.233646
660.2756892230576,0.0,20.0,MOF,63.23269
660.9022556390977,0.0,20.0,MOF,63.23174
661.5288220551379,0.0,20.0,MOF,63.230785
662.155388471178,0.0,20.0,MOF,63.229824
662.781954887218,0.0,20.0,MOF,63.228886
663.4085213032581,0.0,20.0,MOF,63.227924
664.0350877192982,0.0,20.0,MOF,63.22697
664.6616541353384,0.0,20.0,MOF,63.226025
665.2882205513785,0.0,20.0,MOF,63.22507
665.9147869674185,0.0,20.0,MOF,63.22412
666.5413533834586,0.0,20.0,MOF,63.223164
667.1679197994987,0.0,20.0,MOF,63.222218
667.7944862155389,0.0,20.0,MOF,63.221256
668.421052631579,0.0,20.0,MOF,63.220318
669.047619047619,0.0,20.0,MOF,63.219357
669.6741854636591,0.0,20.0,MOF,63.218403
670.3007518796992,0.0,20.0,MOF,63.21745
670.9273182957394,0.0,20.0,MOF,63.216496
671.5538847117795,0.0,20.0,MOF,63.21555
672.1804511278195,0.0,20.0,MOF,63.214592
672.8070175438596,0.0,20.0,MOF,63.213642
673.4335839598998,0.0,20.0,MOF,63.21269
674.0601503759399,0.0,20.0,MOF,63.211735
674.68671679198,0.0,20.0,MOF,63.21079
675.31328320802,0.0,20.0,MOF,63.209827
675.9398496240601,0.0,20.0,MOF,63.208874
676.5664160401002,0.0,20.0,MOF,63.207928
677.1929824561404,0.0,20.0,MOF,63.206974
677.8195488721805,0.0,20.0,MOF,63.206024
678.4461152882205,0.0,20.0,MOF,63.205067
679.0726817042606,0.0,20.0,MOF,63.204113
679.6992481203008,0.0,20.0,MOF,63.20316
680.3258145363409,0.0,20.0,MOF,63.202206
680.952380952381,0.0,20.0,MOF,63.201256
681.578947368421,0.0,20.0,MOF,63.20031
682.2055137844611,0.0,20.0,MOF,63.199352
682.8320802005012,0.0,20.0,MOF,63.198406
683.4586466165414,0.0,20.0,MOF,63.197445
684.0852130325815,0.0,20.0,MOF,63.19649
684.7117794486215,0.0,20.0,MOF,63.195545
685.3383458646616,0.0,20.0,MOF,63.194584
685.9649122807018,0.0,20.0,MOF,63.193634
686.5914786967419,0.0,20.0,MOF,63.192684
687.218045112782,0.0,20.0,MOF,63.191727
687.844611528822,0.0,20.0,MOF,63.19077
688.4711779448621,0.0,20.0,MOF,63.189823
689.0977443609022,0.0,20.0,MOF,63.18887
689.7243107769424,0.0,20.0,MOF,63.187916
690.3508771929825,0.0,20.0,MOF,63.186962
690.9774436090225,0.0,20.0,MOF,63.186012
691.6040100250626,0.0,20.0,MOF,63.18506
692.2305764411028,0.0,20.0,MOF,63.184113
692.8571428571429,0.0,20.0,MOF,63.183155
693.483709273183,0.0,20.0,MOF,63.1822
694.110275689223,0.0,20.0,MOF,63.18126
694.7368421052631,0.0,20.0,MOF,63.180294
695.3634085213032,0.0,20.0,MOF,63.17934
695.9899749373434,0.0,20.0,MOF,63.178394
696.6165413533835,0.0,20.0,MOF,63.17744
697.2431077694235,0.0,20.0,MOF,63.176487
697.8696741854636,0.0,20.0,MOF,63.175526
698.4962406015038,0.0,20.0,MOF,63.17458
699.1228070175439,0.0,20.0,MOF,63.17217
699.749373433584,0.0,20.0,MOF,63.16908
700.375939849624,0.0,20.0,MOF,63.166424
701.0025062656641,0.0,20.0,MOF,63.1647
701.6290726817042,0.0,20.0,MOF,63.162983
702.2556390977444,0.0,20.0,MOF,63.161247
702.8822055137845,0.0,20.0,MOF,63.159527
703.5087719298245,0.0,20.0,MOF,63.157803
704.1353383458646,0.0,20.0,MOF,63.156075
704.7619047619048,0.0,20.0,MOF,63.154354
705.3884711779449,0.0,20.0,MOF,63.15263
706.015037593985,0.0,20.0,MOF,63.1509
706.641604010025,0.0,20.0,MOF,63.149174
707.2681704260651,0.0,20.0,MOF,63.14745
707.8947368421052,0.0,20.0,MOF,63.145733
708.5213032581454,0.0,20.0,MOF,63.143997
709.1478696741855,0.0,20.0,MOF,63.14228
709.7744360902255,0.0,20.0,MOF,63.140553
710.4010025062656,0.0,20.0,MOF,63.138836
711.0275689223058,0.0,20.0,MOF,63.1371
711.6541353383459,0.0,20.0,MOF,63.13538
712.280701754386,0.0,20.0,MOF,63.133656
712.907268170426,0.0,20.0,MOF,63.131927
713.5338345864661,0.0,20.0,MOF,63.130207
714.1604010025062,0.0,20.0,MOF,63.128487
714.7869674185464,0.0,20.0,MOF,63.12675
715.4135338345865,0.0,20.0,MOF,63.125034
716.0401002506266,0.0,20.0,MOF,63.123306
716.6666666666666,0.0,20.0,MOF,63.121586
717.2932330827068,0.0,20.0,MOF,63.11986
717.9197994987469,0.0,20.0,MOF,63.118134
718.546365914787,0.0,20.0,MOF,63.11641
719.172932330827,0.0,20.0,MOF,63.11469
719.7994987468671,0.0,20.0,MOF,63.112957
720.4260651629072,0.0,20.0,MOF,63.111237
721.0526315789474,0.0,20.0,MOF,63.10951
721.6791979949875,0.0,20.0,MOF,63.107788
722.3057644110276,0.0,20.0,MOF,63.10606
722.9323308270676,0.0,20.0,MOF,63.104336
723.5588972431078,0.0,20.0,MOF,63.10261
724.1854636591479,0.0,20.0,MOF,63.10089
724.812030075188,0.0,20.0,MOF,63.099167
725.438596491228,0.0,20.0,MOF,63.097435
726.0651629072681,0.0,20.0,MOF,63.09571
726.6917293233082,0.0,20.0,MOF,63.09399
727.3182957393484,0.0,20.0,MOF,63.09226
727.9448621553885,0.0,20.0,MOF,63.090534
728.5714285714286,0.0,20.0,MOF,63.08881
729.1979949874686,0.0,20.0,MOF,63.087086
729.8245614035088,0.0,20.0,MOF,63.08536
730.4511278195489,0.0,20.0,MOF,63.08363
731.077694235589,0.0,20.0,MOF,63.081913
731.704260651629,0.0,20.0,MOF,63.08019
732.3308270676691,0.0,20.0,MOF,63.07846
732.9573934837092,0.0,20.0,MOF,63.076736
733.5839598997494,0.0,20.0,MOF,63.075016
734.2105263157895,0.0,20.0,MOF,63.073288
734.8370927318296,0.0,20.0,MOF,63.07156
735.4636591478696,0.0,20.0,MOF,63.069836
736.0902255639098,0.0,20.0,MOF,63.068108
736.7167919799499,0.0,20.0,MOF,63.06639
737.34335839599,0.0,20.0,MOF,63.064667
737.9699248120301,0.0,20.0,MOF,63.062946
738.5964912280701,0.0,20.0,MOF,63.061207
739.2230576441102,0.0,20.0,MOF,63.05949
739.8496240601504,0.0,20.0,MOF,63.057766
740.4761904761905,0.0,20.0,MOF,63.056038
741.1027568922306,0.0,20.0,MOF,63.054317
741.7293233082706,0.0,20.0,MOF,63.052593
742.3558897243108,0.0,20.0,MOF,63.05087
742.9824561403509,0.0,20.0,MOF,63.049137
743.609022556391,0.0,20.0,MOF,63.047417
744.2355889724311,0.0,20.0,MOF,63.04765
744.8621553884711,0.0,20.0,MOF,63.04837
745.4887218045112,0.0,20.0,MOF,63.04909
746.1152882205514,0.0,20.0,MOF,63.0498
746.7418546365915,0.0,20.0,MOF,63.050518
747.3684210526316,0.0,20.0,MOF,63.051228
747.9949874686716,0.0,20.0,MOF,63.051952
748.6215538847118,0.0,20.0,MOF,63.05267
749.2481203007519,0.0,20.0,MOF,63.053375
749.874686716792,0.0,20.0,MOF,63.054096
750.5012531328321,0.0,20.0,MOF,63.054813
751.1278195488721,0.0,20.0,MOF,63.05553
751.7543859649122,0.0,20.0,MOF,63.056248
752.3809523809524,0.0,20.0,MOF,63.056957
753.0075187969925,0.0,20.0,MOF,63.057682
753.6340852130326,0.0,20.0,MOF,63.0584
754.2606516290726,0.0,20.0,MOF,63.059097
754.8872180451128,0.0,20.0,MOF,63.059822
755.5137844611529,0.0,20.0,MOF,63.06054
756.140350877193,0.0,20.0,MOF,63.06125
756.7669172932331,0.0,20.0,MOF,63.06197
757.3934837092731,0.0,20.0,MOF,63.062683
758.0200501253132,0.0,20.0,MOF,63.063404
758.6466165413534,0.0,20.0,MOF,63.06411
759.2731829573935,0.0,20.0,MOF,63.06483
759.8997493734336,0.0,20.0,MOF,63.06555
760.5263157894736,0.0,20.0,MOF,63.066257
761.1528822055138,0.0,20.0,MOF,63.06698
761.7794486215539,0.0,20.0,MOF,63.067696
762.406015037594,0.0,20.0,MOF,63.068413
763.0325814536341,0.0,20.0,MOF,63.069134
763.6591478696741,0.0,20.0,MOF,63.06984
764.2857142857142,0.0,20.0,MOF,63.07056
764.9122807017544,0.0,20.0,MOF,63.071274
765.5388471177945,0.0,20.0,MOF,63.071995
766.1654135338346,0.0,20.0,MOF,63.07271
766.7919799498746,0.0,20.0,MOF,63.07342
767.4185463659148,0.0,20.0,MOF,63.07414
768.0451127819549,0.0,20.0,MOF,63.07485
768.671679197995,0.0,20.0,MOF,63.075565
769.2982456140351,0.0,20.0,MOF,63.076286
769.9248120300751,0.0,20.0,MOF,63.076996
770.5513784461152,0.0,20.0,MOF,63.07771
771.1779448621554,0.0,20.0,MOF,63.078434
771.8045112781955,0.0,20.0,MOF,63.07915
772.4310776942356,0.0,20.0,MOF,63.07986
773.0576441102756,0.0,20.0,MOF,63.080585
773.6842105263158,0.0,20.0,MOF,63.08129
774.3107769423559,0.0,20.0,MOF,63.08201
774.937343358396,0.0,20.0,MOF,63.082737
775.5639097744361,0.0,20.0,MOF,63.083443
776.1904761904761,0.0,20.0,MOF,63.084164
776.8170426065162,0.0,20.0,MOF,63.084873
777.4436090225564,0.0,20.0,MOF,63.08559
778.0701754385965,0.0,20.0,MOF,63.086308
778.6967418546366,0.0,20.0,MOF,63.087017
779.3233082706766,0.0,20.0,MOF,63.087734
779.9498746867168,0.0,20.0,MOF,63.088463
780.5764411027569,0.0,20.0,MOF,63.08917
781.203007518797,0.0,20.0,MOF,63.08989
781.8295739348371,0.0,20.0,MOF,63.0906
782.4561403508771,0.0,20.0,MOF,63.091316
783.0827067669172,0.0,20.0,MOF,63.092033
783.7092731829574,0.0,20.0,MOF,63.09275
784.3358395989975,0.0,20.0,MOF,63.093464
784.9624060150376,0.0,20.0,MOF,63.09418
785.5889724310777,0.0,20.0,MOF,63.0949
786.2155388471178,0.0,20.0,MOF,63.095615
786.8421052631579,0.0,20.0,MOF,63.09632
787.468671679198,0.0,20.0,MOF,63.097046
788.0952380952381,0.0,20.0,MOF,63.096245
788.7218045112782,0.0,20.0,MOF,63.093204
789.3483709273182,0.0,20.0,MOF,63.090168
789.9749373433584,0.0,20.0,MOF,63.087116
790.6015037593985,0.0,20.0,MOF,63.08408
791.2280701754386,0.0,20.0,MOF,63.081028
791.8546365914787,0.0,20.0,MOF,63.077984
792.4812030075188,0.0,20.0,MOF,63.07494
793.1077694235589,0.0,20.0,MOF,63.071903
793.734335839599,0.0,20.0,MOF,63.06885
794.3609022556391,0.0,20.0,MOF,63.065815
794.9874686716792,0.0,20.0,MOF,63.06277
795.6140350877192,0.0,20.0,MOF,63.059734
796.2406015037594,0.0,20.0,MOF,63.05668
796.8671679197995,0.0,20.0,MOF,63.053642
797.4937343358396,0.0,20.0,MOF,63.050594
798.1203007518797,0.0,20.0,MOF,63.04755
798.7468671679198,0.0,20.0,MOF,63.045685
799.3734335839599,0.0,20.0,MOF,63.044224
800.0,0.0,20.0,MOF,63.04275
550.0,20.0,20.0,MOF,62.87035
550.6265664160401,20.0,20.0,MOF,62.870388
551.2531328320802,20.0,20.0,MOF,62.864704
551.8796992481203,20.0,20.0,MOF,62.85902
552.5062656641604,20.0,20.0,MOF,62.853344
553.1328320802005,20.0,20.0,MOF,62.84766
553.7593984962406,20.0,20.0,MOF,62.841984
554.3859649122807,20.0,20.0,MOF,62.836292
555.0125313283208,20.0,20.0,MOF,62.83062
555.6390977443609,20.0,20.0,MOF,62.82494
556.265664160401,20.0,20.0,MOF,62.819252
556.8922305764411,20.0,20.0,MOF,62.813576
557.5187969924812,20.0,20.0,MOF,62.80789
558.1453634085213,20.0,20.0,MOF,62.80221
558.7719298245614,20.0,20.0,MOF,62.796535
559.3984962406015,20.0,20.0,MOF,62.790848
560.0250626566416,20.0,20.0,MOF,62.785164
560.6516290726817,20.0,20.0,MOF,62.77949
561.2781954887218,20.0,20.0,MOF,62.773815
561.9047619047619,20.0,20.0,MOF,62.768124
562.531328320802,20.0,20.0,MOF,62.763176
563.1578947368421,20.0,20.0,MOF,62.758724
563.7844611528822,20.0,20.0,MOF,62.75427
564.4110275689223,20.0,20.0,MOF,62.74981
565.0375939849624,20.0,20.0,MOF,62.745358
565.6641604010025,20.0,20.0,MOF,62.7409
566.2907268170426,20.0,20.0,MOF,62.736443
566.9172932330827,20.0,20.0,MOF,62.731987
567.5438596491229,20.0,20.0,MOF,62.727535
568.1704260651629,20.0,20.0,MOF,62.72308
568.796992481203,20.0,20.0,MOF,62.718628
569.4235588972431,20.0,20.0,MOF,62.714176
570.0501253132832,20.0,20.0,MOF,62.709713
570.6766917293234,20.0,20.0,MOF,62.705257
571.3032581453634,20.0,20.0,MOF,62.7008
571.9298245614035,20.0,20.0,MOF,62.696358
572.5563909774436,20.0,20.0,MOF,62.6919
573.1829573934837,20.0,20.0,MOF,62.687443
573.8095238095239,20.0,20.0,MOF,62.682983
574.4360902255639,20.0,20.0,MOF,62.678528
575.062656641604,20.0,20.0,MOF,62.674076
575.6892230576441,20.0,20.0,MOF,62.669617
576.3157894736842,20.0,20.0,MOF,62.66517
576.9423558897244,20.0,20.0,MOF,62.66071
577.5689223057644,20.0,20.0,MOF,62.656254
578.1954887218045,20.0,20.0,MOF,62.6518
578.8220551378446,20.0,20.0,MOF,62.647343
579.4486215538847,20.0,20.0,MOF,62.642887
580.0751879699249,20.0,20.0,MOF,62.63843
580.7017543859649,20.0,20.0,MOF,62.63398
581.328320802005,20.0,20.0,MOF,62.62952
581.9548872180451,20.0,20.0,MOF,62.62507
582.5814536340852,20.0,20.0,MOF,62.62061
583.2080200501254,20.0,20.0,MOF,62.616158
583.8345864661654,20.0,20.0,MOF,62.611702
584.4611528822055,20.0,20.0,MOF,62.607273
585.0877192982456,20.0,20.0,MOF,62.603123
585.7142857142857,20.0,20.0,MOF,62.598972
586.3408521303259,20.0,20.0,MOF,62.59483
586.9674185463659,20.0,20.0,MOF,62.590694
587.593984962406,20.0,20.0,MOF,62.586536
588.2205513784461,20.0,20.0,MOF,62.582397
588.8471177944862,20.0,20.0,MOF,62.57826
589.4736842105264,20.0,20.0,MOF,62.57388
590.1002506265664,20.0,20.0,MOF,62.569492
590.7268170426065,20.0,20.0,MOF,62.565098
591.3533834586466,20.0,20.0,MOF,62.560696
591.9799498746867,20.0,20.0,MOF,62.55631
592.6065162907269,20.0,20.0,MOF,62.551903
593.2330827067669,20.0,20.0,MOF,62.54751
593.859649122807,20.0,20.0,MOF,62.54311
594.4862155388471,20.0,20.0,MOF,62.53872
595.1127819548872,20.0,20.0,MOF,62.53433
595.7393483709274,20.0,20.0,MOF,62.52993
596.3659147869674,20.0,20.0,MOF,62.52553
596.9924812030075,20.0,20.0,MOF,62.521137
597.6190476190476,20.0,20.0,MOF,62.51674
598.2456140350877,20.0,20.0,MOF,62.512333
598.8721804511279,20.0,20.0,MOF,62.507954
599.4987468671679,20.0,20.0,MOF,62.50355
600.125313283208,20.0,20.0,MOF,62.499153
600.7518796992481,20.0,20.0,MOF,62.49476
601.3784461152882,20.0,20.0,MOF,62.490368
602.0050125313284,20.0,20.0,MOF,62.485973
602.6315789473684,20.0,20.0,MOF,62.48157
603.2581453634085,20.0,20.0,MOF,62.477173
603.8847117794486,20.0,20.0,MOF,62.472782
604.5112781954887,20.0,20.0,MOF,62.46838
605.1378446115289,20.0,20.0,MOF,62.46399
605.7644110275689,20.0,20.0,MOF,62.45959
606.390977443609,20.0,20.0,MOF,62.45519
607.0175438596491,20.0,20.0,MOF,62.4508
607.6441102756892,20.0,20.0,MOF,62.4464
608.2706766917294,20.0,20.0,MOF,62.442005
608.8972431077694,20.0,20.0,MOF,62.43762
609.5238095238095,20.0,20.0,MOF,62.43322
610.1503759398496,20.0,20.0,MOF,62.4288
610.7769423558897,20.0,20.0,MOF,62.42323
611.4035087719299,20.0,20.0,MOF,62.41764
612.0300751879699,20.0,20.0,MOF,62.41255
612.65664160401,20.0,20.0,MOF,62.407974
613.2832080200501,20.0,20.0,MOF,62.4034
613.9097744360902,20.0,20.0,MOF,62.398823
614.5363408521304,20.0,20.0,MOF,62.39426
615.1629072681704,20.0,20.0,MOF,62.38969
615.7894736842105,20.0,20.0,MOF,62.385113
616.4160401002506,20.0,20.0,MOF,62.38054
617.0426065162907,20.0,20.0,MOF,62.37597
617.6691729323309,20.0,20.0,MOF,62.3714
618.295739348371,20.0,20.0,MOF,62.366825
618.922305764411,20.0,20.0,MOF,62.362255
619.5488721804511,20.0,20.0,MOF,62.357677
620.1754385964912,20.0,20.0,MOF,62.353104
620.8020050125314,20.0,20.0,MOF,62.348526
621.4285714285714,20.0,20.0,MOF,62.343952
622.0551378446115,20.0,20.0,MOF,62.339386
622.6817042606516,20.0,20.0,MOF,62.33482
623.3082706766917,20.0,20.0,MOF,62.330242
623.9348370927319,20.0,20.0,MOF,62.32567
624.561403508772,20.0,20.0,MOF,62.321095
625.187969924812,20.0,20.0,MOF,62.31652
625.8145363408521,20.0,20.0,MOF,62.311954
626.4411027568922,20.0,20.0,MOF,62.30738
627.0676691729324,20.0,20.0,MOF,62.302807
627.6942355889724,20.0,20.0,MOF,62.29823
628.3208020050125,20.0,20.0,MOF,62.29366
628.9473684210526,20.0,20.0,MOF,62.28909
629.5739348370927,20.0,20.0,MOF,62.28452
630.2005012531329,20.0,20.0,MOF,62.27994
630.827067669173,20.0,20.0,MOF,62.275368
631.453634085213,20.0,20.0,MOF,62.2708
632.0802005012531,20.0,20.0,MOF,62.266228
632.7067669172932,20.0,20.0,MOF,62.261654
633.3333333333334,20.0,20.0,MOF,62.257076
633.9598997493734,20.0,20.0,MOF,62.252506
634.5864661654135,20.0,20.0,MOF,62.24793
635.2130325814536,20.0,20.0,MOF,62.243366
635.8395989974937,20.0,20.0,MOF,62.23879
636.4661654135339,20.0,20.0,MOF,62.23422
637.092731829574,20.0,20.0,MOF,62.22965
637.719298245614,20.0,20.0,MOF,62.225056
638.3458646616541,20.0,20.0,MOF,62.220425
638.9724310776942,20.0,20.0,MOF,62.215786
639.5989974937344,20.0,20.0,MOF,62.211147
640.2255639097745,20.0,20.0,MOF,62.206516
640.8521303258145,20.0,20.0,MOF,62.201878
641.4786967418546,20.0,20.0,MOF,62.19724
642.1052631578947,20.0,20.0,MOF,62.192608
642.7318295739349,20.0,20.0,MOF,62.18797
643.358395989975,20.0,20.0,MOF,62.183342
643.984962406015,20.0,20.0,MOF,62.178696
644.6115288220551,20.0,20.0,MOF,62.174065
645.2380952380952,20.0,20.0,MOF,62.16942
645.8646616541354,20.0,20.0,MOF,62.164787
646.4912280701755,20.0,20.0,MOF,62.160145
647.1177944862155,20.0,20.0,MOF,62.15551
647.7443609022556,20.0,20.0,MOF,62.15088
648.3709273182957,20.0,20.0,MOF,62.146248
648.9974937343359,20.0,20.0,MOF,62.1416
649.624060150376,20.0,20.0,MOF,62.13697
650.250626566416,20.0,20.0,MOF,62.13234
650.8771929824561,20.0,20.0,MOF,62.1277
651.5037593984962,20.0,20.0,MOF,62.123066
652.1303258145364,20.0,20.0,MOF,62.11842
652.7568922305765,20.0,20.0,MOF,62.11379
653.3834586466165,20.0,20.0,MOF,62.109154
654.0100250626566,20.0,20.0,MOF,62.10452
654.6365914786967,20.0,20.0,MOF,62.09988
655.2631578947369,20.0,20.0,MOF,62.09536
655.889724310777,20.0,20.0,MOF,62.09084
656.516290726817,20.0,20.0,MOF,62.08632
657.1428571428571,20.0,20.0,MOF,62.0818
657.7694235588972,20.0,20.0,MOF,62.07728
658.3959899749374,20.0,20.0,MOF,62.072765
659.0225563909775,20.0,20.0,MOF,62.068245
659.6491228070175,20.0,20.0,MOF,62.063725
660.2756892230576,20.0,20.0,MOF,62.0592
660.9022556390977,20.0,20.0,MOF,62.054688
661.5288220551379,20.0,20.0,MOF,62.050167
662.155388471178,20.0,20.0,MOF,62.045643
662.781954887218,20.0,20.0,MOF,62.041122
663.4085213032581,20.0,20.0,MOF,62.03661
664.0350877192982,20.0,20.0,MOF,62.032093
664.6616541353384,20.0,20.0,MOF,62.027565
665.2882205513785,20.0,20.0,MOF,62.023052
665.9147869674185,20.0,20.0,MOF,62.01853
666.5413533834586,20.0,20.0,MOF,62.01401
667.1679197994987,20.0,20.0,MOF,62.00867
667.7944862155389,20.0,20.0,MOF,62.003044
668.421052631579,20.0,20.0,MOF,61.997433
669.047619047619,20.0,20.0,MOF,61.99181
669.6741854636591,20.0,20.0,MOF,61.986187
670.3007518796992,20.0,20.0,MOF,61.980576
670.9273182957394,20.0,20.0,MOF,61.974957
671.5538847117795,20.0,20.0,MOF,61.96933
672.1804511278195,20.0,20.0,MOF,61.963722
672.8070175438596,20.0,20.0,MOF,61.958103
673.4335839598998,20.0,20.0,MOF,61.952477
674.0601503759399,20.0,20.0,MOF,61.94686
674.68671679198,20.0,20.0,MOF,61.941242
675.31328320802,20.0,20.0,MOF,61.936024
675.9398496240601,20.0,20.0,MOF,61.930996
676.5664160401002,20.0,20.0,MOF,61.925945
677.1929824561404,20.0,20.0,MOF,61.92091
677.8195488721805,20.0,20.0,MOF,61.91588
678.4461152882205,20.0,20.0,MOF,61.91084
679.0726817042606,20.0,20.0,MOF,61.905796
679.6992481203008,20.0,20.0,MOF,61.901295
680.3258145363409,20.0,20.0,MOF,61.897972
680.952380952381,20.0,20.0,MOF,61.89464
681.578947368421,20.0,20.0,MOF,61.89131
682.2055137844611,20.0,20.0,MOF,61.887974
682.8320802005012,20.0,20.0,MOF,61.884647
683.4586466165414,20.0,20.0,MOF,61.88132
684.0852130325815,20.0,20.0,MOF,61.87799
684.7117794486215,20.0,20.0,MOF,61.87466
685.3383458646616,20.0,20.0,MOF,61.871326
685.9649122807018,20.0,20.0,MOF,61.868
686.5914786967419,20.0,20.0,MOF,61.864666
687.218045112782,20.0,20.0,MOF,61.861336
687.844611528822,20.0,20.0,MOF,61.858006
688.4711779448621,20.0,20.0,MOF,61.85468
689.0977443609022,20.0,20.0,MOF,61.85134
689.7243107769424,20.0,20.0,MOF,61.84802
690.3508771929825,20.0,20.0,MOF,61.844685
690.9774436090225,20.0,20.0,MOF,61.841602
691.6040100250626,20.0,20.0,MOF,61.838703
692.2305764411028,20.0,20.0,MOF,61.83586
692.8571428571429,20.0,20.0,MOF,61.833023
693.483709273183,20.0,20.0,MOF,61.830173
694.110275689223,20.0,20.0,MOF,61.827335
694.7368421052631,20.0,20.0,MOF,61.82449
695.3634085213032,20.0,20.0,MOF,61.82165
695.9899749373434,20.0,20.0,MOF,61.818806
696.6165413533835,20.0,20.0,MOF,61.815968
697.2431077694235,20.0,20.0,MOF,61.81312
697.8696741854636,20.0,20.0,MOF,61.810284
698.4962406015038,20.0,20.0,MOF,61.80939
699.1228070175439,20.0,20.0,MOF,61.809143
699.749373433584,20.0,20.0,MOF,61.80889
700.375939849624,20.0,20.0,MOF,61.808643
701.0025062656641,20.0,20.0,MOF,61.808388
701.6290726817042,20.0,20.0,MOF,61.808147
702.2556390977444,20.0,20.0,MOF,61.80789
702.8822055137845,20.0,20.0,MOF,61.807648
703.5087719298245,20.0,20.0,MOF,61.80739
704.1353383458646,20.0,20.0,MOF,61.80714
704.7619047619048,20.0,20.0,MOF,61.806896
705.3884711779449,20.0,20.0,MOF,61.806644
706.015037593985,20.0,20.0,MOF,61.806393
706.641604010025,20.0,20.0,MOF,61.80615
707.2681704260651,20.0,20.0,MOF,61.805897
707.8947368421052,20.0,20.0,MOF,61.805645
708.5213032581454,20.0,20.0,MOF,61.805397
709.1478696741855,20.0,20.0,MOF,61.80515
709.7744360902255,20.0,20.0,MOF,61.804893
710.4010025062656,20.0,20.0,MOF,61.804646
711.0275689223058,20.0,20.0,MOF,61.804394
711.6541353383459,20.0,20.0,MOF,61.80415
712.280701754386,20.0,20.0,MOF,61.803898
712.907268170426,20.0,20.0,MOF,61.80365
713.5338345864661,20.0,20.0,MOF,61.803394
714.1604010025062,20.0,20.0,MOF,61.803146
714.7869674185464,20.0,20.0,MOF,61.8029
715.4135338345865,20.0,20.0,MOF,61.802654
716.0401002506266,20.0,20.0,MOF,61.802402
716.6666666666666,20.0,20.0,MOF,61.80216
717.2932330827068,20.0,20.0,MOF,61.8019
717.9197994987469,20.0,20.0,MOF,61.801655
718.546365914787,20.0,20.0,MOF,61.8014
719.172932330827,20.0,20.0,MOF,61.80115
719.7994987468671,20.0,20.0,MOF,61.800907
720.4260651629072,20.0,20.0,MOF,61.80065
721.0526315789474,20.0,20.0,MOF,61.8004
721.6791979949875,20.0,20.0,MOF,61.80015
722.3057644110276,20.0,20.0,MOF,61.7999
722.9323308270676,20.0,20.0,MOF,61.799652
723.5588972431078,20.0,20.0,MOF,61.7994
724.1854636591479,20.0,20.0,MOF,61.799156
724.812030075188,20.0,20.0,MOF,61.7989
725.438596491228,20.0,20.0,MOF,61.798656
726.0651629072681,20.0,20.0,MOF,61.795353
726.6917293233082,20.0,20.0,MOF,61.791195
727.3182957393484,20.0,20.0,MOF,61.787052
727.9448621553885,20.0,20.0,MOF,61.7829
728.5714285714286,20.0,20.0,MOF,61.778767
729.1979949874686,20.0,20.0,MOF,61.774605
729.8245614035088,20.0,20.0,MOF,61.7706
730.4511278195489,20.0,20.0,MOF,61.76707
731.077694235589,20.0,20.0,MOF,61.763554
731.704260651629,20.0,20.0,MOF,61.76003
732.3308270676691,20.0,20.0,MOF,61.75651
732.9573934837092,20.0,20.0,MOF,61.752987
733.5839598997494,20.0,20.0,MOF,61.7494
734.2105263157895,20.0,20.0,MOF,61.744984
734.8370927318296,20.0,20.0,MOF,61.740574
735.4636591478696,20.0,20.0,MOF,61.73617
736.0902255639098,20.0,20.0,MOF,61.731754
736.7167919799499,20.0,20.0,MOF,61.727345
737.34335839599,20.0,20.0,MOF,61.72294
737.9699248120301,20.0,20.0,MOF,61.718536
738.5964912280701,20.0,20.0,MOF,61.714115
739.2230576441102,20.0,20.0,MOF,61.709713
739.8496240601504,20.0,20.0,MOF,61.705303
740.4761904761905,20.0,20.0,MOF,61.70089
741.1027568922306,20.0,20.0,MOF,61.696476
741.7293233082706,20.0,20.0,MOF,61.692074
742.3558897243108,20.0,20.0,MOF,61.687664
742.9824561403509,20.0,20.0,MOF,61.683254
743.609022556391,20.0,20.0,MOF,61.67885
744.2355889724311,20.0,20.0,MOF,61.67443
744.8621553884711,20.0,20.0,MOF,61.670025
745.4887218045112,20.0,20.0,MOF,61.66561
746.1152882205514,20.0,20.0,MOF,61.661198
746.7418546365915,20.0,20.0,MOF,61.656796
747.3684210526316,20.0,20.0,MOF,61.652393
747.9949874686716,20.0,20.0,MOF,61.64797
748.6215538847118,20.0,20.0,MOF,61.643566
749.2481203007519,20.0,20.0,MOF,61.639153
749.874686716792,20.0,20.0,MOF,61.634747
750.5012531328321,20.0,20.0,MOF,61.630337
751.1278195488721,20.0,20.0,MOF,61.625927
751.7543859649122,20.0,20.0,MOF,61.621517
752.3809523809524,20.0,20.0,MOF,61.617107
753.0075187969925,20.0,20.0,MOF,61.612694
753.6340852130326,20.0,20.0,MOF,61.608288
754.2606516290726,20.0,20.0,MOF,61.603878
754.8872180451128,20.0,20.0,MOF,61.59947
755.5137844611529,20.0,20.0,MOF,61.59506
756.140350877193,20.0,20.0,MOF,61.590652
756.7669172932331,20.0,20.0,MOF,61.58624
757.3934837092731,20.0,20.0,MOF,61.58183
758.0200501253132,20.0,20.0,MOF,61.577423
758.6466165413534,20.0,20.0,MOF,61.573006
759.2731829573935,20.0,20.0,MOF,61.5686
759.8997493734336,20.0,20.0,MOF,61.56419
760.5263157894736,20.0,20.0,MOF,61.559788
761.1528822055138,20.0,20.0,MOF,61.55537
761.7794486215539,20.0,20.0,MOF,61.55096
762.406015037594,20.0,20.0,MOF,61.546555
763.0325814536341,20.0,20.0,MOF,61.54214
763.6591478696741,20.0,20.0,MOF,61.53773
764.2857142857142,20.0,20.0,MOF,61.533325
764.9122807017544,20.0,20.0,MOF,61.52891
765.5388471177945,20.0,20.0,MOF,61.52451
766.1654135338346,20.0,20.0,MOF,61.52009
766.7919799498746,20.0,20.0,MOF,61.515686
767.4185463659148,20.0,20.0,MOF,61.511265
768.0451127819549,20.0,20.0,MOF,61.506863
768.671679197995,20.0,20.0,MOF,61.502453
769.2982456140351,20.0,20.0,MOF,61.498047
769.9248120300751,20.0,20.0,MOF,61.493637
770.5513784461152,20.0,20.0,MOF,61.48923
771.1779448621554,20.0,20.0,MOF,61.484814
771.8045112781955,20.0,20.0,MOF,61.480404
772.4310776942356,20.0,20.0,MOF,61.476894
773.0576441102756,20.0,20.0,MOF,61.473927
773.6842105263158,20.0,20.0,MOF,61.47096
774.3107769423559,20.0,20.0,MOF,61.468006
774.937343358396,20.0,20.0,MOF,61.46503
775.5639097744361,20.0,20.0,MOF,61.462074
776.1904761904761,20.0,20.0,MOF,61.459103
776.8170426065162,20.0,20.0,MOF,61.456135
777.4436090225564,20.0,20.0,MOF,61.453175
778.0701754385965,20.0,20.0,MOF,61.450207
778.6967418546366,20.0,20.0,MOF,61.447243
779.3233082706766,20.0,20.0,MOF,61.44428
779.9498746867168,20.0,20.0,MOF,61.441315
780.5764411027569,20.0,20.0,MOF,61.438347
781.203007518797,20.0,20.0,MOF,61.435383
781.8295739348371,20.0,20.0,MOF,61.43153
782.4561403508771,20.0,20.0,MOF,61.42644
783.0827067669172,20.0,20.0,MOF,61.421352
783.7092731829574,20.0,20.0,MOF,61.416264
784.3358395989975,20.0,20.0,MOF,61.411167
784.9624060150376,20.0,20.0,MOF,61.406086
785.5889724310777,20.0,20.0,MOF,61.400993
786.2155388471178,20.0,20.0,MOF,61.3959
786.8421052631579,20.0,20.0,MOF,61.390812
787.468671679198,20.0,20.0,MOF,61.38573
788.0952380952381,20.0,20.0,MOF,61.380634
788.7218045112782,20.0,20.0,MOF,61.375546
789.3483709273182,20.0,20.0,MOF,61.37046
789.9749373433584,20.0,20.0,MOF,61.365376
790.6015037593985,20.0,20.0,MOF,61.360287
791.2280701754386,20.0,20.0,MOF,61.35519
791.8546365914787,20.0,20.0,MOF,61.3501
792.4812030075188,20.0,20.0,MOF,61.345013
793.1077694235589,20.0,20.0,MOF,61.33993
793.734335839599,20.0,20.0,MOF,61.334835
794.3609022556391,20.0,20.0,MOF,61.32975
794.9874686716792,20.0,20.0,MOF,61.32466
795.6140350877192,20.0,20.0,MOF,61.31957
796.2406015037594,20.0,20.0,MOF,61.31473
796.8671679197995,20.0,20.0,MOF,61.310005
797.4937343358396,20.0,20.0,MOF,61.305286
798.1203007518797,20.0,20.0,MOF,61.300545
798.7468671679198,20.0,20.0,MOF,61.295918
799.3734335839599,20.0,20.0,MOF,61.293728
800.0,20.0,20.0,MOF,61.291553
550.0,40.0,20.0,MOF,69.958694
550.6265664160401,40.0,20.0,MOF,69.9568
551.2531328320802,40.0,20.0,MOF,69.95622
551.8796992481203,40.0,20.0,MOF,69.956894
552.5062656641604,40.0,20.0,MOF,69.95757
553.1328320802005,40.0,20.0,MOF,69.95825
553.7593984962406,40.0,20.0,MOF,69.95892
554.3859649122807,40.0,20.0,MOF,69.9596
555.0125313283208,40.0,20.0,MOF,69.96027
555.6390977443609,40.0,20.0,MOF,69.96095
556.265664160401,40.0,20.0,MOF,69.961624
556.8922305764411,40.0,20.0,MOF,69.9623
557.5187969924812,40.0,20.0,MOF,69.96319
558.1453634085213,40.0,20.0,MOF,69.964264
558.7719298245614,40.0,20.0,MOF,69.96533
559.3984962406015,40.0,20.0,MOF,69.9664
560.0250626566416,40.0,20.0,MOF,69.96747
560.6516290726817,40.0,20.0,MOF,69.96855
561.2781954887218,40.0,20.0,MOF,69.96963
561.9047619047619,40.0,20.0,MOF,69.97069
562.531328320802,40.0,20.0,MOF,69.97177
563.1578947368421,40.0,20.0,MOF,69.97284
563.7844611528822,40.0,20.0,MOF,69.97376
564.4110275689223,40.0,20.0,MOF,69.973625
565.0375939849624,40.0,20.0,MOF,69.973495
565.6641604010025,40.0,20.0,MOF,69.97336
566.2907268170426,40.0,20.0,MOF,69.97322
566.9172932330827,40.0,20.0,MOF,69.97308
567.5438596491229,40.0,20.0,MOF,69.972946
568.1704260651629,40.0,20.0,MOF,69.97281
568.796992481203,40.0,20.0,MOF,69.97267
569.4235588972431,40.0,20.0,MOF,69.972534
570.0501253132832,40.0,20.0,MOF,69.972404
570.6766917293234,40.0,20.0,MOF,69.97226
571.3032581453634,40.0,20.0,MOF,69.97214
571.9298245614035,40.0,20.0,MOF,69.97199
572.5563909774436,40.0,20.0,MOF,69.97185
573.1829573934837,40.0,20.0,MOF,69.971725
573.8095238095239,40.0,20.0,MOF,69.97159
574.4360902255639,40.0,20.0,MOF,69.97145
575.062656641604,40.0,20.0,MOF,69.97131
575.6892230576441,40.0,20.0,MOF,69.971176
576.3157894736842,40.0,20.0,MOF,69.97104
576.9423558897244,40.0,20.0,MOF,69.97091
577.5689223057644,40.0,20.0,MOF,69.970764
578.1954887218045,40.0,20.0,MOF,69.97063
578.8220551378446,40.0,20.0,MOF,69.97049
579.4486215538847,40.0,20.0,MOF,69.97036
580.0751879699249,40.0,20.0,MOF,69.97022
580.7017543859649,40.0,20.0,MOF,69.97009
581.328320802005,40.0,20.0,MOF,69.96995
581.9548872180451,40.0,20.0,MOF,69.96982
582.5814536340852,40.0,20.0,MOF,69.96968
583.2080200501254,40.0,20.0,MOF,69.96954
583.8345864661654,40.0,20.0,MOF,69.969406
584.4611528822055,40.0,20.0,MOF,69.96927
585.0877192982456,40.0,20.0,MOF,69.96913
585.7142857142857,40.0,20.0,MOF,69.969
586.3408521303259,40.0,20.0,MOF,69.968864
586.9674185463659,40.0,20.0,MOF,69.96872
587.593984962406,40.0,20.0,MOF,69.96859
588.2205513784461,40.0,20.0,MOF,69.96846
588.8471177944862,40.0,20.0,MOF,69.968315
589.4736842105264,40.0,20.0,MOF,69.96817
590.1002506265664,40.0,20.0,MOF,69.96805
590.7268170426065,40.0,20.0,MOF,69.9679
591.3533834586466,40.0,20.0,MOF,69.96777
591.9799498746867,40.0,20.0,MOF,69.96763
592.6065162907269,40.0,20.0,MOF,69.9675
593.2330827067669,40.0,20.0,MOF,69.96736
593.859649122807,40.0,20.0,MOF,69.967224
594.4862155388471,40.0,20.0,MOF,69.9671
595.1127819548872,40.0,20.0,MOF,69.96696
595.7393483709274,40.0,20.0,MOF,69.96682
596.3659147869674,40.0,20.0,MOF,69.96668
596.9924812030075,40.0,20.0,MOF,69.96655
597.6190476190476,40.0,20.0,MOF,69.96641
598.2456140350877,40.0,20.0,MOF,69.96643
598.8721804511279,40.0,20.0,MOF,69.96757
599.4987468671679,40.0,20.0,MOF,69.968704
600.125313283208,40.0,20.0,MOF,69.96984
600.7518796992481,40.0,20.0,MOF,69.97097
601.3784461152882,40.0,20.0,MOF,69.97211
602.0050125313284,40.0,20.0,MOF,69.973236
602.6315789473684,40.0,20.0,MOF,69.97438
603.2581453634085,40.0,20.0,MOF,69.97551
603.8847117794486,40.0,20.0,MOF,69.97665
604.5112781954887,40.0,20.0,MOF,69.97778
605.1378446115289,40.0,20.0,MOF,69.97891
605.7644110275689,40.0,20.0,MOF,69.98004
606.390977443609,40.0,20.0,MOF,69.98118
607.0175438596491,40.0,20.0,MOF,69.982315
607.6441102756892,40.0,20.0,MOF,69.983444
608.2706766917294,40.0,20.0,MOF,69.984116
608.8972431077694,40.0,20.0,MOF,69.98453
609.5238095238095,40.0,20.0,MOF,69.98494
610.1503759398496,40.0,20.0,MOF,69.98536
610.7769423558897,40.0,20.0,MOF,69.98577
611.4035087719299,40.0,20.0,MOF,69.986176
612.0300751879699,40.0,20.0,MOF,69.98659
612.65664160401,40.0,20.0,MOF,69.987015
613.2832080200501,40.0,20.0,MOF,69.98742
613.9097744360902,40.0,20.0,MOF,69.98784
614.5363408521304,40.0,20.0,MOF,69.98826
615.1629072681704,40.0,20.0,MOF,69.98867
615.7894736842105,40.0,20.0,MOF,69.98908
616.4160401002506,40.0,20.0,MOF,69.9895
617.0426065162907,40.0,20.0,MOF,69.98991
617.6691729323309,40.0,20.0,MOF,69.990326
618.295739348371,40.0,20.0,MOF,69.99074
618.922305764411,40.0,20.0,MOF,69.99116
619.5488721804511,40.0,20.0,MOF,69.99156
620.1754385964912,40.0,20.0,MOF,69.99198
620.8020050125314,40.0,20.0,MOF,69.9924
621.4285714285714,40.0,20.0,MOF,69.99281
622.0551378446115,40.0,20.0,MOF,69.993225
622.6817042606516,40.0,20.0,MOF,69.99364
623.3082706766917,40.0,20.0,MOF,69.994064
623.9348370927319,40.0,20.0,MOF,69.99448
624.561403508772,40.0,20.0,MOF,69.99489
625.187969924812,40.0,20.0,MOF,69.995285
625.8145363408521,40.0,20.0,MOF,69.99571
626.4411027568922,40.0,20.0,MOF,69.99614
627.0676691729324,40.0,20.0,MOF,69.996544
627.6942355889724,40.0,20.0,MOF,69.996956
628.3208020050125,40.0,20.0,MOF,69.99736
628.9473684210526,40.0,20.0,MOF,69.99779
629.5739348370927,40.0,20.0,MOF,69.99819
630.2005012531329,40.0,20.0,MOF,69.998604
630.827067669173,40.0,20.0,MOF,69.99902
631.453634085213,40.0,20.0,MOF,69.999435
632.0802005012531,40.0,20.0,MOF,69.99873
632.7067669172932,40.0,20.0,MOF,69.99786
633.3333333333334,40.0,20.0,MOF,69.99701
633.9598997493734,40.0,20.0,MOF,69.996155
634.5864661654135,40.0,20.0,MOF,69.99529
635.2130325814536,40.0,20.0,MOF,69.9944
635.8395989974937,40.0,20.0,MOF,69.99185
636.4661654135339,40.0,20.0,MOF,69.9893
637.092731829574,40.0,20.0,MOF,69.986755
637.719298245614,40.0,20.0,MOF,69.98421
638.3458646616541,40.0,20.0,MOF,69.98165
638.9724310776942,40.0,20.0,MOF,69.97911
639.5989974937344,40.0,20.0,MOF,69.97656
640.2255639097745,40.0,20.0,MOF,69.97401
640.8521303258145,40.0,20.0,MOF,69.97146
641.4786967418546,40.0,20.0,MOF,69.96891
642.1052631578947,40.0,20.0,MOF,69.966354
642.7318295739349,40.0,20.0,MOF,69.963806
643.358395989975,40.0,20.0,MOF,69.96126
643.984962406015,40.0,20.0,MOF,69.95871
644.6115288220551,40.0,20.0,MOF,69.95616
645.2380952380952,40.0,20.0,MOF,69.95361
645.8646616541354,40.0,20.0,MOF,69.951065
646.4912280701755,40.0,20.0,MOF,69.94852
647.1177944862155,40.0,20.0,MOF,69.94596
647.7443609022556,40.0,20.0,MOF,69.94341
648.3709273182957,40.0,20.0,MOF,69.940865
648.9974937343359,40.0,20.0,MOF,69.9385
649.624060150376,40.0,20.0,MOF,69.936386
650.250626566416,40.0,20.0,MOF,69.93419
650.8771929824561,40.0,20.0,MOF,69.93198
651.5037593984962,40.0,20.0,MOF,69.92978
652.1303258145364,40.0,20.0,MOF,69.92758
652.7568922305765,40.0,20.0,MOF,69.92537
653.3834586466165,40.0,20.0,MOF,69.92317
654.0100250626566,40.0,20.0,MOF,69.92097
654.6365914786967,40.0,20.0,MOF,69.91878
655.2631578947369,40.0,20.0,MOF,69.916565
655.889724310777,40.0,20.0,MOF,69.91437
656.516290726817,40.0,20.0,MOF,69.91217
657.1428571428571,40.0,20.0,MOF,69.90996
657.7694235588972,40.0,20.0,MOF,69.90776
658.3959899749374,40.0,20.0,MOF,69.90556
659.0225563909775,40.0,20.0,MOF,69.903366
659.6491228070175,40.0,20.0,MOF,69.90116
660.2756892230576,40.0,20.0,MOF,69.89896
660.9022556390977,40.0,20.0,MOF,69.89675
661.5288220551379,40.0,20.0,MOF,69.894554
662.155388471178,40.0,20.0,MOF,69.89235
662.781954887218,40.0,20.0,MOF,69.89015
663.4085213032581,40.0,20.0,MOF,69.88728
664.0350877192982,40.0,20.0,MOF,69.8811
664.6616541353384,40.0,20.0,MOF,69.87492
665.2882205513785,40.0,20.0,MOF,69.86876
665.9147869674185,40.0,20.0,MOF,69.86257
666.5413533834586,40.0,20.0,MOF,69.8564
667.1679197994987,40.0,20.0,MOF,69.85023
667.7944862155389,40.0,20.0,MOF,69.84405
668.421052631579,40.0,20.0,MOF,69.83787
669.047619047619,40.0,20.0,MOF,69.831696
669.6741854636591,40.0,20.0,MOF,69.82552
670.3007518796992,40.0,20.0,MOF,69.81934
670.9273182957394,40.0,20.0,MOF,69.81317
671.5538847117795,40.0,20.0,MOF,69.807
672.1804511278195,40.0,20.0,MOF,69.80082
672.8070175438596,40.0,20.0,MOF,69.79465
673.4335839598998,40.0,20.0,MOF,69.78847
674.0601503759399,40.0,20.0,MOF,69.782295
674.68671679198,40.0,20.0,MOF,69.77612
675.31328320802,40.0,20.0,MOF,69.76994
675.9398496240601,40.0,20.0,MOF,69.76376
676.5664160401002,40.0,20.0,MOF,69.7576
677.1929824561404,40.0,20.0,MOF,69.75141
677.8195488721805,40.0,20.0,MOF,69.74524
678.4461152882205,40.0,20.0,MOF,69.739075
679.0726817042606,40.0,20.0,MOF,69.732895
679.6992481203008,40.0,20.0,MOF,69.72672
680.3258145363409,40.0,20.0,MOF,69.720535
680.952380952381,40.0,20.0,MOF,69.714355
681.578947368421,40.0,20.0,MOF,69.70819
682.2055137844611,40.0,20.0,MOF,69.70203
682.8320802005012,40.0,20.0,MOF,69.69583
683.4586466165414,40.0,20.0,MOF,69.68967
684.0852130325815,40.0,20.0,MOF,69.68349
684.7117794486215,40.0,20.0,MOF,69.67732
685.3383458646616,40.0,20.0,MOF,69.67114
685.9649122807018,40.0,20.0,MOF,69.66496
686.5914786967419,40.0,20.0,MOF,69.65879
687.218045112782,40.0,20.0,MOF,69.65261
687.844611528822,40.0,20.0,MOF,69.64644
688.4711779448621,40.0,20.0,MOF,69.64027
689.0977443609022,40.0,20.0,MOF,69.63408
689.7243107769424,40.0,20.0,MOF,69.627914
690.3508771929825,40.0,20.0,MOF,69.621735
690.9774436090225,40.0,20.0,MOF,69.61556
691.6040100250626,40.0,20.0,MOF,69.60919
692.2305764411028,40.0,20.0,MOF,69.6028
692.8571428571429,40.0,20.0,MOF,69.59642
693.483709273183,40.0,20.0,MOF,69.59004
694.110275689223,40.0,20.0,MOF,69.583664
694.7368421052631,40.0,20.0,MOF,69.57727
695.3634085213032,40.0,20.0,MOF,69.57034
695.9899749373434,40.0,20.0,MOF,69.56293
696.6165413533835,40.0,20.0,MOF,69.5555
697.2431077694235,40.0,20.0,MOF,69.548065
697.8696741854636,40.0,20.0,MOF,69.54065
698.4962406015038,40.0,20.0,MOF,69.53322
699.1228070175439,40.0,20.0,MOF,69.52579
699.749373433584,40.0,20.0,MOF,69.518364
700.375939849624,40.0,20.0,MOF,69.51093
701.0025062656641,40.0,20.0,MOF,69.50351
701.6290726817042,40.0,20.0,MOF,69.49608
702.2556390977444,40.0,20.0,MOF,69.48865
702.8822055137845,40.0,20.0,MOF,69.48123
703.5087719298245,40.0,20.0,MOF,69.4738
704.1353383458646,40.0,20.0,MOF,69.46637
704.7619047619048,40.0,20.0,MOF,69.458954
705.3884711779449,40.0,20.0,MOF,69.45152
706.015037593985,40.0,20.0,MOF,69.44409
706.641604010025,40.0,20.0,MOF,69.43666
707.2681704260651,40.0,20.0,MOF,69.42924
707.8947368421052,40.0,20.0,MOF,69.421814
708.5213032581454,40.0,20.0,MOF,69.41436
709.1478696741855,40.0,20.0,MOF,69.404724
709.7744360902255,40.0,20.0,MOF,69.395096
710.4010025062656,40.0,20.0,MOF,69.38545
711.0275689223058,40.0,20.0,MOF,69.37581
711.6541353383459,40.0,20.0,MOF,69.36618
712.280701754386,40.0,20.0,MOF,69.35655
712.907268170426,40.0,20.0,MOF,69.34692
713.5338345864661,40.0,20.0,MOF,69.33728
714.1604010025062,40.0,20.0,MOF,69.32765
714.7869674185464,40.0,20.0,MOF,69.31801
715.4135338345865,40.0,20.0,MOF,69.30838
716.0401002506266,40.0,20.0,MOF,69.29875
716.6666666666666,40.0,20.0,MOF,69.28911
717.2932330827068,40.0,20.0,MOF,69.27947
717.9197994987469,40.0,20.0,MOF,69.26984
718.546365914787,40.0,20.0,MOF,69.2602
719.172932330827,40.0,20.0,MOF,69.250565
719.7994987468671,40.0,20.0,MOF,69.24093
720.4260651629072,40.0,20.0,MOF,69.2313
721.0526315789474,40.0,20.0,MOF,69.221664
721.6791979949875,40.0,20.0,MOF,69.212036
722.3057644110276,40.0,20.0,MOF,69.20239
722.9323308270676,40.0,20.0,MOF,69.19273
723.5588972431078,40.0,20.0,MOF,69.18429
724.1854636591479,40.0,20.0,MOF,69.176575
724.812030075188,40.0,20.0,MOF,69.16885
725.438596491228,40.0,20.0,MOF,69.16113
726.0651629072681,40.0,20.0,MOF,69.15342
726.6917293233082,40.0,20.0,MOF,69.145706
727.3182957393484,40.0,20.0,MOF,69.13799
727.9448621553885,40.0,20.0,MOF,69.13028
728.5714285714286,40.0,20.0,MOF,69.12256
729.1979949874686,40.0,20.0,MOF,69.11484
729.8245614035088,40.0,20.0,MOF,69.107124
730.4511278195489,40.0,20.0,MOF,69.09941
731.077694235589,40.0,20.0,MOF,69.0917
731.704260651629,40.0,20.0,MOF,69.08398
732.3308270676691,40.0,20.0,MOF,69.07626
732.9573934837092,40.0,20.0,MOF,69.06854
733.5839598997494,40.0,20.0,MOF,69.06083
734.2105263157895,40.0,20.0,MOF,69.05312
734.8370927318296,40.0,20.0,MOF,69.04541
735.4636591478696,40.0,20.0,MOF,69.03768
736.0902255639098,40.0,20.0,MOF,69.02997
736.7167919799499,40.0,20.0,MOF,69.02225
737.34335839599,40.0,20.0,MOF,69.01454
737.9699248120301,40.0,20.0,MOF,69.00682
738.5964912280701,40.0,20.0,MOF,68.9991
739.2230576441102,40.0,20.0,MOF,68.99139
739.8496240601504,40.0,20.0,MOF,68.98367
740.4761904761905,40.0,20.0,MOF,68.97595
741.1027568922306,40.0,20.0,MOF,68.96824
741.7293233082706,40.0,20.0,MOF,68.960526
742.3558897243108,40.0,20.0,MOF,68.952805
742.9824561403509,40.0,20.0,MOF,68.94509
743.609022556391,40.0,20.0,MOF,68.9394
744.2355889724311,40.0,20.0,MOF,68.93393
744.8621553884711,40.0,20.0,MOF,68.928474
745.4887218045112,40.0,20.0,MOF,68.923004
746.1152882205514,40.0,20.0,MOF,68.91754
746.7418546365915,40.0,20.0,MOF,68.91209
747.3684210526316,40.0,20.0,MOF,68.90663
747.9949874686716,40.0,20.0,MOF,68.90117
748.6215538847118,40.0,20.0,MOF,68.895706
749.2481203007519,40.0,20.0,MOF,68.89024
749.874686716792,40.0,20.0,MOF,68.88477
750.5012531328321,40.0,20.0,MOF,68.87932
751.1278195488721,40.0,20.0,MOF,68.873856
751.7543859649122,40.0,20.0,MOF,68.86839
752.3809523809524,40.0,20.0,MOF,68.86293
753.0075187969925,40.0,20.0,MOF,68.85747
753.6340852130326,40.0,20.0,MOF,68.852005
754.2606516290726,40.0,20.0,MOF,68.84654
754.8872180451128,40.0,20.0,MOF,68.84109
755.5137844611529,40.0,20.0,MOF,68.83562
756.140350877193,40.0,20.0,MOF,68.830154
756.7669172932331,40.0,20.0,MOF,68.82469
757.3934837092731,40.0,20.0,MOF,68.81924
758.0200501253132,40.0,20.0,MOF,68.81377
758.6466165413534,40.0,20.0,MOF,68.80831
759.2731829573935,40.0,20.0,MOF,68.80285
759.8997493734336,40.0,20.0,MOF,68.79739
760.5263157894736,40.0,20.0,MOF,68.79193
761.1528822055138,40.0,20.0,MOF,68.78646
761.7794486215539,40.0,20.0,MOF,68.781006
762.406015037594,40.0,20.0,MOF,68.77554
763.0325814536341,40.0,20.0,MOF,68.77025
763.6591478696741,40.0,20.0,MOF,68.76651
764.2857142857142,40.0,20.0,MOF,68.76278
764.9122807017544,40.0,20.0,MOF,68.75904
765.5388471177945,40.0,20.0,MOF,68.75532
766.1654135338346,40.0,20.0,MOF,68.75158
766.7919799498746,40.0,20.0,MOF,68.74785
767.4185463659148,40.0,20.0,MOF,68.74411
768.0451127819549,40.0,20.0,MOF,68.74038
768.671679197995,40.0,20.0,MOF,68.73665
769.2982456140351,40.0,20.0,MOF,68.73291
769.9248120300751,40.0,20.0,MOF,68.72917
770.5513784461152,40.0,20.0,MOF,68.72544
771.1779448621554,40.0,20.0,MOF,68.7217
771.8045112781955,40.0,20.0,MOF,68.71797
772.4310776942356,40.0,20.0,MOF,68.71425
773.0576441102756,40.0,20.0,MOF,68.711945
773.6842105263158,40.0,20.0,MOF,68.71083
774.3107769423559,40.0,20.0,MOF,68.709724
774.937343358396,40.0,20.0,MOF,68.70861
775.5639097744361,40.0,20.0,MOF,68.707504
776.1904761904761,40.0,20.0,MOF,68.70639
776.8170426065162,40.0,20.0,MOF,68.70528
777.4436090225564,40.0,20.0,MOF,68.70417
778.0701754385965,40.0,20.0,MOF,68.703064
778.6967418546366,40.0,20.0,MOF,68.70195
779.3233082706766,40.0,20.0,MOF,68.700836
779.9498746867168,40.0,20.0,MOF,68.69972
780.5764411027569,40.0,20.0,MOF,68.698616
781.203007518797,40.0,20.0,MOF,68.69751
781.8295739348371,40.0,20.0,MOF,68.696396
782.4561403508771,40.0,20.0,MOF,68.69528
783.0827067669172,40.0,20.0,MOF,68.694176
783.7092731829574,40.0,20.0,MOF,68.69307
784.3358395989975,40.0,20.0,MOF,68.69195
784.9624060150376,40.0,20.0,MOF,68.69084
785.5889724310777,40.0,20.0,MOF,68.68973
786.2155388471178,40.0,20.0,MOF,68.688614
786.8421052631579,40.0,20.0,MOF,68.68751
787.468671679198,40.0,20.0,MOF,68.68641
788.0952380952381,40.0,20.0,MOF,68.68529
788.7218045112782,40.0,20.0,MOF,68.68418
789.3483709273182,40.0,20.0,MOF,68.683075
789.9749373433584,40.0,20.0,MOF,68.68195
790.6015037593985,40.0,20.0,MOF,68.680855
791.2280701754386,40.0,20.0,MOF,68.67974
791.8546365914787,40.0,20.0,MOF,68.67862
792.4812030075188,40.0,20.0,MOF,68.67752
793.1077694235589,40.0,20.0,MOF,68.67641
793.734335839599,40.0,20.0,MOF,68.67529
794.3609022556391,40.0,20.0,MOF,68.674194
794.9874686716792,40.0,20.0,MOF,68.67308
795.6140350877192,40.0,20.0,MOF,68.67197
796.2406015037594,40.0,20.0,MOF,68.67085
796.8671679197995,40.0,20.0,MOF,68.66974
797.4937343358396,40.0,20.0,MOF,68.66863
798.1203007518797,40.0,20.0,MOF,68.66752
798.7468671679198,40.0,20.0,MOF,68.666916
799.3734335839599,40.0,20.0,MOF,68.66683
800.0,40.0,20.0,MOF,68.66675
550.0,50.0,20.0,MOF,74.11974
550.6265664160401,50.0,20.0,MOF,74.12155
551.2531328320802,50.0,20.0,MOF,74.12335
551.8796992481203,50.0,20.0,MOF,74.12515
552.5062656641604,50.0,20.0,MOF,74.12695
553.1328320802005,50.0,20.0,MOF,74.12876
553.7593984962406,50.0,20.0,MOF,74.13056
554.3859649122807,50.0,20.0,MOF,74.13236
555.0125313283208,50.0,20.0,MOF,74.13431
555.6390977443609,50.0,20.0,MOF,74.13727
556.265664160401,50.0,20.0,MOF,74.14021
556.8922305764411,50.0,20.0,MOF,74.14317
557.5187969924812,50.0,20.0,MOF,74.14613
558.1453634085213,50.0,20.0,MOF,74.14908
558.7719298245614,50.0,20.0,MOF,74.15202
559.3984962406015,50.0,20.0,MOF,74.15498
560.0250626566416,50.0,20.0,MOF,74.15793
560.6516290726817,50.0,20.0,MOF,74.16088
561.2781954887218,50.0,20.0,MOF,74.16383
561.9047619047619,50.0,20.0,MOF,74.166756
562.531328320802,50.0,20.0,MOF,74.16578
563.1578947368421,50.0,20.0,MOF,74.16481
563.7844611528822,50.0,20.0,MOF,74.16423
564.4110275689223,50.0,20.0,MOF,74.1653
565.0375939849624,50.0,20.0,MOF,74.166374
565.6641604010025,50.0,20.0,MOF,74.16744
566.2907268170426,50.0,20.0,MOF,74.16852
566.9172932330827,50.0,20.0,MOF,74.169586
567.5438596491229,50.0,20.0,MOF,74.170654
568.1704260651629,50.0,20.0,MOF,74.17173
568.796992481203,50.0,20.0,MOF,74.172806
569.4235588972431,50.0,20.0,MOF,74.173874
570.0501253132832,50.0,20.0,MOF,74.17495
570.6766917293234,50.0,20.0,MOF,74.17602
571.3032581453634,50.0,20.0,MOF,74.1771
571.9298245614035,50.0,20.0,MOF,74.17818
572.5563909774436,50.0,20.0,MOF,74.17923
573.1829573934837,50.0,20.0,MOF,74.180305
573.8095238095239,50.0,20.0,MOF,74.18138
574.4360902255639,50.0,20.0,MOF,74.182465
575.062656641604,50.0,20.0,MOF,74.18353
575.6892230576441,50.0,20.0,MOF,74.1846
576.3157894736842,50.0,20.0,MOF,74.18567
576.9423558897244,50.0,20.0,MOF,74.18674
577.5689223057644,50.0,20.0,MOF,74.18782
578.1954887218045,50.0,20.0,MOF,74.18887
578.8220551378446,50.0,20.0,MOF,74.18996
579.4486215538847,50.0,20.0,MOF,74.191025
580.0751879699249,50.0,20.0,MOF,74.19211
580.7017543859649,50.0,20.0,MOF,74.19318
581.328320802005,50.0,20.0,MOF,74.194244
581.9548872180451,50.0,20.0,MOF,74.19531
582.5814536340852,50.0,20.0,MOF,74.196396
583.2080200501254,50.0,20.0,MOF,74.197464
583.8345864661654,50.0,20.0,MOF,74.19853
584.4611528822055,50.0,20.0,MOF,74.1996
585.0877192982456,50.0,20.0,MOF,74.200676
585.7142857142857,50.0,20.0,MOF,74.20175
586.3408521303259,50.0,20.0,MOF,74.20283
586.9674185463659,50.0,20.0,MOF,74.203896
587.593984962406,50.0,20.0,MOF,74.20496
588.2205513784461,50.0,20.0,MOF,74.20604
588.8471177944862,50.0,20.0,MOF,74.207115
589.4736842105264,50.0,20.0,MOF,74.20818
590.1002506265664,50.0,20.0,MOF,74.20925
590.7268170426065,50.0,20.0,MOF,74.21033
591.3533834586466,50.0,20.0,MOF,74.211395
591.9799498746867,50.0,20.0,MOF,74.21246
592.6065162907269,50.0,20.0,MOF,74.21355
593.2330827067669,50.0,20.0,MOF,74.214615
593.859649122807,50.0,20.0,MOF,74.21569
594.4862155388471,50.0,20.0,MOF,74.21676
595.1127819548872,50.0,20.0,MOF,74.217834
595.7393483709274,50.0,20.0,MOF,74.2189
596.3659147869674,50.0,20.0,MOF,74.21997
596.9924812030075,50.0,20.0,MOF,74.221054
597.6190476190476,50.0,20.0,MOF,74.22212
598.2456140350877,50.0,20.0,MOF,74.22319
598.8721804511279,50.0,20.0,MOF,74.224266
599.4987468671679,50.0,20.0,MOF,74.22533
600.125313283208,50.0,20.0,MOF,74.22641
600.7518796992481,50.0,20.0,MOF,74.22748
601.3784461152882,50.0,20.0,MOF,74.22855
602.0050125313284,50.0,20.0,MOF,74.22963
602.6315789473684,50.0,20.0,MOF,74.2307
603.2581453634085,50.0,20.0,MOF,74.231766
603.8847117794486,50.0,20.0,MOF,74.232834
604.5112781954887,50.0,20.0,MOF,74.23392
605.1378446115289,50.0,20.0,MOF,74.23498
605.7644110275689,50.0,20.0,MOF,74.23605
606.390977443609,50.0,20.0,MOF,74.23713
607.0175438596491,50.0,20.0,MOF,74.23794
607.6441102756892,50.0,20.0,MOF,74.23816
608.2706766917294,50.0,20.0,MOF,74.23839
608.8972431077694,50.0,20.0,MOF,74.23861
609.5238095238095,50.0,20.0,MOF,74.23884
610.1503759398496,50.0,20.0,MOF,74.23906
610.7769423558897,50.0,20.0,MOF,74.23929
611.4035087719299,50.0,20.0,MOF,74.23951
612.0300751879699,50.0,20.0,MOF,74.23973
612.65664160401,50.0,20.0,MOF,74.23995
613.2832080200501,50.0,20.0,MOF,74.24018
613.9097744360902,50.0,20.0,MOF,74.2404
614.5363408521304,50.0,20.0,MOF,74.24062
615.1629072681704,50.0,20.0,MOF,74.240845
615.7894736842105,50.0,20.0,MOF,74.24107
616.4160401002506,50.0,20.0,MOF,74.24179
617.0426065162907,50.0,20.0,MOF,74.243286
617.6691729323309,50.0,20.0,MOF,74.24478
618.295739348371,50.0,20.0,MOF,74.24627
618.922305764411,50.0,20.0,MOF,74.247765
619.5488721804511,50.0,20.0,MOF,74.24888
620.1754385964912,50.0,20.0,MOF,74.24933
620.8020050125314,50.0,20.0,MOF,74.24978
621.4285714285714,50.0,20.0,MOF,74.25023
622.0551378446115,50.0,20.0,MOF,74.25069
622.6817042606516,50.0,20.0,MOF,74.25114
623.3082706766917,50.0,20.0,MOF,74.251595
623.9348370927319,50.0,20.0,MOF,74.252045
624.561403508772,50.0,20.0,MOF,74.2525
625.187969924812,50.0,20.0,MOF,74.252945
625.8145363408521,50.0,20.0,MOF,74.2534
626.4411027568922,50.0,20.0,MOF,74.25385
627.0676691729324,50.0,20.0,MOF,74.2543
627.6942355889724,50.0,20.0,MOF,74.25476
628.3208020050125,50.0,20.0,MOF,74.25521
628.9473684210526,50.0,20.0,MOF,74.25567
629.5739348370927,50.0,20.0,MOF,74.25611
630.2005012531329,50.0,20.0,MOF,74.25657
630.827067669173,50.0,20.0,MOF,74.25702
631.453634085213,50.0,20.0,MOF,74.25747
632.0802005012531,50.0,20.0,MOF,74.25792
632.7067669172932,50.0,20.0,MOF,74.25496
633.3333333333334,50.0,20.0,MOF,74.25144
633.9598997493734,50.0,20.0,MOF,74.24792
634.5864661654135,50.0,20.0,MOF,74.24439
635.2130325814536,50.0,20.0,MOF,74.240875
635.8395989974937,50.0,20.0,MOF,74.23736
636.4661654135339,50.0,20.0,MOF,74.233826
637.092731829574,50.0,20.0,MOF,74.230316
637.719298245614,50.0,20.0,MOF,74.22679
638.3458646616541,50.0,20.0,MOF,74.22327
638.9724310776942,50.0,20.0,MOF,74.21974
639.5989974937344,50.0,20.0,MOF,74.21623
640.2255639097745,50.0,20.0,MOF,74.21225
640.8521303258145,50.0,20.0,MOF,74.20752
641.4786967418546,50.0,20.0,MOF,74.20279
642.1052631578947,50.0,20.0,MOF,74.19806
642.7318295739349,50.0,20.0,MOF,74.19228
643.358395989975,50.0,20.0,MOF,74.18629
643.984962406015,50.0,20.0,MOF,74.18028
644.6115288220551,50.0,20.0,MOF,74.174286
645.2380952380952,50.0,20.0,MOF,74.168274
645.8646616541354,50.0,20.0,MOF,74.16228
646.4912280701755,50.0,20.0,MOF,74.15628
647.1177944862155,50.0,20.0,MOF,74.15027
647.7443609022556,50.0,20.0,MOF,74.14427
648.3709273182957,50.0,20.0,MOF,74.137985
648.9974937343359,50.0,20.0,MOF,74.131256
649.624060150376,50.0,20.0,MOF,74.12453
650.250626566416,50.0,20.0,MOF,74.11781
650.8771929824561,50.0,20.0,MOF,74.111084
651.5037593984962,50.0,20.0,MOF,74.10437
652.1303258145364,50.0,20.0,MOF,74.09764
652.7568922305765,50.0,20.0,MOF,74.09093
653.3834586466165,50.0,20.0,MOF,74.0842
654.0100250626566,50.0,20.0,MOF,74.077484
654.6365914786967,50.0,20.0,MOF,74.070755
655.2631578947369,50.0,20.0,MOF,74.06403
655.889724310777,50.0,20.0,MOF,74.05731
656.516290726817,50.0,20.0,MOF,74.05059
657.1428571428571,50.0,20.0,MOF,74.04387
657.7694235588972,50.0,20.0,MOF,74.03715
658.3959899749374,50.0,20.0,MOF,74.03042
659.0225563909775,50.0,20.0,MOF,74.0237
659.6491228070175,50.0,20.0,MOF,74.01698
660.2756892230576,50.0,20.0,MOF,74.010254
660.9022556390977,50.0,20.0,MOF,74.00353
661.5288220551379,50.0,20.0,MOF,73.99681
662.155388471178,50.0,20.0,MOF,73.99008
662.781954887218,50.0,20.0,MOF,73.98337
663.4085213032581,50.0,20.0,MOF,73.97665
664.0350877192982,50.0,20.0,MOF,73.96992
664.6616541353384,50.0,20.0,MOF,73.963196
665.2882205513785,50.0,20.0,MOF,73.956474
665.9147869674185,50.0,20.0,MOF,73.94975
666.5413533834586,50.0,20.0,MOF,73.94302
667.1679197994987,50.0,20.0,MOF,73.93632
667.7944862155389,50.0,20.0,MOF,73.930176
668.421052631579,50.0,20.0,MOF,73.92465
669.047619047619,50.0,20.0,MOF,73.91913
669.6741854636591,50.0,20.0,MOF,73.913605
670.3007518796992,50.0,20.0,MOF,73.90807
670.9273182957394,50.0,20.0,MOF,73.90255
671.5538847117795,50.0,20.0,MOF,73.89758
672.1804511278195,50.0,20.0,MOF,73.89338
672.8070175438596,50.0,20.0,MOF,73.887665
673.4335839598998,50.0,20.0,MOF,73.88194
674.0601503759399,50.0,20.0,MOF,73.876205
674.68671679198,50.0,20.0,MOF,73.870476
675.31328320802,50.0,20.0,MOF,73.86476
675.9398496240601,50.0,20.0,MOF,73.85903
676.5664160401002,50.0,20.0,MOF,73.85331
677.1929824561404,50.0,20.0,MOF,73.84759
677.8195488721805,50.0,20.0,MOF,73.84188
678.4461152882205,50.0,20.0,MOF,73.836136
679.0726817042606,50.0,20.0,MOF,73.830414
679.6992481203008,50.0,20.0,MOF,73.82469
680.3258145363409,50.0,20.0,MOF,73.81897
680.952380952381,50.0,20.0,MOF,73.81325
681.578947368421,50.0,20.0,MOF,73.80751
682.2055137844611,50.0,20.0,MOF,73.801796
682.8320802005012,50.0,20.0,MOF,73.796074
683.4586466165414,50.0,20.0,MOF,73.790344
684.0852130325815,50.0,20.0,MOF,73.78462
684.7117794486215,50.0,20.0,MOF,73.7789
685.3383458646616,50.0,20.0,MOF,73.77317
685.9649122807018,50.0,20.0,MOF,73.767456
686.5914786967419,50.0,20.0,MOF,73.761734
687.218045112782,50.0,20.0,MOF,73.75601
687.844611528822,50.0,20.0,MOF,73.75028
688.4711779448621,50.0,20.0,MOF,73.74455
689.0977443609022,50.0,20.0,MOF,73.73883
689.7243107769424,50.0,20.0,MOF,73.733116
690.3508771929825,50.0,20.0,MOF,73.72739
690.9774436090225,50.0,20.0,MOF,73.721664
691.6040100250626,50.0,20.0,MOF,73.71594
692.2305764411028,50.0,20.0,MOF,73.71021
692.8571428571429,50.0,20.0,MOF,73.7045
693.483709273183,50.0,20.0,MOF,73.69877
694.110275689223,50.0,20.0,MOF,73.69304
694.7368421052631,50.0,20.0,MOF,73.68732
695.3634085213032,50.0,20.0,MOF,73.681595
695.9899749373434,50.0,20.0,MOF,73.67587
696.6165413533835,50.0,20.0,MOF,73.67015
697.2431077694235,50.0,20.0,MOF,73.66443
697.8696741854636,50.0,20.0,MOF,73.6587
698.4962406015038,50.0,20.0,MOF,73.65297
699.1228070175439,50.0,20.0,MOF,73.64593
699.749373433584,50.0,20.0,MOF,73.638504
700.375939849624,50.0,20.0,MOF,73.63109
701.0025062656641,50.0,20.0,MOF,73.62367
701.6290726817042,50.0,20.0,MOF,73.6163
702.2556390977444,50.0,20.0,MOF,73.60983
702.8822055137845,50.0,20.0,MOF,73.60336
703.5087719298245,50.0,20.0,MOF,73.59689
704.1353383458646,50.0,20.0,MOF,73.59042
704.7619047619048,50.0,20.0,MOF,73.58394
705.3884711779449,50.0,20.0,MOF,73.57747
706.015037593985,50.0,20.0,MOF,73.571
706.641604010025,50.0,20.0,MOF,73.56453
707.2681704260651,50.0,20.0,MOF,73.55805
707.8947368421052,50.0,20.0,MOF,73.55158
708.5213032581454,50.0,20.0,MOF,73.545105
709.1478696741855,50.0,20.0,MOF,73.53864
709.7744360902255,50.0,20.0,MOF,73.532166
710.4010025062656,50.0,20.0,MOF,73.525696
711.0275689223058,50.0,20.0,MOF,73.519226
711.6541353383459,50.0,20.0,MOF,73.51275
712.280701754386,50.0,20.0,MOF,73.50627
712.907268170426,50.0,20.0,MOF,73.4998
713.5338345864661,50.0,20.0,MOF,73.49333
714.1604010025062,50.0,20.0,MOF,73.48685
714.7869674185464,50.0,20.0,MOF,73.48175
715.4135338345865,50.0,20.0,MOF,73.47753
716.0401002506266,50.0,20.0,MOF,73.47331
716.6666666666666,50.0,20.0,MOF,73.4691
717.2932330827068,50.0,20.0,MOF,73.464874
717.9197994987469,50.0,20.0,MOF,73.46066
718.546365914787,50.0,20.0,MOF,73.45645
719.172932330827,50.0,20.0,MOF,73.452225
719.7994987468671,50.0,20.0,MOF,73.448006
720.4260651629072,50.0,20.0,MOF,73.44379
721.0526315789474,50.0,20.0,MOF,73.43956
721.6791979949875,50.0,20.0,MOF,73.43535
722.3057644110276,50.0,20.0,MOF,73.43113
722.9323308270676,50.0,20.0,MOF,73.42691
723.5588972431078,50.0,20.0,MOF,73.42269
724.1854636591479,50.0,20.0,MOF,73.41847
724.812030075188,50.0,20.0,MOF,73.41425
725.438596491228,50.0,20.0,MOF,73.41004
726.0651629072681,50.0,20.0,MOF,73.40582
726.6917293233082,50.0,20.0,MOF,73.40161
727.3182957393484,50.0,20.0,MOF,73.397385
727.9448621553885,50.0,20.0,MOF,73.39316
728.5714285714286,50.0,20.0,MOF,73.38895
729.1979949874686,50.0,20.0,MOF,73.38473
729.8245614035088,50.0,20.0,MOF,73.38051
730.4511278195489,50.0,20.0,MOF,73.37629
731.077694235589,50.0,20.0,MOF,73.37207
731.704260651629,50.0,20.0,MOF,73.36786
732.3308270676691,50.0,20.0,MOF,73.36363
732.9573934837092,50.0,20.0,MOF,73.35942
733.5839598997494,50.0,20.0,MOF,73.355194
734.2105263157895,50.0,20.0,MOF,73.35098
734.8370927318296,50.0,20.0,MOF,73.346756
735.4636591478696,50.0,20.0,MOF,73.342545
736.0902255639098,50.0,20.0,MOF,73.338684
736.7167919799499,50.0,20.0,MOF,73.335495
737.34335839599,50.0,20.0,MOF,73.33231
737.9699248120301,50.0,20.0,MOF,73.329124
738.5964912280701,50.0,20.0,MOF,73.32593
739.2230576441102,50.0,20.0,MOF,73.32274
739.8496240601504,50.0,20.0,MOF,73.31955
740.4761904761905,50.0,20.0,MOF,73.31635
741.1027568922306,50.0,20.0,MOF,73.31318
741.7293233082706,50.0,20.0,MOF,73.30998
742.3558897243108,50.0,20.0,MOF,73.3067
742.9824561403509,50.0,20.0,MOF,73.3033
743.609022556391,50.0,20.0,MOF,73.29991
744.2355889724311,50.0,20.0,MOF,73.2965
744.8621553884711,50.0,20.0,MOF,73.293106
745.4887218045112,50.0,20.0,MOF,73.2897
746.1152882205514,50.0,20.0,MOF,73.2863
746.7418546365915,50.0,20.0,MOF,73.2829
747.3684210526316,50.0,20.0,MOF,73.279495
747.9949874686716,50.0,20.0,MOF,73.27611
748.6215538847118,50.0,20.0,MOF,73.2727
749.2481203007519,50.0,20.0,MOF,73.2693
749.874686716792,50.0,20.0,MOF,73.2659
750.5012531328321,50.0,20.0,MOF,73.2625
751.1278195488721,50.0,20.0,MOF,73.2591
751.7543859649122,50.0,20.0,MOF,73.25569
752.3809523809524,50.0,20.0,MOF,73.252304
753.0075187969925,50.0,20.0,MOF,73.2489
753.6340852130326,50.0,20.0,MOF,73.2455
754.2606516290726,50.0,20.0,MOF,73.242096
754.8872180451128,50.0,20.0,MOF,73.23871
755.5137844611529,50.0,20.0,MOF,73.2353
756.140350877193,50.0,20.0,MOF,73.2319
756.7669172932331,50.0,20.0,MOF,73.2285
757.3934837092731,50.0,20.0,MOF,73.225105
758.0200501253132,50.0,20.0,MOF,73.221695
758.6466165413534,50.0,20.0,MOF,73.2183
759.2731829573935,50.0,20.0,MOF,73.21721
759.8997493734336,50.0,20.0,MOF,73.21644
760.5263157894736,50.0,20.0,MOF,73.21566
761.1528822055138,50.0,20.0,MOF,73.21489
761.7794486215539,50.0,20.0,MOF,73.2141
762.406015037594,50.0,20.0,MOF,73.21333
763.0325814536341,50.0,20.0,MOF,73.212555
763.6591478696741,50.0,20.0,MOF,73.21178
764.2857142857142,50.0,20.0,MOF,73.211
764.9122807017544,50.0,20.0,MOF,73.21022
765.5388471177945,50.0,20.0,MOF,73.20942
766.1654135338346,50.0,20.0,MOF,73.20856
766.7919799498746,50.0,20.0,MOF,73.20769
767.4185463659148,50.0,20.0,MOF,73.20682
768.0451127819549,50.0,20.0,MOF,73.20595
768.671679197995,50.0,20.0,MOF,73.20508
769.2982456140351,50.0,20.0,MOF,73.20421
769.9248120300751,50.0,20.0,MOF,73.203354
770.5513784461152,50.0,20.0,MOF,73.202484
771.1779448621554,50.0,20.0,MOF,73.201614
771.8045112781955,50.0,20.0,MOF,73.200745
772.4310776942356,50.0,20.0,MOF,73.19988
773.0576441102756,50.0,20.0,MOF,73.199005
773.6842105263158,50.0,20.0,MOF,73.19814
774.3107769423559,50.0,20.0,MOF,73.19727
774.937343358396,50.0,20.0,MOF,73.19641
775.5639097744361,50.0,20.0,MOF,73.19554
776.1904761904761,50.0,20.0,MOF,73.19468
776.8170426065162,50.0,20.0,MOF,73.1938
777.4436090225564,50.0,20.0,MOF,73.19295
778.0701754385965,50.0,20.0,MOF,73.19208
778.6967418546366,50.0,20.0,MOF,73.19121
779.3233082706766,50.0,20.0,MOF,73.19034
779.9498746867168,50.0,20.0,MOF,73.18947
780.5764411027569,50.0,20.0,MOF,73.1886
781.203007518797,50.0,20.0,MOF,73.18773
781.8295739348371,50.0,20.0,MOF,73.18686
782.4561403508771,50.0,20.0,MOF,73.186005
783.0827067669172,50.0,20.0,MOF,73.18619
783.7092731829574,50.0,20.0,MOF,73.18703
784.3358395989975,50.0,20.0,MOF,73.18787
784.9624060150376,50.0,20.0,MOF,73.1887
785.5889724310777,50.0,20.0,MOF,73.18954
786.2155388471178,50.0,20.0,MOF,73.19037
786.8421052631579,50.0,20.0,MOF,73.1912
787.468671679198,50.0,20.0,MOF,73.19205
788.0952380952381,50.0,20.0,MOF,73.19287
788.7218045112782,50.0,20.0,MOF,73.19371
789.3483709273182,50.0,20.0,MOF,73.19455
789.9749373433584,50.0,20.0,MOF,73.19538
790.6015037593985,50.0,20.0,MOF,73.19623
791.2280701754386,50.0,20.0,MOF,73.19706
791.8546365914787,50.0,20.0,MOF,73.19789
792.4812030075188,50.0,20.0,MOF,73.19872
793.1077694235589,50.0,20.0,MOF,73.19957
793.734335839599,50.0,20.0,MOF,73.20041
794.3609022556391,50.0,20.0,MOF,73.20124
794.9874686716792,50.0,20.0,MOF,73.20207
795.6140350877192,50.0,20.0,MOF,73.20291
796.2406015037594,50.0,20.0,MOF,73.20374
796.8671679197995,50.0,20.0,MOF,73.20458
797.4937343358396,50.0,20.0,MOF,73.20542
798.1203007518797,50.0,20.0,MOF,73.20625
798.7468671679198,50.0,20.0,MOF,73.20709
799.3734335839599,50.0,20.0,MOF,73.207924
800.0,50.0,20.0,MOF,73.20876
550.0,60.0,20.0,MOF,78.507904
550.6265664160401,60.0,20.0,MOF,78.507454
551.2531328320802,60.0,20.0,MOF,78.50699
551.8796992481203,60.0,20.0,MOF,78.50653
552.5062656641604,60.0,20.0,MOF,78.50607
553.1328320802005,60.0,20.0,MOF,78.50562
553.7593984962406,60.0,20.0,MOF,78.505165
554.3859649122807,60.0,20.0,MOF,78.50471
555.0125313283208,60.0,20.0,MOF,78.50424
555.6390977443609,60.0,20.0,MOF,78.5038
556.265664160401,60.0,20.0,MOF,78.50333
556.8922305764411,60.0,20.0,MOF,78.502884
557.5187969924812,60.0,20.0,MOF,78.50241
558.1453634085213,60.0,20.0,MOF,78.50196
558.7719298245614,60.0,20.0,MOF,78.5015
559.3984962406015,60.0,20.0,MOF,78.501045
560.0250626566416,60.0,20.0,MOF,78.50058
560.6516290726817,60.0,20.0,MOF,78.50012
561.2781954887218,60.0,20.0,MOF,78.499664
561.9047619047619,60.0,20.0,MOF,78.49921
562.531328320802,60.0,20.0,MOF,78.498764
563.1578947368421,60.0,20.0,MOF,78.4983
563.7844611528822,60.0,20.0,MOF,78.49784
564.4110275689223,60.0,20.0,MOF,78.49738
565.0375939849624,60.0,20.0,MOF,78.49632
565.6641604010025,60.0,20.0,MOF,78.49501
566.2907268170426,60.0,20.0,MOF,78.493706
566.9172932330827,60.0,20.0,MOF,78.4924
567.5438596491229,60.0,20.0,MOF,78.491104
568.1704260651629,60.0,20.0,MOF,78.48979
568.796992481203,60.0,20.0,MOF,78.48849
569.4235588972431,60.0,20.0,MOF,78.48718
570.0501253132832,60.0,20.0,MOF,78.48587
570.6766917293234,60.0,20.0,MOF,78.484566
571.3032581453634,60.0,20.0,MOF,78.48326
571.9298245614035,60.0,20.0,MOF,78.48196
572.5563909774436,60.0,20.0,MOF,78.480644
573.1829573934837,60.0,20.0,MOF,78.47934
573.8095238095239,60.0,20.0,MOF,78.47804
574.4360902255639,60.0,20.0,MOF,78.476715
575.062656641604,60.0,20.0,MOF,78.475426
575.6892230576441,60.0,20.0,MOF,78.47412
576.3157894736842,60.0,20.0,MOF,78.47281
576.9423558897244,60.0,20.0,MOF,78.4715
577.5689223057644,60.0,20.0,MOF,78.4702
578.1954887218045,60.0,20.0,MOF,78.46889
578.8220551378446,60.0,20.0,MOF,78.46758
579.4486215538847,60.0,20.0,MOF,78.46628
580.0751879699249,60.0,20.0,MOF,78.464966
580.7017543859649,60.0,20.0,MOF,78.46367
581.328320802005,60.0,20.0,MOF,78.46236
581.9548872180451,60.0,20.0,MOF,78.46105
582.5814536340852,60.0,20.0,MOF,78.45975
583.2080200501254,60.0,20.0,MOF,78.45844
583.8345864661654,60.0,20.0,MOF,78.45713
584.4611528822055,60.0,20.0,MOF,78.455826
585.0877192982456,60.0,20.0,MOF,78.45452
585.7142857142857,60.0,20.0,MOF,78.45322
586.3408521303259,60.0,20.0,MOF,78.45191
586.9674185463659,60.0,20.0,MOF,78.45059
587.593984962406,60.0,20.0,MOF,78.449295
588.2205513784461,60.0,20.0,MOF,78.44798
588.8471177944862,60.0,20.0,MOF,78.446686
589.4736842105264,60.0,20.0,MOF,78.44537
590.1002506265664,60.0,20.0,MOF,78.44408
590.7268170426065,60.0,20.0,MOF,78.442764
591.3533834586466,60.0,20.0,MOF,78.44147
591.9799498746867,60.0,20.0,MOF,78.440155
592.6065162907269,60.0,20.0,MOF,78.43886
593.2330827067669,60.0,20.0,MOF,78.43754
593.859649122807,60.0,20.0,MOF,78.43624
594.4862155388471,60.0,20.0,MOF,78.43492
595.1127819548872,60.0,20.0,MOF,78.433624
595.7393483709274,60.0,20.0,MOF,78.43231
596.3659147869674,60.0,20.0,MOF,78.431015
596.9924812030075,60.0,20.0,MOF,78.429665
597.6190476190476,60.0,20.0,MOF,78.42444
598.2456140350877,60.0,20.0,MOF,78.41921
598.8721804511279,60.0,20.0,MOF,78.41477
599.4987468671679,60.0,20.0,MOF,78.41048
600.125313283208,60.0,20.0,MOF,78.4062
600.7518796992481,60.0,20.0,MOF,78.4019
601.3784461152882,60.0,20.0,MOF,78.39542
602.0050125313284,60.0,20.0,MOF,78.38715
602.6315789473684,60.0,20.0,MOF,78.37888
603.2581453634085,60.0,20.0,MOF,78.37063
603.8847117794486,60.0,20.0,MOF,78.36235
604.5112781954887,60.0,20.0,MOF,78.3541
605.1378446115289,60.0,20.0,MOF,78.345825
605.7644110275689,60.0,20.0,MOF,78.33756
606.390977443609,60.0,20.0,MOF,78.33032
607.0175438596491,60.0,20.0,MOF,78.32328
607.6441102756892,60.0,20.0,MOF,78.31624
608.2706766917294,60.0,20.0,MOF,78.30919
608.8972431077694,60.0,20.0,MOF,78.30214
609.5238095238095,60.0,20.0,MOF,78.295105
610.1503759398496,60.0,20.0,MOF,78.288055
610.7769423558897,60.0,20.0,MOF,78.281006
611.4035087719299,60.0,20.0,MOF,78.27396
612.0300751879699,60.0,20.0,MOF,78.26692
612.65664160401,60.0,20.0,MOF,78.259865
613.2832080200501,60.0,20.0,MOF,78.25282
613.9097744360902,60.0,20.0,MOF,78.24577
614.5363408521304,60.0,20.0,MOF,78.23873
615.1629072681704,60.0,20.0,MOF,78.23169
615.7894736842105,60.0,20.0,MOF,78.22463
616.4160401002506,60.0,20.0,MOF,78.21759
617.0426065162907,60.0,20.0,MOF,78.21055
617.6691729323309,60.0,20.0,MOF,78.20351
618.295739348371,60.0,20.0,MOF,78.19646
618.922305764411,60.0,20.0,MOF,78.18941
619.5488721804511,60.0,20.0,MOF,78.182365
620.1754385964912,60.0,20.0,MOF,78.177185
620.8020050125314,60.0,20.0,MOF,78.17214
621.4285714285714,60.0,20.0,MOF,78.1671
622.0551378446115,60.0,20.0,MOF,78.16207
622.6817042606516,60.0,20.0,MOF,78.15781
623.3082706766917,60.0,20.0,MOF,78.153915
623.9348370927319,60.0,20.0,MOF,78.15071
624.561403508772,60.0,20.0,MOF,78.14888
625.187969924812,60.0,20.0,MOF,78.14704
625.8145363408521,60.0,20.0,MOF,78.1452
626.4411027568922,60.0,20.0,MOF,78.14337
627.0676691729324,60.0,20.0,MOF,78.141525
627.6942355889724,60.0,20.0,MOF,78.13969
628.3208020050125,60.0,20.0,MOF,78.13785
628.9473684210526,60.0,20.0,MOF,78.136
629.5739348370927,60.0,20.0,MOF,78.13416
630.2005012531329,60.0,20.0,MOF,78.132324
630.827067669173,60.0,20.0,MOF,78.130486
631.453634085213,60.0,20.0,MOF,78.12865
632.0802005012531,60.0,20.0,MOF,78.126816
632.7067669172932,60.0,20.0,MOF,78.12496
633.3333333333334,60.0,20.0,MOF,78.12312
633.9598997493734,60.0,20.0,MOF,78.121284
634.5864661654135,60.0,20.0,MOF,78.12028
635.2130325814536,60.0,20.0,MOF,78.119705
635.8395989974937,60.0,20.0,MOF,78.11779
636.4661654135339,60.0,20.0,MOF,78.11501
637.092731829574,60.0,20.0,MOF,78.11224
637.719298245614,60.0,20.0,MOF,78.10946
638.3458646616541,60.0,20.0,MOF,78.10669
638.9724310776942,60.0,20.0,MOF,78.10392
639.5989974937344,60.0,20.0,MOF,78.101135
640.2255639097745,60.0,20.0,MOF,78.09836
640.8521303258145,60.0,20.0,MOF,78.09558
641.4786967418546,60.0,20.0,MOF,78.092804
642.1052631578947,60.0,20.0,MOF,78.09003
642.7318295739349,60.0,20.0,MOF,78.08726
643.358395989975,60.0,20.0,MOF,78.08447
643.984962406015,60.0,20.0,MOF,78.081696
644.6115288220551,60.0,20.0,MOF,78.07892
645.2380952380952,60.0,20.0,MOF,78.07613
645.8646616541354,60.0,20.0,MOF,78.073364
646.4912280701755,60.0,20.0,MOF,78.07059
647.1177944862155,60.0,20.0,MOF,78.06781
647.7443609022556,60.0,20.0,MOF,78.06503
648.3709273182957,60.0,20.0,MOF,78.062256
648.9974937343359,60.0,20.0,MOF,78.05947
649.624060150376,60.0,20.0,MOF,78.0567
650.250626566416,60.0,20.0,MOF,78.053925
650.8771929824561,60.0,20.0,MOF,78.05115
651.5037593984962,60.0,20.0,MOF,78.04837
652.1303258145364,60.0,20.0,MOF,78.0456
652.7568922305765,60.0,20.0,MOF,78.042816
653.3834586466165,60.0,20.0,MOF,78.03908
654.0100250626566,60.0,20.0,MOF,78.035034
654.6365914786967,60.0,20.0,MOF,78.03099
655.2631578947369,60.0,20.0,MOF,78.02693
655.889724310777,60.0,20.0,MOF,78.02289
656.516290726817,60.0,20.0,MOF,78.01884
657.1428571428571,60.0,20.0,MOF,78.014786
657.7694235588972,60.0,20.0,MOF,78.01073
658.3959899749374,60.0,20.0,MOF,78.00668
659.0225563909775,60.0,20.0,MOF,78.00264
659.6491228070175,60.0,20.0,MOF,77.99859
660.2756892230576,60.0,20.0,MOF,77.99454
660.9022556390977,60.0,20.0,MOF,77.99048
661.5288220551379,60.0,20.0,MOF,77.986435
662.155388471178,60.0,20.0,MOF,77.98239
662.781954887218,60.0,20.0,MOF,77.97834
663.4085213032581,60.0,20.0,MOF,77.97429
664.0350877192982,60.0,20.0,MOF,77.970245
664.6616541353384,60.0,20.0,MOF,77.96619
665.2882205513785,60.0,20.0,MOF,77.96214
665.9147869674185,60.0,20.0,MOF,77.95809
666.5413533834586,60.0,20.0,MOF,77.95404
667.1679197994987,60.0,20.0,MOF,77.94998
667.7944862155389,60.0,20.0,MOF,77.945946
668.421052631579,60.0,20.0,MOF,77.941895
669.047619047619,60.0,20.0,MOF,77.93785
669.6741854636591,60.0,20.0,MOF,77.9338
670.3007518796992,60.0,20.0,MOF,77.92974
670.9273182957394,60.0,20.0,MOF,77.9257
671.5538847117795,60.0,20.0,MOF,77.921646
672.1804511278195,60.0,20.0,MOF,77.9176
672.8070175438596,60.0,20.0,MOF,77.91354
673.4335839598998,60.0,20.0,MOF,77.90973
674.0601503759399,60.0,20.0,MOF,77.90671
674.68671679198,60.0,20.0,MOF,77.90369
675.31328320802,60.0,20.0,MOF,77.900665
675.9398496240601,60.0,20.0,MOF,77.89765
676.5664160401002,60.0,20.0,MOF,77.89463
677.1929824561404,60.0,20.0,MOF,77.8916
677.8195488721805,60.0,20.0,MOF,77.88859
678.4461152882205,60.0,20.0,MOF,77.88556
679.0726817042606,60.0,20.0,MOF,77.88254
679.6992481203008,60.0,20.0,MOF,77.879524
680.3258145363409,60.0,20.0,MOF,77.876495
680.952380952381,60.0,20.0,MOF,77.873474
681.578947368421,60.0,20.0,MOF,77.87046
682.2055137844611,60.0,20.0,MOF,77.86744
682.8320802005012,60.0,20.0,MOF,77.86441
683.4586466165414,60.0,20.0,MOF,77.8614
684.0852130325815,60.0,20.0,MOF,77.858376
684.7117794486215,60.0,20.0,MOF,77.85535
685.3383458646616,60.0,20.0,MOF,77.852325
685.9649122807018,60.0,20.0,MOF,77.85002
686.5914786967419,60.0,20.0,MOF,77.85025
687.218045112782,60.0,20.0,MOF,77.85068
687.844611528822,60.0,20.0,MOF,77.85111
688.4711779448621,60.0,20.0,MOF,77.85142
689.0977443609022,60.0,20.0,MOF,77.85113
689.7243107769424,60.0,20.0,MOF,77.85083
690.3508771929825,60.0,20.0,MOF,77.85054
690.9774436090225,60.0,20.0,MOF,77.85026
691.6040100250626,60.0,20.0,MOF,77.84996
692.2305764411028,60.0,20.0,MOF,77.84968
692.8571428571429,60.0,20.0,MOF,77.84938
693.483709273183,60.0,20.0,MOF,77.84909
694.110275689223,60.0,20.0,MOF,77.8488
694.7368421052631,60.0,20.0,MOF,77.8485
695.3634085213032,60.0,20.0,MOF,77.84822
695.9899749373434,60.0,20.0,MOF,77.84793
696.6165413533835,60.0,20.0,MOF,77.84764
697.2431077694235,60.0,20.0,MOF,77.84735
697.8696741854636,60.0,20.0,MOF,77.84706
698.4962406015038,60.0,20.0,MOF,77.84676
699.1228070175439,60.0,20.0,MOF,77.84648
699.749373433584,60.0,20.0,MOF,77.84618
700.375939849624,60.0,20.0,MOF,77.8459
701.0025062656641,60.0,20.0,MOF,77.845604
701.6290726817042,60.0,20.0,MOF,77.845314
702.2556390977444,60.0,20.0,MOF,77.845024
702.8822055137845,60.0,20.0,MOF,77.84474
703.5087719298245,60.0,20.0,MOF,77.84444
704.1353383458646,60.0,20.0,MOF,77.844154
704.7619047619048,60.0,20.0,MOF,77.843864
705.3884711779449,60.0,20.0,MOF,77.84357
706.015037593985,60.0,20.0,MOF,77.84328
706.641604010025,60.0,20.0,MOF,77.84299
707.2681704260651,60.0,20.0,MOF,77.8427
707.8947368421052,60.0,20.0,MOF,77.84241
708.5213032581454,60.0,20.0,MOF,77.84212
709.1478696741855,60.0,20.0,MOF,77.84183
709.7744360902255,60.0,20.0,MOF,77.84154
710.4010025062656,60.0,20.0,MOF,77.841255
711.0275689223058,60.0,20.0,MOF,77.84095
711.6541353383459,60.0,20.0,MOF,77.84067
712.280701754386,60.0,20.0,MOF,77.84038
712.907268170426,60.0,20.0,MOF,77.84009
713.5338345864661,60.0,20.0,MOF,77.83978
714.1604010025062,60.0,20.0,MOF,77.83949
714.7869674185464,60.0,20.0,MOF,77.83922
715.4135338345865,60.0,20.0,MOF,77.83891
716.0401002506266,60.0,20.0,MOF,77.83863
716.6666666666666,60.0,20.0,MOF,77.837585
717.2932330827068,60.0,20.0,MOF,77.83607
717.9197994987469,60.0,20.0,MOF,77.83458
718.546365914787,60.0,20.0,MOF,77.833084
719.172932330827,60.0,20.0,MOF,77.83159
719.7994987468671,60.0,20.0,MOF,77.830086
720.4260651629072,60.0,20.0,MOF,77.82858
721.0526315789474,60.0,20.0,MOF,77.82709
721.6791979949875,60.0,20.0,MOF,77.825584
722.3057644110276,60.0,20.0,MOF,77.82409
722.9323308270676,60.0,20.0,MOF,77.82259
723.5588972431078,60.0,20.0,MOF,77.82109
724.1854636591479,60.0,20.0,MOF,77.81958
724.812030075188,60.0,20.0,MOF,77.818085
725.438596491228,60.0,20.0,MOF,77.81659
726.0651629072681,60.0,20.0,MOF,77.8151
726.6917293233082,60.0,20.0,MOF,77.8136
727.3182957393484,60.0,20.0,MOF,77.812096
727.9448621553885,60.0,20.0,MOF,77.81061
728.5714285714286,60.0,20.0,MOF,77.809105
729.1979949874686,60.0,20.0,MOF,77.80799
729.8245614035088,60.0,20.0,MOF,77.8082
730.4511278195489,60.0,20.0,MOF,77.80841
731.077694235589,60.0,20.0,MOF,77.80861
731.704260651629,60.0,20.0,MOF,77.80882
732.3308270676691,60.0,20.0,MOF,77.80902
732.9573934837092,60.0,20.0,MOF,77.80922
733.5839598997494,60.0,20.0,MOF,77.80943
734.2105263157895,60.0,20.0,MOF,77.80965
734.8370927318296,60.0,20.0,MOF,77.809845
735.4636591478696,60.0,20.0,MOF,77.81004
736.0902255639098,60.0,20.0,MOF,77.81026
736.7167919799499,60.0,20.0,MOF,77.81047
737.34335839599,60.0,20.0,MOF,77.81067
737.9699248120301,60.0,20.0,MOF,77.810875
738.5964912280701,60.0,20.0,MOF,77.811066
739.2230576441102,60.0,20.0,MOF,77.81127
739.8496240601504,60.0,20.0,MOF,77.81148
740.4761904761905,60.0,20.0,MOF,77.81169
741.1027568922306,60.0,20.0,MOF,77.81189
741.7293233082706,60.0,20.0,MOF,77.812096
742.3558897243108,60.0,20.0,MOF,77.812294
742.9824561403509,60.0,20.0,MOF,77.81251
743.609022556391,60.0,20.0,MOF,77.8127
744.2355889724311,60.0,20.0,MOF,77.81291
744.8621553884711,60.0,20.0,MOF,77.813675
745.4887218045112,60.0,20.0,MOF,77.81651
746.1152882205514,60.0,20.0,MOF,77.81933
746.7418546365915,60.0,20.0,MOF,77.822174
747.3684210526316,60.0,20.0,MOF,77.825
747.9949874686716,60.0,20.0,MOF,77.82782
748.6215538847118,60.0,20.0,MOF,77.83065
749.2481203007519,60.0,20.0,MOF,77.83348
749.874686716792,60.0,20.0,MOF,77.8363
750.5012531328321,60.0,20.0,MOF,77.839134
751.1278195488721,60.0,20.0,MOF,77.84197
751.7543859649122,60.0,20.0,MOF,77.844795
752.3809523809524,60.0,20.0,MOF,77.847626
753.0075187969925,60.0,20.0,MOF,77.85045
753.6340852130326,60.0,20.0,MOF,77.85327
754.2606516290726,60.0,20.0,MOF,77.8561
754.8872180451128,60.0,20.0,MOF,77.85893
755.5137844611529,60.0,20.0,MOF,77.861755
756.140350877193,60.0,20.0,MOF,77.86459
756.7669172932331,60.0,20.0,MOF,77.86742
757.3934837092731,60.0,20.0,MOF,77.87025
758.0200501253132,60.0,20.0,MOF,77.87307
758.6466165413534,60.0,20.0,MOF,77.8759
759.2731829573935,60.0,20.0,MOF,77.87872
759.8997493734336,60.0,20.0,MOF,77.88155
760.5263157894736,60.0,20.0,MOF,77.884384
761.1528822055138,60.0,20.0,MOF,77.88721
761.7794486215539,60.0,20.0,MOF,77.890045
762.406015037594,60.0,20.0,MOF,77.89192
763.0325814536341,60.0,20.0,MOF,77.89306
763.6591478696741,60.0,20.0,MOF,77.894196
764.2857142857142,60.0,20.0,MOF,77.89534
764.9122807017544,60.0,20.0,MOF,77.89647
765.5388471177945,60.0,20.0,MOF,77.89761
766.1654135338346,60.0,20.0,MOF,77.89875
766.7919799498746,60.0,20.0,MOF,77.89989
767.4185463659148,60.0,20.0,MOF,77.901024
768.0451127819549,60.0,20.0,MOF,77.90215
768.671679197995,60.0,20.0,MOF,77.90329
769.2982456140351,60.0,20.0,MOF,77.904434
769.9248120300751,60.0,20.0,MOF,77.90557
770.5513784461152,60.0,20.0,MOF,77.90671
771.1779448621554,60.0,20.0,MOF,77.90785
771.8045112781955,60.0,20.0,MOF,77.90898
772.4310776942356,60.0,20.0,MOF,77.91012
773.0576441102756,60.0,20.0,MOF,77.911255
773.6842105263158,60.0,20.0,MOF,77.912384
774.3107769423559,60.0,20.0,MOF,77.91353
774.937343358396,60.0,20.0,MOF,77.914665
775.5639097744361,60.0,20.0,MOF,77.9158
776.1904761904761,60.0,20.0,MOF,77.91694
776.8170426065162,60.0,20.0,MOF,77.918076
777.4436090225564,60.0,20.0,MOF,77.91921
778.0701754385965,60.0,20.0,MOF,77.92035
778.6967418546366,60.0,20.0,MOF,77.921486
779.3233082706766,60.0,20.0,MOF,77.92262
779.9498746867168,60.0,20.0,MOF,77.92377
780.5764411027569,60.0,20.0,MOF,77.9249
781.203007518797,60.0,20.0,MOF,77.92603
781.8295739348371,60.0,20.0,MOF,77.92717
782.4561403508771,60.0,20.0,MOF,77.92831
783.0827067669172,60.0,20.0,MOF,77.92944
783.7092731829574,60.0,20.0,MOF,77.93059
784.3358395989975,60.0,20.0,MOF,77.93173
784.9624060150376,60.0,20.0,MOF,77.93286
785.5889724310777,60.0,20.0,MOF,77.93399
786.2155388471178,60.0,20.0,MOF,77.935135
786.8421052631579,60.0,20.0,MOF,77.936264
787.468671679198,60.0,20.0,MOF,77.937416
788.0952380952381,60.0,20.0,MOF,77.93854
788.7218045112782,60.0,20.0,MOF,77.93969
789.3483709273182,60.0,20.0,MOF,77.943115
789.9749373433584,60.0,20.0,MOF,77.94658
790.6015037593985,60.0,20.0,MOF,77.95004
791.2280701754386,60.0,20.0,MOF,77.95351
791.8546365914787,60.0,20.0,MOF,77.95697
792.4812030075188,60.0,20.0,MOF,77.96042
793.1077694235589,60.0,20.0,MOF,77.96389
793.734335839599,60.0,20.0,MOF,77.967155
794.3609022556391,60.0,20.0,MOF,77.970406
794.9874686716792,60.0,20.0,MOF,77.97366
795.6140350877192,60.0,20.0,MOF,77.97691
796.2406015037594,60.0,20.0,MOF,77.98017
796.8671679197995,60.0,20.0,MOF,77.98341
797.4937343358396,60.0,20.0,MOF,77.98667
798.1203007518797,60.0,20.0,MOF,77.98993
798.7468671679198,60.0,20.0,MOF,77.99318
799.3734335839599,60.0,20.0,MOF,77.99643
800.0,60.0,20.0,MOF,77.99969
550.0,80.0,20.0,MOF,79.00676
550.6265664160401,80.0,20.0,MOF,79.00455
551.2531328320802,80.0,20.0,MOF,79.00232
551.8796992481203,80.0,20.0,MOF,79.00011
552.5062656641604,80.0,20.0,MOF,78.99788
553.1328320802005,80.0,20.0,MOF,78.99566
553.7593984962406,80.0,20.0,MOF,78.99344
554.3859649122807,80.0,20.0,MOF,78.99123
555.0125313283208,80.0,20.0,MOF,78.989006
555.6390977443609,80.0,20.0,MOF,78.986786
556.265664160401,80.0,20.0,MOF,78.98457
556.8922305764411,80.0,20.0,MOF,78.982346
557.5187969924812,80.0,20.0,MOF,78.980125
558.1453634085213,80.0,20.0,MOF,78.977905
558.7719298245614,80.0,20.0,MOF,78.97569
559.3984962406015,80.0,20.0,MOF,78.97347
560.0250626566416,80.0,20.0,MOF,78.971245
560.6516290726817,80.0,20.0,MOF,78.969025
561.2781954887218,80.0,20.0,MOF,78.96681
561.9047619047619,80.0,20.0,MOF,78.96458
562.531328320802,80.0,20.0,MOF,78.96193
563.1578947368421,80.0,20.0,MOF,78.95749
563.7844611528822,80.0,20.0,MOF,78.953064
564.4110275689223,80.0,20.0,MOF,78.94864
565.0375939849624,80.0,20.0,MOF,78.94421
565.6641604010025,80.0,20.0,MOF,78.93978
566.2907268170426,80.0,20.0,MOF,78.93535
566.9172932330827,80.0,20.0,MOF,78.93093
567.5438596491229,80.0,20.0,MOF,78.9265
568.1704260651629,80.0,20.0,MOF,78.92207
568.796992481203,80.0,20.0,MOF,78.91765
569.4235588972431,80.0,20.0,MOF,78.91322
570.0501253132832,80.0,20.0,MOF,78.90878
570.6766917293234,80.0,20.0,MOF,78.90436
571.3032581453634,80.0,20.0,MOF,78.89993
571.9298245614035,80.0,20.0,MOF,78.89551
572.5563909774436,80.0,20.0,MOF,78.89108
573.1829573934837,80.0,20.0,MOF,78.88666
573.8095238095239,80.0,20.0,MOF,78.882225
574.4360902255639,80.0,20.0,MOF,78.877945
575.062656641604,80.0,20.0,MOF,78.87395
575.6892230576441,80.0,20.0,MOF,78.86995
576.3157894736842,80.0,20.0,MOF,78.86595
576.9423558897244,80.0,20.0,MOF,78.86197
577.5689223057644,80.0,20.0,MOF,78.85797
578.1954887218045,80.0,20.0,MOF,78.85397
578.8220551378446,80.0,20.0,MOF,78.849976
579.4486215538847,80.0,20.0,MOF,78.845985
580.0751879699249,80.0,20.0,MOF,78.84198
580.7017543859649,80.0,20.0,MOF,78.83799
581.328320802005,80.0,20.0,MOF,78.834
581.9548872180451,80.0,20.0,MOF,78.83
582.5814536340852,80.0,20.0,MOF,78.826004
583.2080200501254,80.0,20.0,MOF,78.82201
583.8345864661654,80.0,20.0,MOF,78.81801
584.4611528822055,80.0,20.0,MOF,78.81402
585.0877192982456,80.0,20.0,MOF,78.81003
585.7142857142857,80.0,20.0,MOF,78.80602
586.3408521303259,80.0,20.0,MOF,78.80203
586.9674185463659,80.0,20.0,MOF,78.79804
587.593984962406,80.0,20.0,MOF,78.79501
588.2205513784461,80.0,20.0,MOF,78.79202
588.8471177944862,80.0,20.0,MOF,78.78902
589.4736842105264,80.0,20.0,MOF,78.78602
590.1002506265664,80.0,20.0,MOF,78.78303
590.7268170426065,80.0,20.0,MOF,78.78003
591.3533834586466,80.0,20.0,MOF,78.77702
591.9799498746867,80.0,20.0,MOF,78.77403
592.6065162907269,80.0,20.0,MOF,78.771034
593.2330827067669,80.0,20.0,MOF,78.768036
593.859649122807,80.0,20.0,MOF,78.765045
594.4862155388471,80.0,20.0,MOF,78.76205
595.1127819548872,80.0,20.0,MOF,78.75905
595.7393483709274,80.0,20.0,MOF,78.75606
596.3659147869674,80.0,20.0,MOF,78.75305
596.9924812030075,80.0,20.0,MOF,78.75006
597.6190476190476,80.0,20.0,MOF,78.747055
598.2456140350877,80.0,20.0,MOF,78.74406
598.8721804511279,80.0,20.0,MOF,78.741066
599.4987468671679,80.0,20.0,MOF,78.73807
600.125313283208,80.0,20.0,MOF,78.73506
600.7518796992481,80.0,20.0,MOF,78.73207
601.3784461152882,80.0,20.0,MOF,78.729065
602.0050125313284,80.0,20.0,MOF,78.726074
602.6315789473684,80.0,20.0,MOF,78.723076
603.2581453634085,80.0,20.0,MOF,78.720085
603.8847117794486,80.0,20.0,MOF,78.71708
604.5112781954887,80.0,20.0,MOF,78.71409
605.1378446115289,80.0,20.0,MOF,78.71109
605.7644110275689,80.0,20.0,MOF,78.708084
606.390977443609,80.0,20.0,MOF,78.705086
607.0175438596491,80.0,20.0,MOF,78.702095
607.6441102756892,80.0,20.0,MOF,78.6991
608.2706766917294,80.0,20.0,MOF,78.6961
608.8972431077694,80.0,20.0,MOF,78.6931
609.5238095238095,80.0,20.0,MOF,78.6901
610.1503759398496,80.0,20.0,MOF,78.6871
610.7769423558897,80.0,20.0,MOF,78.684105
611.4035087719299,80.0,20.0,MOF,78.68112
612.0300751879699,80.0,20.0,MOF,78.678116
612.65664160401,80.0,20.0,MOF,78.67511
613.2832080200501,80.0,20.0,MOF,78.67212
613.9097744360902,80.0,20.0,MOF,78.66912
614.5363408521304,80.0,20.0,MOF,78.66612
615.1629072681704,80.0,20.0,MOF,78.66312
615.7894736842105,80.0,20.0,MOF,78.660126
616.4160401002506,80.0,20.0,MOF,78.657135
617.0426065162907,80.0,20.0,MOF,78.65413
617.6691729323309,80.0,20.0,MOF,78.65114
618.295739348371,80.0,20.0,MOF,78.64815
618.922305764411,80.0,20.0,MOF,78.64514
619.5488721804511,80.0,20.0,MOF,78.64214
620.1754385964912,80.0,20.0,MOF,78.639145
620.8020050125314,80.0,20.0,MOF,78.63614
621.4285714285714,80.0,20.0,MOF,78.63315
622.0551378446115,80.0,20.0,MOF,78.63094
622.6817042606516,80.0,20.0,MOF,78.629654
623.3082706766917,80.0,20.0,MOF,78.62836
623.9348370927319,80.0,20.0,MOF,78.62706
624.561403508772,80.0,20.0,MOF,78.62577
625.187969924812,80.0,20.0,MOF,78.62447
625.8145363408521,80.0,20.0,MOF,78.62318
626.4411027568922,80.0,20.0,MOF,78.62189
627.0676691729324,80.0,20.0,MOF,78.62059
627.6942355889724,80.0,20.0,MOF,78.61929
628.3208020050125,80.0,20.0,MOF,78.618004
628.9473684210526,80.0,20.0,MOF,78.61836
629.5739348370927,80.0,20.0,MOF,78.61933
630.2005012531329,80.0,20.0,MOF,78.6203
630.827067669173,80.0,20.0,MOF,78.62125
631.453634085213,80.0,20.0,MOF,78.6222
632.0802005012531,80.0,20.0,MOF,78.62317
632.7067669172932,80.0,20.0,MOF,78.62413
633.3333333333334,80.0,20.0,MOF,78.62509
633.9598997493734,80.0,20.0,MOF,78.62605
634.5864661654135,80.0,20.0,MOF,78.627014
635.2130325814536,80.0,20.0,MOF,78.62797
635.8395989974937,80.0,20.0,MOF,78.62892
636.4661654135339,80.0,20.0,MOF,78.62989
637.092731829574,80.0,20.0,MOF,78.63085
637.719298245614,80.0,20.0,MOF,78.631805
638.3458646616541,80.0,20.0,MOF,78.63277
638.9724310776942,80.0,20.0,MOF,78.63373
639.5989974937344,80.0,20.0,MOF,78.63469
640.2255639097745,80.0,20.0,MOF,78.635635
640.8521303258145,80.0,20.0,MOF,78.636604
641.4786967418546,80.0,20.0,MOF,78.63757
642.1052631578947,80.0,20.0,MOF,78.63853
642.7318295739349,80.0,20.0,MOF,78.639496
643.358395989975,80.0,20.0,MOF,78.64044
643.984962406015,80.0,20.0,MOF,78.6414
644.6115288220551,80.0,20.0,MOF,78.642365
645.2380952380952,80.0,20.0,MOF,78.64333
645.8646616541354,80.0,20.0,MOF,78.64429
646.4912280701755,80.0,20.0,MOF,78.64525
647.1177944862155,80.0,20.0,MOF,78.6462
647.7443609022556,80.0,20.0,MOF,78.64716
648.3709273182957,80.0,20.0,MOF,78.648125
648.9974937343359,80.0,20.0,MOF,78.649086
649.624060150376,80.0,20.0,MOF,78.65005
650.250626566416,80.0,20.0,MOF,78.651
650.8771929824561,80.0,20.0,MOF,78.65197
651.5037593984962,80.0,20.0,MOF,78.65292
652.1303258145364,80.0,20.0,MOF,78.653885
652.7568922305765,80.0,20.0,MOF,78.65485
653.3834586466165,80.0,20.0,MOF,78.6558
654.0100250626566,80.0,20.0,MOF,78.65676
654.6365914786967,80.0,20.0,MOF,78.65772
655.2631578947369,80.0,20.0,MOF,78.65868
655.889724310777,80.0,20.0,MOF,78.65964
656.516290726817,80.0,20.0,MOF,78.6606
657.1428571428571,80.0,20.0,MOF,78.66156
657.7694235588972,80.0,20.0,MOF,78.66252
658.3959899749374,80.0,20.0,MOF,78.66348
659.0225563909775,80.0,20.0,MOF,78.664444
659.6491228070175,80.0,20.0,MOF,78.665405
660.2756892230576,80.0,20.0,MOF,78.66635
660.9022556390977,80.0,20.0,MOF,78.66733
661.5288220551379,80.0,20.0,MOF,78.66828
662.155388471178,80.0,20.0,MOF,78.66924
662.781954887218,80.0,20.0,MOF,78.670204
663.4085213032581,80.0,20.0,MOF,78.67116
664.0350877192982,80.0,20.0,MOF,78.67212
664.6616541353384,80.0,20.0,MOF,78.67308
665.2882205513785,80.0,20.0,MOF,78.67405
665.9147869674185,80.0,20.0,MOF,78.675
666.5413533834586,80.0,20.0,MOF,78.675964
667.1679197994987,80.0,20.0,MOF,78.676895
667.7944862155389,80.0,20.0,MOF,78.67393
668.421052631579,80.0,20.0,MOF,78.67096
669.047619047619,80.0,20.0,MOF,78.668
669.6741854636591,80.0,20.0,MOF,78.665016
670.3007518796992,80.0,20.0,MOF,78.662285
670.9273182957394,80.0,20.0,MOF,78.6606
671.5538847117795,80.0,20.0,MOF,78.65888
672.1804511278195,80.0,20.0,MOF,78.65704
672.8070175438596,80.0,20.0,MOF,78.655205
673.4335839598998,80.0,20.0,MOF,78.653366
674.0601503759399,80.0,20.0,MOF,78.65153
674.68671679198,80.0,20.0,MOF,78.6489
675.31328320802,80.0,20.0,MOF,78.64578
675.9398496240601,80.0,20.0,MOF,78.642685
676.5664160401002,80.0,20.0,MOF,78.63956
677.1929824561404,80.0,20.0,MOF,78.63645
677.8195488721805,80.0,20.0,MOF,78.63335
678.4461152882205,80.0,20.0,MOF,78.63023
679.0726817042606,80.0,20.0,MOF,78.62712
679.6992481203008,80.0,20.0,MOF,78.62401
680.3258145363409,80.0,20.0,MOF,78.62089
680.952380952381,80.0,20.0,MOF,78.61778
681.578947368421,80.0,20.0,MOF,78.61467
682.2055137844611,80.0,20.0,MOF,78.611565
682.8320802005012,80.0,20.0,MOF,78.60845
683.4586466165414,80.0,20.0,MOF,78.60535
684.0852130325815,80.0,20.0,MOF,78.602234
684.7117794486215,80.0,20.0,MOF,78.59912
685.3383458646616,80.0,20.0,MOF,78.59601
685.9649122807018,80.0,20.0,MOF,78.5929
686.5914786967419,80.0,20.0,MOF,78.58978
687.218045112782,80.0,20.0,MOF,78.58668
687.844611528822,80.0,20.0,MOF,78.58356
688.4711779448621,80.0,20.0,MOF,78.580444
689.0977443609022,80.0,20.0,MOF,78.57735
689.7243107769424,80.0,20.0,MOF,78.57423
690.3508771929825,80.0,20.0,MOF,78.57112
690.9774436090225,80.0,20.0,MOF,78.56801
691.6040100250626,80.0,20.0,MOF,78.564896
692.2305764411028,80.0,20.0,MOF,78.56179
692.8571428571429,80.0,20.0,MOF,78.55868
693.483709273183,80.0,20.0,MOF,78.55557
694.110275689223,80.0,20.0,MOF,78.552444
694.7368421052631,80.0,20.0,MOF,78.54934
695.3634085213032,80.0,20.0,MOF,78.546234
695.9899749373434,80.0,20.0,MOF,78.54312
696.6165413533835,80.0,20.0,MOF,78.54
697.2431077694235,80.0,20.0,MOF,78.536896
697.8696741854636,80.0,20.0,MOF,78.533775
698.4962406015038,80.0,20.0,MOF,78.53067
699.1228070175439,80.0,20.0,MOF,78.52756
699.749373433584,80.0,20.0,MOF,78.52445
700.375939849624,80.0,20.0,MOF,78.5235
701.0025062656641,80.0,20.0,MOF,78.52272
701.6290726817042,80.0,20.0,MOF,78.521935
702.2556390977444,80.0,20.0,MOF,78.52115
702.8822055137845,80.0,20.0,MOF,78.52036
703.5087719298245,80.0,20.0,MOF,78.51958
704.1353383458646,80.0,20.0,MOF,78.51879
704.7619047619048,80.0,20.0,MOF,78.518005
705.3884711779449,80.0,20.0,MOF,78.51723
706.015037593985,80.0,20.0,MOF,78.51644
706.641604010025,80.0,20.0,MOF,78.515656
707.2681704260651,80.0,20.0,MOF,78.51487
707.8947368421052,80.0,20.0,MOF,78.514084
708.5213032581454,80.0,20.0,MOF,78.513306
709.1478696741855,80.0,20.0,MOF,78.51252
709.7744360902255,80.0,20.0,MOF,78.511734
710.4010025062656,80.0,20.0,MOF,78.51094
711.0275689223058,80.0,20.0,MOF,78.51016
711.6541353383459,80.0,20.0,MOF,78.50937
712.280701754386,80.0,20.0,MOF,78.50858
712.907268170426,80.0,20.0,MOF,78.507805
713.5338345864661,80.0,20.0,MOF,78.50702
714.1604010025062,80.0,20.0,MOF,78.506226
714.7869674185464,80.0,20.0,MOF,78.50545
715.4135338345865,80.0,20.0,MOF,78.50467
716.0401002506266,80.0,20.0,MOF,78.503876
716.6666666666666,80.0,20.0,MOF,78.50309
717.2932330827068,80.0,20.0,MOF,78.50462
717.9197994987469,80.0,20.0,MOF,78.50647
718.546365914787,80.0,20.0,MOF,78.5083
719.172932330827,80.0,20.0,MOF,78.51013
719.7994987468671,80.0,20.0,MOF,78.51198
720.4260651629072,80.0,20.0,MOF,78.513824
721.0526315789474,80.0,20.0,MOF,78.515656
721.6791979949875,80.0,20.0,MOF,78.5175
722.3057644110276,80.0,20.0,MOF,78.51933
722.9323308270676,80.0,20.0,MOF,78.521164
723.5588972431078,80.0,20.0,MOF,78.52362
724.1854636591479,80.0,20.0,MOF,78.52665
724.812030075188,80.0,20.0,MOF,78.529686
725.438596491228,80.0,20.0,MOF,78.53272
726.0651629072681,80.0,20.0,MOF,78.53575
726.6917293233082,80.0,20.0,MOF,78.538795
727.3182957393484,80.0,20.0,MOF,78.54182
727.9448621553885,80.0,20.0,MOF,78.54486
728.5714285714286,80.0,20.0,MOF,78.5479
729.1979949874686,80.0,20.0,MOF,78.55093
729.8245614035088,80.0,20.0,MOF,78.553955
730.4511278195489,80.0,20.0,MOF,78.557
731.077694235589,80.0,20.0,MOF,78.56003
731.704260651629,80.0,20.0,MOF,78.56308
732.3308270676691,80.0,20.0,MOF,78.5661
732.9573934837092,80.0,20.0,MOF,78.569145
733.5839598997494,80.0,20.0,MOF,78.572174
734.2105263157895,80.0,20.0,MOF,78.57521
734.8370927318296,80.0,20.0,MOF,78.57825
735.4636591478696,80.0,20.0,MOF,78.58128
736.0902255639098,80.0,20.0,MOF,78.58431
736.7167919799499,80.0,20.0,MOF,78.58736
737.34335839599,80.0,20.0,MOF,78.59038
737.9699248120301,80.0,20.0,MOF,78.59342
738.5964912280701,80.0,20.0,MOF,78.59645
739.2230576441102,80.0,20.0,MOF,78.599495
739.8496240601504,80.0,20.0,MOF,78.602516
740.4761904761905,80.0,20.0,MOF,78.60556
741.1027568922306,80.0,20.0,MOF,78.6086
741.7293233082706,80.0,20.0,MOF,78.611626
742.3558897243108,80.0,20.0,MOF,78.61466
742.9824561403509,80.0,20.0,MOF,78.61769
743.609022556391,80.0,20.0,MOF,78.61958
744.2355889724311,80.0,20.0,MOF,78.620636
744.8621553884711,80.0,20.0,MOF,78.62246
745.4887218045112,80.0,20.0,MOF,78.62427
746.1152882205514,80.0,20.0,MOF,78.62608
746.7418546365915,80.0,20.0,MOF,78.62791
747.3684210526316,80.0,20.0,MOF,78.62973
747.9949874686716,80.0,20.0,MOF,78.63154
748.6215538847118,80.0,20.0,MOF,78.63336
749.2481203007519,80.0,20.0,MOF,78.63518
749.874686716792,80.0,20.0,MOF,78.637
750.5012531328321,80.0,20.0,MOF,78.63881
751.1278195488721,80.0,20.0,MOF,78.640625
751.7543859649122,80.0,20.0,MOF,78.64244
752.3809523809524,80.0,20.0,MOF,78.644264
753.0075187969925,80.0,20.0,MOF,78.64608
753.6340852130326,80.0,20.0,MOF,78.647896
754.2606516290726,80.0,20.0,MOF,78.64972
754.8872180451128,80.0,20.0,MOF,78.651535
755.5137844611529,80.0,20.0,MOF,78.65335
756.140350877193,80.0,20.0,MOF,78.65517
756.7669172932331,80.0,20.0,MOF,78.65698
757.3934837092731,80.0,20.0,MOF,78.65965
758.0200501253132,80.0,20.0,MOF,78.66263
758.6466165413534,80.0,20.0,MOF,78.66559
759.2731829573935,80.0,20.0,MOF,78.668564
759.8997493734336,80.0,20.0,MOF,78.67153
760.5263157894736,80.0,20.0,MOF,78.6745
761.1528822055138,80.0,20.0,MOF,78.677475
761.7794486215539,80.0,20.0,MOF,78.68042
762.406015037594,80.0,20.0,MOF,78.6834
763.0325814536341,80.0,20.0,MOF,78.686356
763.6591478696741,80.0,20.0,MOF,78.68933
764.2857142857142,80.0,20.0,MOF,78.692314
764.9122807017544,80.0,20.0,MOF,78.695274
765.5388471177945,80.0,20.0,MOF,78.69824
766.1654135338346,80.0,20.0,MOF,78.70122
766.7919799498746,80.0,20.0,MOF,78.70418
767.4185463659148,80.0,20.0,MOF,78.707146
768.0451127819549,80.0,20.0,MOF,78.71011
768.671679197995,80.0,20.0,MOF,78.71307
769.2982456140351,80.0,20.0,MOF,78.71556
769.9248120300751,80.0,20.0,MOF,78.717804
770.5513784461152,80.0,20.0,MOF,78.720566
771.1779448621554,80.0,20.0,MOF,78.72403
771.8045112781955,80.0,20.0,MOF,78.72751
772.4310776942356,80.0,20.0,MOF,78.730965
773.0576441102756,80.0,20.0,MOF,78.73443
773.6842105263158,80.0,20.0,MOF,78.73789
774.3107769423559,80.0,20.0,MOF,78.74136
774.937343358396,80.0,20.0,MOF,78.74483
775.5639097744361,80.0,20.0,MOF,78.74829
776.1904761904761,80.0,20.0,MOF,78.751755
776.8170426065162,80.0,20.0,MOF,78.755226
777.4436090225564,80.0,20.0,MOF,78.7587
778.0701754385965,80.0,20.0,MOF,78.76216
778.6967418546366,80.0,20.0,MOF,78.76561
779.3233082706766,80.0,20.0,MOF,78.76908
779.9498746867168,80.0,20.0,MOF,78.77256
780.5764411027569,80.0,20.0,MOF,78.77603
781.203007518797,80.0,20.0,MOF,78.779495
781.8295739348371,80.0,20.0,MOF,78.78294
782.4561403508771,80.0,20.0,MOF,78.786415
783.0827067669172,80.0,20.0,MOF,78.78989
783.7092731829574,80.0,20.0,MOF,78.79335
784.3358395989975,80.0,20.0,MOF,78.796814
784.9624060150376,80.0,20.0,MOF,78.800285
785.5889724310777,80.0,20.0,MOF,78.80375
786.2155388471178,80.0,20.0,MOF,78.80853
786.8421052631579,80.0,20.0,MOF,78.81377
787.468671679198,80.0,20.0,MOF,78.819
788.0952380952381,80.0,20.0,MOF,78.82422
788.7218045112782,80.0,20.0,MOF,78.82945
789.3483709273182,80.0,20.0,MOF,78.834694
789.9749373433584,80.0,20.0,MOF,78.839935
790.6015037593985,80.0,20.0,MOF,78.84515
791.2280701754386,80.0,20.0,MOF,78.85039
791.8546365914787,80.0,20.0,MOF,78.85562
792.4812030075188,80.0,20.0,MOF,78.86085
793.1077694235589,80.0,20.0,MOF,78.86608
793.734335839599,80.0,20.0,MOF,78.87134
794.3609022556391,80.0,20.0,MOF,78.8788
794.9874686716792,80.0,20.0,MOF,78.88632
795.6140350877192,80.0,20.0,MOF,78.893875
796.2406015037594,80.0,20.0,MOF,78.9014
796.8671679197995,80.0,20.0,MOF,78.908936
797.4937343358396,80.0,20.0,MOF,78.91647
798.1203007518797,80.0,20.0,MOF,78.92401
798.7468671679198,80.0,20.0,MOF,78.93153
799.3734335839599,80.0,20.0,MOF,78.93908
800.0,80.0,20.0,MOF,78.94661
550.0,0.0,50.0,MOF,77.05046
550.6265664160401,0.0,50.0,MOF,77.05664
551.2531328320802,0.0,50.0,MOF,77.06284
551.8796992481203,0.0,50.0,MOF,77.06902
552.5062656641604,0.0,50.0,MOF,77.07521
553.1328320802005,0.0,50.0,MOF,77.0814
553.7593984962406,0.0,50.0,MOF,77.087585
554.3859649122807,0.0,50.0,MOF,77.09377
555.0125313283208,0.0,50.0,MOF,77.09996
555.6390977443609,0.0,50.0,MOF,77.10615
556.265664160401,0.0,50.0,MOF,77.112335
556.8922305764411,0.0,50.0,MOF,77.118515
557.5187969924812,0.0,50.0,MOF,77.12471
558.1453634085213,0.0,50.0,MOF,77.13089
558.7719298245614,0.0,50.0,MOF,77.13708
559.3984962406015,0.0,50.0,MOF,77.143265
560.0250626566416,0.0,50.0,MOF,77.14946
560.6516290726817,0.0,50.0,MOF,77.15564
561.2781954887218,0.0,50.0,MOF,77.16183
561.9047619047619,0.0,50.0,MOF,77.16802
562.531328320802,0.0,50.0,MOF,77.1742
563.1578947368421,0.0,50.0,MOF,77.18038
563.7844611528822,0.0,50.0,MOF,77.18658
564.4110275689223,0.0,50.0,MOF,77.192764
565.0375939849624,0.0,50.0,MOF,77.198944
565.6641604010025,0.0,50.0,MOF,77.20513
566.2907268170426,0.0,50.0,MOF,77.21132
566.9172932330827,0.0,50.0,MOF,77.21751
567.5438596491229,0.0,50.0,MOF,77.223694
568.1704260651629,0.0,50.0,MOF,77.22987
568.796992481203,0.0,50.0,MOF,77.23606
569.4235588972431,0.0,50.0,MOF,77.242256
570.0501253132832,0.0,50.0,MOF,77.24844
570.6766917293234,0.0,50.0,MOF,77.25464
571.3032581453634,0.0,50.0,MOF,77.26081
571.9298245614035,0.0,50.0,MOF,77.267
572.5563909774436,0.0,50.0,MOF,77.273094
573.1829573934837,0.0,50.0,MOF,77.27913
573.8095238095239,0.0,50.0,MOF,77.28517
574.4360902255639,0.0,50.0,MOF,77.291214
575.062656641604,0.0,50.0,MOF,77.29726
575.6892230576441,0.0,50.0,MOF,77.30329
576.3157894736842,0.0,50.0,MOF,77.309326
576.9423558897244,0.0,50.0,MOF,77.31537
577.5689223057644,0.0,50.0,MOF,77.32141
578.1954887218045,0.0,50.0,MOF,77.32745
578.8220551378446,0.0,50.0,MOF,77.33351
579.4486215538847,0.0,50.0,MOF,77.33954
580.0751879699249,0.0,50.0,MOF,77.34558
580.7017543859649,0.0,50.0,MOF,77.35162
581.328320802005,0.0,50.0,MOF,77.35766
581.9548872180451,0.0,50.0,MOF,77.36371
582.5814536340852,0.0,50.0,MOF,77.369736
583.2080200501254,0.0,50.0,MOF,77.37579
583.8345864661654,0.0,50.0,MOF,77.38183
584.4611528822055,0.0,50.0,MOF,77.38786
585.0877192982456,0.0,50.0,MOF,77.393906
585.7142857142857,0.0,50.0,MOF,77.399956
586.3408521303259,0.0,50.0,MOF,77.406
586.9674185463659,0.0,50.0,MOF,77.41203
587.593984962406,0.0,50.0,MOF,77.418076
588.2205513784461,0.0,50.0,MOF,77.42413
588.8471177944862,0.0,50.0,MOF,77.43016
589.4736842105264,0.0,50.0,MOF,77.4362
590.1002506265664,0.0,50.0,MOF,77.442245
590.7268170426065,0.0,50.0,MOF,77.44828
591.3533834586466,0.0,50.0,MOF,77.45432
591.9799498746867,0.0,50.0,MOF,77.46037
592.6065162907269,0.0,50.0,MOF,77.4664
593.2330827067669,0.0,50.0,MOF,77.47244
593.859649122807,0.0,50.0,MOF,77.478485
594.4862155388471,0.0,50.0,MOF,77.48453
595.1127819548872,0.0,50.0,MOF,77.49057
595.7393483709274,0.0,50.0,MOF,77.49661
596.3659147869674,0.0,50.0,MOF,77.50265
596.9924812030075,0.0,50.0,MOF,77.5087
597.6190476190476,0.0,50.0,MOF,77.51473
598.2456140350877,0.0,50.0,MOF,77.52077
598.8721804511279,0.0,50.0,MOF,77.52681
599.4987468671679,0.0,50.0,MOF,77.53286
600.125313283208,0.0,50.0,MOF,77.538895
600.7518796992481,0.0,50.0,MOF,77.54494
601.3784461152882,0.0,50.0,MOF,77.55098
602.0050125313284,0.0,50.0,MOF,77.55703
602.6315789473684,0.0,50.0,MOF,77.563065
603.2581453634085,0.0,50.0,MOF,77.5691
603.8847117794486,0.0,50.0,MOF,77.575134
604.5112781954887,0.0,50.0,MOF,77.58119
605.1378446115289,0.0,50.0,MOF,77.58723
605.7644110275689,0.0,50.0,MOF,77.59326
606.390977443609,0.0,50.0,MOF,77.59931
607.0175438596491,0.0,50.0,MOF,77.60536
607.6441102756892,0.0,50.0,MOF,77.61386
608.2706766917294,0.0,50.0,MOF,77.62237
608.8972431077694,0.0,50.0,MOF,77.63088
609.5238095238095,0.0,50.0,MOF,77.63937
610.1503759398496,0.0,50.0,MOF,77.64789
610.7769423558897,0.0,50.0,MOF,77.65639
611.4035087719299,0.0,50.0,MOF,77.664894
612.0300751879699,0.0,50.0,MOF,77.6734
612.65664160401,0.0,50.0,MOF,77.68188
613.2832080200501,0.0,50.0,MOF,77.6902
613.9097744360902,0.0,50.0,MOF,77.698524
614.5363408521304,0.0,50.0,MOF,77.70686
615.1629072681704,0.0,50.0,MOF,77.715454
615.7894736842105,0.0,50.0,MOF,77.72417
616.4160401002506,0.0,50.0,MOF,77.73288
617.0426065162907,0.0,50.0,MOF,77.74158
617.6691729323309,0.0,50.0,MOF,77.7503
618.295739348371,0.0,50.0,MOF,77.759
618.922305764411,0.0,50.0,MOF,77.76771
619.5488721804511,0.0,50.0,MOF,77.77643
620.1754385964912,0.0,50.0,MOF,77.78513
620.8020050125314,0.0,50.0,MOF,77.79384
621.4285714285714,0.0,50.0,MOF,77.80255
622.0551378446115,0.0,50.0,MOF,77.81125
622.6817042606516,0.0,50.0,MOF,77.81996
623.3082706766917,0.0,50.0,MOF,77.828674
623.9348370927319,0.0,50.0,MOF,77.83738
624.561403508772,0.0,50.0,MOF,77.84609
625.187969924812,0.0,50.0,MOF,77.8548
625.8145363408521,0.0,50.0,MOF,77.86351
626.4411027568922,0.0,50.0,MOF,77.87222
627.0676691729324,0.0,50.0,MOF,77.88093
627.6942355889724,0.0,50.0,MOF,77.88964
628.3208020050125,0.0,50.0,MOF,77.898346
628.9473684210526,0.0,50.0,MOF,77.90706
629.5739348370927,0.0,50.0,MOF,77.91576
630.2005012531329,0.0,50.0,MOF,77.92448
630.827067669173,0.0,50.0,MOF,77.93386
631.453634085213,0.0,50.0,MOF,77.94368
632.0802005012531,0.0,50.0,MOF,77.95349
632.7067669172932,0.0,50.0,MOF,77.96332
633.3333333333334,0.0,50.0,MOF,77.97314
633.9598997493734,0.0,50.0,MOF,77.982956
634.5864661654135,0.0,50.0,MOF,77.99278
635.2130325814536,0.0,50.0,MOF,78.002594
635.8395989974937,0.0,50.0,MOF,78.01241
636.4661654135339,0.0,50.0,MOF,78.02223
637.092731829574,0.0,50.0,MOF,78.03205
637.719298245614,0.0,50.0,MOF,78.04187
638.3458646616541,0.0,50.0,MOF,78.05134
638.9724310776942,0.0,50.0,MOF,78.052025
639.5989974937344,0.0,50.0,MOF,78.052734
640.2255639097745,0.0,50.0,MOF,78.05342
640.8521303258145,0.0,50.0,MOF,78.05412
641.4786967418546,0.0,50.0,MOF,78.05481
642.1052631578947,0.0,50.0,MOF,78.055504
642.7318295739349,0.0,50.0,MOF,78.0562
643.358395989975,0.0,50.0,MOF,78.05689
643.984962406015,0.0,50.0,MOF,78.05758
644.6115288220551,0.0,50.0,MOF,78.0583
645.2380952380952,0.0,50.0,MOF,78.058975
645.8646616541354,0.0,50.0,MOF,78.05968
646.4912280701755,0.0,50.0,MOF,78.05953
647.1177944862155,0.0,50.0,MOF,78.05629
647.7443609022556,0.0,50.0,MOF,78.05302
648.3709273182957,0.0,50.0,MOF,78.04977
648.9974937343359,0.0,50.0,MOF,78.04652
649.624060150376,0.0,50.0,MOF,78.04327
650.250626566416,0.0,50.0,MOF,78.04001
650.8771929824561,0.0,50.0,MOF,78.03676
651.5037593984962,0.0,50.0,MOF,78.03316
652.1303258145364,0.0,50.0,MOF,78.02898
652.7568922305765,0.0,50.0,MOF,78.024796
653.3834586466165,0.0,50.0,MOF,78.02062
654.0100250626566,0.0,50.0,MOF,78.01644
654.6365914786967,0.0,50.0,MOF,78.01227
655.2631578947369,0.0,50.0,MOF,78.00808
655.889724310777,0.0,50.0,MOF,78.00391
656.516290726817,0.0,50.0,MOF,77.999725
657.1428571428571,0.0,50.0,MOF,77.995544
657.7694235588972,0.0,50.0,MOF,77.99136
658.3959899749374,0.0,50.0,MOF,77.9872
659.0225563909775,0.0,50.0,MOF,77.98302
659.6491228070175,0.0,50.0,MOF,77.9792
660.2756892230576,0.0,50.0,MOF,77.9754
660.9022556390977,0.0,50.0,MOF,77.971596
661.5288220551379,0.0,50.0,MOF,77.967804
662.155388471178,0.0,50.0,MOF,77.964005
662.781954887218,0.0,50.0,MOF,77.960205
663.4085213032581,0.0,50.0,MOF,77.956406
664.0350877192982,0.0,50.0,MOF,77.95261
664.6616541353384,0.0,50.0,MOF,77.94882
665.2882205513785,0.0,50.0,MOF,77.945015
665.9147869674185,0.0,50.0,MOF,77.94122
666.5413533834586,0.0,50.0,MOF,77.937416
667.1679197994987,0.0,50.0,MOF,77.93363
667.7944862155389,0.0,50.0,MOF,77.929825
668.421052631579,0.0,50.0,MOF,77.926025
669.047619047619,0.0,50.0,MOF,77.922226
669.6741854636591,0.0,50.0,MOF,77.91844
670.3007518796992,0.0,50.0,MOF,77.91463
670.9273182957394,0.0,50.0,MOF,77.910835
671.5538847117795,0.0,50.0,MOF,77.90704
672.1804511278195,0.0,50.0,MOF,77.903244
672.8070175438596,0.0,50.0,MOF,77.89945
673.4335839598998,0.0,50.0,MOF,77.89565
674.0601503759399,0.0,50.0,MOF,77.89186
674.68671679198,0.0,50.0,MOF,77.888054
675.31328320802,0.0,50.0,MOF,77.88426
675.9398496240601,0.0,50.0,MOF,77.88046
676.5664160401002,0.0,50.0,MOF,77.87666
677.1929824561404,0.0,50.0,MOF,77.87287
677.8195488721805,0.0,50.0,MOF,77.869064
678.4461152882205,0.0,50.0,MOF,77.86527
679.0726817042606,0.0,50.0,MOF,77.86148
679.6992481203008,0.0,50.0,MOF,77.85767
680.3258145363409,0.0,50.0,MOF,77.85388
680.952380952381,0.0,50.0,MOF,77.85008
681.578947368421,0.0,50.0,MOF,77.84628
682.2055137844611,0.0,50.0,MOF,77.84249
682.8320802005012,0.0,50.0,MOF,77.83869
683.4586466165414,0.0,50.0,MOF,77.83489
684.0852130325815,0.0,50.0,MOF,77.83109
684.7117794486215,0.0,50.0,MOF,77.82898
685.3383458646616,0.0,50.0,MOF,77.82804
685.9649122807018,0.0,50.0,MOF,77.8271
686.5914786967419,0.0,50.0,MOF,77.826164
687.218045112782,0.0,50.0,MOF,77.82521
687.844611528822,0.0,50.0,MOF,77.82428
688.4711779448621,0.0,50.0,MOF,77.82333
689.0977443609022,0.0,50.0,MOF,77.82239
689.7243107769424,0.0,50.0,MOF,77.82145
690.3508771929825,0.0,50.0,MOF,77.82052
690.9774436090225,0.0,50.0,MOF,77.819565
691.6040100250626,0.0,50.0,MOF,77.818634
692.2305764411028,0.0,50.0,MOF,77.81769
692.8571428571429,0.0,50.0,MOF,77.81676
693.483709273183,0.0,50.0,MOF,77.815796
694.110275689223,0.0,50.0,MOF,77.81486
694.7368421052631,0.0,50.0,MOF,77.81393
695.3634085213032,0.0,50.0,MOF,77.81298
695.9899749373434,0.0,50.0,MOF,77.81204
696.6165413533835,0.0,50.0,MOF,77.8111
697.2431077694235,0.0,50.0,MOF,77.81015
697.8696741854636,0.0,50.0,MOF,77.80922
698.4962406015038,0.0,50.0,MOF,77.80827
699.1228070175439,0.0,50.0,MOF,77.80733
699.749373433584,0.0,50.0,MOF,77.8064
700.375939849624,0.0,50.0,MOF,77.805435
701.0025062656641,0.0,50.0,MOF,77.804504
701.6290726817042,0.0,50.0,MOF,77.803566
702.2556390977444,0.0,50.0,MOF,77.80262
702.8822055137845,0.0,50.0,MOF,77.80168
703.5087719298245,0.0,50.0,MOF,77.800735
704.1353383458646,0.0,50.0,MOF,77.7998
704.7619047619048,0.0,50.0,MOF,77.79885
705.3884711779449,0.0,50.0,MOF,77.79791
706.015037593985,0.0,50.0,MOF,77.79697
706.641604010025,0.0,50.0,MOF,77.79603
707.2681704260651,0.0,50.0,MOF,77.79509
707.8947368421052,0.0,50.0,MOF,77.79414
708.5213032581454,0.0,50.0,MOF,77.79321
709.1478696741855,0.0,50.0,MOF,77.79227
709.7744360902255,0.0,50.0,MOF,77.79132
710.4010025062656,0.0,50.0,MOF,77.790375
711.0275689223058,0.0,50.0,MOF,77.78944
711.6541353383459,0.0,50.0,MOF,77.7885
712.280701754386,0.0,50.0,MOF,77.78755
712.907268170426,0.0,50.0,MOF,77.78661
713.5338345864661,0.0,50.0,MOF,77.785675
714.1604010025062,0.0,50.0,MOF,77.78473
714.7869674185464,0.0,50.0,MOF,77.78379
715.4135338345865,0.0,50.0,MOF,77.782845
716.0401002506266,0.0,50.0,MOF,77.7819
716.6666666666666,0.0,50.0,MOF,77.78096
717.2932330827068,0.0,50.0,MOF,77.78002
717.9197994987469,0.0,50.0,MOF,77.77908
718.546365914787,0.0,50.0,MOF,77.778145
719.172932330827,0.0,50.0,MOF,77.77719
719.7994987468671,0.0,50.0,MOF,77.77625
720.4260651629072,0.0,50.0,MOF,77.775314
721.0526315789474,0.0,50.0,MOF,77.77437
721.6791979949875,0.0,50.0,MOF,77.77342
722.3057644110276,0.0,50.0,MOF,77.772484
722.9323308270676,0.0,50.0,MOF,77.771545
723.5588972431078,0.0,50.0,MOF,77.770615
724.1854636591479,0.0,50.0,MOF,77.76967
724.812030075188,0.0,50.0,MOF,77.76872
725.438596491228,0.0,50.0,MOF,77.76779
726.0651629072681,0.0,50.0,MOF,77.766846
726.6917293233082,0.0,50.0,MOF,77.76589
727.3182957393484,0.0,50.0,MOF,77.76495
727.9448621553885,0.0,50.0,MOF,77.76402
728.5714285714286,0.0,50.0,MOF,77.76307
729.1979949874686,0.0,50.0,MOF,77.76213
729.8245614035088,0.0,50.0,MOF,77.76119
730.4511278195489,0.0,50.0,MOF,77.760254
731.077694235589,0.0,50.0,MOF,77.75931
731.704260651629,0.0,50.0,MOF,77.75836
732.3308270676691,0.0,50.0,MOF,77.7561
732.9573934837092,0.0,50.0,MOF,77.752396
733.5839598997494,0.0,50.0,MOF,77.74869
734.2105263157895,0.0,50.0,MOF,77.74498
734.8370927318296,0.0,50.0,MOF,77.741264
735.4636591478696,0.0,50.0,MOF,77.73756
736.0902255639098,0.0,50.0,MOF,77.73385
736.7167919799499,0.0,50.0,MOF,77.73013
737.34335839599,0.0,50.0,MOF,77.726425
737.9699248120301,0.0,50.0,MOF,77.72272
738.5964912280701,0.0,50.0,MOF,77.71901
739.2230576441102,0.0,50.0,MOF,77.7153
739.8496240601504,0.0,50.0,MOF,77.71158
740.4761904761905,0.0,50.0,MOF,77.70788
741.1027568922306,0.0,50.0,MOF,77.70417
741.7293233082706,0.0,50.0,MOF,77.700455
742.3558897243108,0.0,50.0,MOF,77.69674
742.9824561403509,0.0,50.0,MOF,77.69304
743.609022556391,0.0,50.0,MOF,77.689316
744.2355889724311,0.0,50.0,MOF,77.68561
744.8621553884711,0.0,50.0,MOF,77.6819
745.4887218045112,0.0,50.0,MOF,77.678185
746.1152882205514,0.0,50.0,MOF,77.67448
746.7418546365915,0.0,50.0,MOF,77.67077
747.3684210526316,0.0,50.0,MOF,77.66705
747.9949874686716,0.0,50.0,MOF,77.66336
748.6215538847118,0.0,50.0,MOF,77.65964
749.2481203007519,0.0,50.0,MOF,77.65592
749.874686716792,0.0,50.0,MOF,77.65222
750.5012531328321,0.0,50.0,MOF,77.648506
751.1278195488721,0.0,50.0,MOF,77.64479
751.7543859649122,0.0,50.0,MOF,77.64109
752.3809523809524,0.0,50.0,MOF,77.637375
753.0075187969925,0.0,50.0,MOF,77.63366
753.6340852130326,0.0,50.0,MOF,77.62995
754.2606516290726,0.0,50.0,MOF,77.62625
754.8872180451128,0.0,50.0,MOF,77.622536
755.5137844611529,0.0,50.0,MOF,77.61883
756.140350877193,0.0,50.0,MOF,77.61742
756.7669172932331,0.0,50.0,MOF,77.61611
757.3934837092731,0.0,50.0,MOF,77.61481
758.0200501253132,0.0,50.0,MOF,77.6135
758.6466165413534,0.0,50.0,MOF,77.61218
759.2731829573935,0.0,50.0,MOF,77.610886
759.8997493734336,0.0,50.0,MOF,77.60958
760.5263157894736,0.0,50.0,MOF,77.60828
761.1528822055138,0.0,50.0,MOF,77.60698
761.7794486215539,0.0,50.0,MOF,77.60567
762.406015037594,0.0,50.0,MOF,77.604355
763.0325814536341,0.0,50.0,MOF,77.60305
763.6591478696741,0.0,50.0,MOF,77.601746
764.2857142857142,0.0,50.0,MOF,77.60045
764.9122807017544,0.0,50.0,MOF,77.59913
765.5388471177945,0.0,50.0,MOF,77.597824
766.1654135338346,0.0,50.0,MOF,77.59652
766.7919799498746,0.0,50.0,MOF,77.595215
767.4185463659148,0.0,50.0,MOF,77.59392
768.0451127819549,0.0,50.0,MOF,77.59261
768.671679197995,0.0,50.0,MOF,77.59131
769.2982456140351,0.0,50.0,MOF,77.59
769.9248120300751,0.0,50.0,MOF,77.5887
770.5513784461152,0.0,50.0,MOF,77.58739
771.1779448621554,0.0,50.0,MOF,77.58608
771.8045112781955,0.0,50.0,MOF,77.58477
772.4310776942356,0.0,50.0,MOF,77.583466
773.0576441102756,0.0,50.0,MOF,77.58216
773.6842105263158,0.0,50.0,MOF,77.58086
774.3107769423559,0.0,50.0,MOF,77.57956
774.937343358396,0.0,50.0,MOF,77.57825
775.5639097744361,0.0,50.0,MOF,77.576935
776.1904761904761,0.0,50.0,MOF,77.57564
776.8170426065162,0.0,50.0,MOF,77.574326
777.4436090225564,0.0,50.0,MOF,77.57302
778.0701754385965,0.0,50.0,MOF,77.57173
778.6967418546366,0.0,50.0,MOF,77.57041
779.3233082706766,0.0,50.0,MOF,77.56911
779.9498746867168,0.0,50.0,MOF,77.5678
780.5764411027569,0.0,50.0,MOF,77.5665
781.203007518797,0.0,50.0,MOF,77.565186
781.8295739348371,0.0,50.0,MOF,77.56389
782.4561403508771,0.0,50.0,MOF,77.56258
783.0827067669172,0.0,50.0,MOF,77.56128
783.7092731829574,0.0,50.0,MOF,77.55997
784.3358395989975,0.0,50.0,MOF,77.55867
784.9624060150376,0.0,50.0,MOF,77.55736
785.5889724310777,0.0,50.0,MOF,77.556046
786.2155388471178,0.0,50.0,MOF,77.55474
786.8421052631579,0.0,50.0,MOF,77.55344
787.468671679198,0.0,50.0,MOF,77.55213
788.0952380952381,0.0,50.0,MOF,77.55083
788.7218045112782,0.0,50.0,MOF,77.549515
789.3483709273182,0.0,50.0,MOF,77.548225
789.9749373433584,0.0,50.0,MOF,77.546906
790.6015037593985,0.0,50.0,MOF,77.54561
791.2280701754386,0.0,50.0,MOF,77.5443
791.8546365914787,0.0,50.0,MOF,77.54299
792.4812030075188,0.0,50.0,MOF,77.54169
793.1077694235589,0.0,50.0,MOF,77.540375
793.734335839599,0.0,50.0,MOF,77.53908
794.3609022556391,0.0,50.0,MOF,77.537766
794.9874686716792,0.0,50.0,MOF,77.53647
795.6140350877192,0.0,50.0,MOF,77.53516
796.2406015037594,0.0,50.0,MOF,77.53386
796.8671679197995,0.0,50.0,MOF,77.532555
797.4937343358396,0.0,50.0,MOF,77.53125
798.1203007518797,0.0,50.0,MOF,77.529945
798.7468671679198,0.0,50.0,MOF,77.52864
799.3734335839599,0.0,50.0,MOF,77.52733
800.0,0.0,50.0,MOF,77.52602
550.0,20.0,50.0,MOF,80.0
550.6265664160401,20.0,50.0,MOF,80.0
551.2531328320802,20.0,50.0,MOF,80.0
551.8796992481203,20.0,50.0,MOF,80.0
552.5062656641604,20.0,50.0,MOF,80.0
553.1328320802005,20.0,50.0,MOF,80.0
553.7593984962406,20.0,50.0,MOF,80.0
554.3859649122807,20.0,50.0,MOF,80.0
555.0125313283208,20.0,50.0,MOF,80.0
555.6390977443609,20.0,50.0,MOF,80.0
556.265664160401,20.0,50.0,MOF,80.0
556.8922305764411,20.0,50.0,MOF,80.0
557.5187969924812,20.0,50.0,MOF,80.0
558.1453634085213,20.0,50.0,MOF,80.0
558.7719298245614,20.0,50.0,MOF,80.0
559.3984962406015,20.0,50.0,MOF,80.0
560.0250626566416,20.0,50.0,MOF,80.0
560.6516290726817,20.0,50.0,MOF,80.0
561.2781954887218,20.0,50.0,MOF,80.0
561.9047619047619,20.0,50.0,MOF,80.0
562.531328320802,20.0,50.0,MOF,80.0
563.1578947368421,20.0,50.0,MOF,80.0
563.7844611528822,20.0,50.0,MOF,80.0
564.4110275689223,20.0,50.0,MOF,80.0
565.0375939849624,20.0,50.0,MOF,80.0
565.6641604010025,20.0,50.0,MOF,80.0
566.2907268170426,20.0,50.0,MOF,80.0
566.9172932330827,20.0,50.0,MOF,80.0
567.5438596491229,20.0,50.0,MOF,80.0
568.1704260651629,20.0,50.0,MOF,80.0
568.796992481203,20.0,50.0,MOF,80.0
569.4235588972431,20.0,50.0,MOF,80.0
570.0501253132832,20.0,50.0,MOF,80.0
570.6766917293234,20.0,50.0,MOF,80.0
571.3032581453634,20.0,50.0,MOF,80.0
571.9298245614035,20.0,50.0,MOF,80.0
572.5563909774436,20.0,50.0,MOF,80.0
573.1829573934837,20.0,50.0,MOF,80.0
573.8095238095239,20.0,50.0,MOF,80.0
574.4360902255639,20.0,50.0,MOF,80.0
575.062656641604,20.0,50.0,MOF,80.0
575.6892230576441,20.0,50.0,MOF,80.0
576.3157894736842,20.0,50.0,MOF,80.0
576.9423558897244,20.0,50.0,MOF,80.0
577.5689223057644,20.0,50.0,MOF,80.0
578.1954887218045,20.0,50.0,MOF,80.0
578.8220551378446,20.0,50.0,MOF,80.0
579.4486215538847,20.0,50.0,MOF,80.0
580.0751879699249,20.0,50.0,MOF,80.0
580.7017543859649,20.0,50.0,MOF,80.0
581.328320802005,20.0,50.0,MOF,80.0
581.9548872180451,20.0,50.0,MOF,80.0
582.5814536340852,20.0,50.0,MOF,80.0
583.2080200501254,20.0,50.0,MOF,80.0
583.8345864661654,20.0,50.0,MOF,80.0
584.4611528822055,20.0,50.0,MOF,80.0
585.0877192982456,20.0,50.0,MOF,80.0
585.7142857142857,20.0,50.0,MOF,80.0
586.3408521303259,20.0,50.0,MOF,80.0
586.9674185463659,20.0,50.0,MOF,80.0
587.593984962406,20.0,50.0,MOF,80.0
588.2205513784461,20.0,50.0,MOF,80.0
588.8471177944862,20.0,50.0,MOF,80.0
589.4736842105264,20.0,50.0,MOF,80.0
590.1002506265664,20.0,50.0,MOF,80.0
590.7268170426065,20.0,50.0,MOF,80.0
591.3533834586466,20.0,50.0,MOF,80.0
591.9799498746867,20.0,50.0,MOF,80.0
592.6065162907269,20.0,50.0,MOF,80.0
593.2330827067669,20.0,50.0,MOF,80.0
593.859649122807,20.0,50.0,MOF,80.0
594.4862155388471,20.0,50.0,MOF,80.0
595.1127819548872,20.0,50.0,MOF,80.0
595.7393483709274,20.0,50.0,MOF,80.0
596.3659147869674,20.0,50.0,MOF,80.0
596.9924812030075,20.0,50.0,MOF,80.0
597.6190476190476,20.0,50.0,MOF,80.0
598.2456140350877,20.0,50.0,MOF,80.0
598.8721804511279,20.0,50.0,MOF,80.0
599.4987468671679,20.0,50.0,MOF,80.0
600.125313283208,20.0,50.0,MOF,80.0
600.7518796992481,20.0,50.0,MOF,80.0
601.3784461152882,20.0,50.0,MOF,80.0
602.0050125313284,20.0,50.0,MOF,80.0
602.6315789473684,20.0,50.0,MOF,80.0
603.2581453634085,20.0,50.0,MOF,80.0
603.8847117794486,20.0,50.0,MOF,80.0
604.5112781954887,20.0,50.0,MOF,80.0
605.1378446115289,20.0,50.0,MOF,80.0
605.7644110275689,20.0,50.0,MOF,80.0
606.390977443609,20.0,50.0,MOF,80.0
607.0175438596491,20.0,50.0,MOF,80.0
607.6441102756892,20.0,50.0,MOF,80.0
608.2706766917294,20.0,50.0,MOF,80.0
608.8972431077694,20.0,50.0,MOF,80.0
609.5238095238095,20.0,50.0,MOF,80.0
610.1503759398496,20.0,50.0,MOF,80.0
610.7769423558897,20.0,50.0,MOF,80.0
611.4035087719299,20.0,50.0,MOF,80.0
612.0300751879699,20.0,50.0,MOF,80.0
612.65664160401,20.0,50.0,MOF,80.0
613.2832080200501,20.0,50.0,MOF,80.0
613.9097744360902,20.0,50.0,MOF,80.0
614.5363408521304,20.0,50.0,MOF,80.0
615.1629072681704,20.0,50.0,MOF,80.0
615.7894736842105,20.0,50.0,MOF,80.0
616.4160401002506,20.0,50.0,MOF,80.0
617.0426065162907,20.0,50.0,MOF,80.0
617.6691729323309,20.0,50.0,MOF,80.0
618.295739348371,20.0,50.0,MOF,80.0
618.922305764411,20.0,50.0,MOF,80.0
619.5488721804511,20.0,50.0,MOF,80.0
620.1754385964912,20.0,50.0,MOF,80.0
620.8020050125314,20.0,50.0,MOF,80.0
621.4285714285714,20.0,50.0,MOF,80.0
622.0551378446115,20.0,50.0,MOF,80.0
622.6817042606516,20.0,50.0,MOF,80.0
623.3082706766917,20.0,50.0,MOF,80.0
623.9348370927319,20.0,50.0,MOF,80.0
624.561403508772,20.0,50.0,MOF,80.0
625.187969924812,20.0,50.0,MOF,80.0
625.8145363408521,20.0,50.0,MOF,80.0
626.4411027568922,20.0,50.0,MOF,80.0
627.0676691729324,20.0,50.0,MOF,80.0
627.6942355889724,20.0,50.0,MOF,80.0
628.3208020050125,20.0,50.0,MOF,80.0
628.9473684210526,20.0,50.0,MOF,80.0
629.5739348370927,20.0,50.0,MOF,80.0
630.2005012531329,20.0,50.0,MOF,80.0
630.827067669173,20.0,50.0,MOF,80.0
631.453634085213,20.0,50.0,MOF,80.0
632.0802005012531,20.0,50.0,MOF,80.0
632.7067669172932,20.0,50.0,MOF,80.0
633.3333333333334,20.0,50.0,MOF,80.0
633.9598997493734,20.0,50.0,MOF,80.0
634.5864661654135,20.0,50.0,MOF,80.0
635.2130325814536,20.0,50.0,MOF,80.0
635.8395989974937,20.0,50.0,MOF,80.0
636.4661654135339,20.0,50.0,MOF,80.0
637.092731829574,20.0,50.0,MOF,80.0
637.719298245614,20.0,50.0,MOF,80.0
638.3458646616541,20.0,50.0,MOF,80.0
638.9724310776942,20.0,50.0,MOF,80.0
639.5989974937344,20.0,50.0,MOF,80.0
640.2255639097745,20.0,50.0,MOF,80.0
640.8521303258145,20.0,50.0,MOF,80.0
641.4786967418546,20.0,50.0,MOF,80.0
642.1052631578947,20.0,50.0,MOF,80.0
642.7318295739349,20.0,50.0,MOF,80.0
643.358395989975,20.0,50.0,MOF,80.0
643.984962406015,20.0,50.0,MOF,80.0
644.6115288220551,20.0,50.0,MOF,79.99958
645.2380952380952,20.0,50.0,MOF,79.99474
645.8646616541354,20.0,50.0,MOF,79.989914
646.4912280701755,20.0,50.0,MOF,79.98509
647.1177944862155,20.0,50.0,MOF,79.98027
647.7443609022556,20.0,50.0,MOF,79.97543
648.3709273182957,20.0,50.0,MOF,79.97061
648.9974937343359,20.0,50.0,MOF,79.965775
649.624060150376,20.0,50.0,MOF,79.96096
650.250626566416,20.0,50.0,MOF,79.95613
650.8771929824561,20.0,50.0,MOF,79.9513
651.5037593984962,20.0,50.0,MOF,79.946465
652.1303258145364,20.0,50.0,MOF,79.94164
652.7568922305765,20.0,50.0,MOF,79.93681
653.3834586466165,20.0,50.0,MOF,79.93199
654.0100250626566,20.0,50.0,MOF,79.927155
654.6365914786967,20.0,50.0,MOF,79.92233
655.2631578947369,20.0,50.0,MOF,79.9175
655.889724310777,20.0,50.0,MOF,79.912674
656.516290726817,20.0,50.0,MOF,79.90785
657.1428571428571,20.0,50.0,MOF,79.903015
657.7694235588972,20.0,50.0,MOF,79.89819
658.3959899749374,20.0,50.0,MOF,79.89337
659.0225563909775,20.0,50.0,MOF,79.888535
659.6491228070175,20.0,50.0,MOF,79.8837
660.2756892230576,20.0,50.0,MOF,79.87888
660.9022556390977,20.0,50.0,MOF,79.87407
661.5288220551379,20.0,50.0,MOF,79.86923
662.155388471178,20.0,50.0,MOF,79.861916
662.781954887218,20.0,50.0,MOF,79.854355
663.4085213032581,20.0,50.0,MOF,79.84679
664.0350877192982,20.0,50.0,MOF,79.83923
664.6616541353384,20.0,50.0,MOF,79.83167
665.2882205513785,20.0,50.0,MOF,79.82412
665.9147869674185,20.0,50.0,MOF,79.81657
666.5413533834586,20.0,50.0,MOF,79.809
667.1679197994987,20.0,50.0,MOF,79.801445
667.7944862155389,20.0,50.0,MOF,79.79423
668.421052631579,20.0,50.0,MOF,79.78787
669.047619047619,20.0,50.0,MOF,79.7815
669.6741854636591,20.0,50.0,MOF,79.77514
670.3007518796992,20.0,50.0,MOF,79.768776
670.9273182957394,20.0,50.0,MOF,79.76242
671.5538847117795,20.0,50.0,MOF,79.75606
672.1804511278195,20.0,50.0,MOF,79.749695
672.8070175438596,20.0,50.0,MOF,79.74333
673.4335839598998,20.0,50.0,MOF,79.73697
674.0601503759399,20.0,50.0,MOF,79.73062
674.68671679198,20.0,50.0,MOF,79.72424
675.31328320802,20.0,50.0,MOF,79.71789
675.9398496240601,20.0,50.0,MOF,79.71152
676.5664160401002,20.0,50.0,MOF,79.705154
677.1929824561404,20.0,50.0,MOF,79.6988
677.8195488721805,20.0,50.0,MOF,79.692444
678.4461152882205,20.0,50.0,MOF,79.68608
679.0726817042606,20.0,50.0,MOF,79.67972
679.6992481203008,20.0,50.0,MOF,79.673355
680.3258145363409,20.0,50.0,MOF,79.66699
680.952380952381,20.0,50.0,MOF,79.66063
681.578947368421,20.0,50.0,MOF,79.65427
682.2055137844611,20.0,50.0,MOF,79.6479
682.8320802005012,20.0,50.0,MOF,79.64154
683.4586466165414,20.0,50.0,MOF,79.63519
684.0852130325815,20.0,50.0,MOF,79.628815
684.7117794486215,20.0,50.0,MOF,79.62245
685.3383458646616,20.0,50.0,MOF,79.61609
685.9649122807018,20.0,50.0,MOF,79.60973
686.5914786967419,20.0,50.0,MOF,79.60338
687.218045112782,20.0,50.0,MOF,79.59701
687.844611528822,20.0,50.0,MOF,79.59065
688.4711779448621,20.0,50.0,MOF,79.58428
689.0977443609022,20.0,50.0,MOF,79.57792
689.7243107769424,20.0,50.0,MOF,79.57156
690.3508771929825,20.0,50.0,MOF,79.56521
690.9774436090225,20.0,50.0,MOF,79.55884
691.6040100250626,20.0,50.0,MOF,79.552475
692.2305764411028,20.0,50.0,MOF,79.54611
692.8571428571429,20.0,50.0,MOF,79.53975
693.483709273183,20.0,50.0,MOF,79.533394
694.110275689223,20.0,50.0,MOF,79.52702
694.7368421052631,20.0,50.0,MOF,79.52067
695.3634085213032,20.0,50.0,MOF,79.514305
695.9899749373434,20.0,50.0,MOF,79.50794
696.6165413533835,20.0,50.0,MOF,79.50158
697.2431077694235,20.0,50.0,MOF,79.495224
697.8696741854636,20.0,50.0,MOF,79.48886
698.4962406015038,20.0,50.0,MOF,79.4825
699.1228070175439,20.0,50.0,MOF,79.47614
699.749373433584,20.0,50.0,MOF,79.46977
700.375939849624,20.0,50.0,MOF,79.46342
701.0025062656641,20.0,50.0,MOF,79.45705
701.6290726817042,20.0,50.0,MOF,79.45068
702.2556390977444,20.0,50.0,MOF,79.44432
702.8822055137845,20.0,50.0,MOF,79.437965
703.5087719298245,20.0,50.0,MOF,79.431595
704.1353383458646,20.0,50.0,MOF,79.42524
704.7619047619048,20.0,50.0,MOF,79.418625
705.3884711779449,20.0,50.0,MOF,79.411804
706.015037593985,20.0,50.0,MOF,79.40501
706.641604010025,20.0,50.0,MOF,79.39818
707.2681704260651,20.0,50.0,MOF,79.39137
707.8947368421052,20.0,50.0,MOF,79.38456
708.5213032581454,20.0,50.0,MOF,79.37775
709.1478696741855,20.0,50.0,MOF,79.37093
709.7744360902255,20.0,50.0,MOF,79.36412
710.4010025062656,20.0,50.0,MOF,79.3583
711.0275689223058,20.0,50.0,MOF,79.35321
711.6541353383459,20.0,50.0,MOF,79.348145
712.280701754386,20.0,50.0,MOF,79.34306
712.907268170426,20.0,50.0,MOF,79.33798
713.5338345864661,20.0,50.0,MOF,79.3329
714.1604010025062,20.0,50.0,MOF,79.32782
714.7869674185464,20.0,50.0,MOF,79.322716
715.4135338345865,20.0,50.0,MOF,79.31742
716.0401002506266,20.0,50.0,MOF,79.31213
716.6666666666666,20.0,50.0,MOF,79.306854
717.2932330827068,20.0,50.0,MOF,79.30155
717.9197994987469,20.0,50.0,MOF,79.296265
718.546365914787,20.0,50.0,MOF,79.290985
719.172932330827,20.0,50.0,MOF,79.2857
719.7994987468671,20.0,50.0,MOF,79.2804
720.4260651629072,20.0,50.0,MOF,79.275116
721.0526315789474,20.0,50.0,MOF,79.26984
721.6791979949875,20.0,50.0,MOF,79.264534
722.3057644110276,20.0,50.0,MOF,79.25925
722.9323308270676,20.0,50.0,MOF,79.25396
723.5588972431078,20.0,50.0,MOF,79.24867
724.1854636591479,20.0,50.0,MOF,79.24339
724.812030075188,20.0,50.0,MOF,79.2381
725.438596491228,20.0,50.0,MOF,79.23282
726.0651629072681,20.0,50.0,MOF,79.22752
726.6917293233082,20.0,50.0,MOF,79.22223
727.3182957393484,20.0,50.0,MOF,79.21694
727.9448621553885,20.0,50.0,MOF,79.21166
728.5714285714286,20.0,50.0,MOF,79.20636
729.1979949874686,20.0,50.0,MOF,79.20108
729.8245614035088,20.0,50.0,MOF,79.195786
730.4511278195489,20.0,50.0,MOF,79.1905
731.077694235589,20.0,50.0,MOF,79.18521
731.704260651629,20.0,50.0,MOF,79.179924
732.3308270676691,20.0,50.0,MOF,79.17464
732.9573934837092,20.0,50.0,MOF,79.16935
733.5839598997494,20.0,50.0,MOF,79.164055
734.2105263157895,20.0,50.0,MOF,79.15877
734.8370927318296,20.0,50.0,MOF,79.15348
735.4636591478696,20.0,50.0,MOF,79.14819
736.0902255639098,20.0,50.0,MOF,79.142914
736.7167919799499,20.0,50.0,MOF,79.13763
737.34335839599,20.0,50.0,MOF,79.13233
737.9699248120301,20.0,50.0,MOF,79.12704
738.5964912280701,20.0,50.0,MOF,79.12175
739.2230576441102,20.0,50.0,MOF,79.11646
739.8496240601504,20.0,50.0,MOF,79.11361
740.4761904761905,20.0,50.0,MOF,79.11127
741.1027568922306,20.0,50.0,MOF,79.10895
741.7293233082706,20.0,50.0,MOF,79.10661
742.3558897243108,20.0,50.0,MOF,79.10426
742.9824561403509,20.0,50.0,MOF,79.10194
743.609022556391,20.0,50.0,MOF,79.0996
744.2355889724311,20.0,50.0,MOF,79.097275
744.8621553884711,20.0,50.0,MOF,79.094925
745.4887218045112,20.0,50.0,MOF,79.092606
746.1152882205514,20.0,50.0,MOF,79.09027
746.7418546365915,20.0,50.0,MOF,79.08794
747.3684210526316,20.0,50.0,MOF,79.085594
747.9949874686716,20.0,50.0,MOF,79.08327
748.6215538847118,20.0,50.0,MOF,79.08093
749.2481203007519,20.0,50.0,MOF,79.078606
749.874686716792,20.0,50.0,MOF,79.07626
750.5012531328321,20.0,50.0,MOF,79.073944
751.1278195488721,20.0,50.0,MOF,79.071594
751.7543859649122,20.0,50.0,MOF,79.06926
752.3809523809524,20.0,50.0,MOF,79.066925
753.0075187969925,20.0,50.0,MOF,79.06459
753.6340852130326,20.0,50.0,MOF,79.062256
754.2606516290726,20.0,50.0,MOF,79.05994
754.8872180451128,20.0,50.0,MOF,79.057594
755.5137844611529,20.0,50.0,MOF,79.05527
756.140350877193,20.0,50.0,MOF,79.052925
756.7669172932331,20.0,50.0,MOF,79.05058
757.3934837092731,20.0,50.0,MOF,79.04826
758.0200501253132,20.0,50.0,MOF,79.04593
758.6466165413534,20.0,50.0,MOF,79.043594
759.2731829573935,20.0,50.0,MOF,79.04126
759.8997493734336,20.0,50.0,MOF,79.038925
760.5263157894736,20.0,50.0,MOF,79.03658
761.1528822055138,20.0,50.0,MOF,79.034256
761.7794486215539,20.0,50.0,MOF,79.03192
762.406015037594,20.0,50.0,MOF,79.02959
763.0325814536341,20.0,50.0,MOF,79.02725
763.6591478696741,20.0,50.0,MOF,79.02492
764.2857142857142,20.0,50.0,MOF,79.02013
764.9122807017544,20.0,50.0,MOF,79.014534
765.5388471177945,20.0,50.0,MOF,79.00894
766.1654135338346,20.0,50.0,MOF,79.00334
766.7919799498746,20.0,50.0,MOF,78.99774
767.4185463659148,20.0,50.0,MOF,78.99215
768.0451127819549,20.0,50.0,MOF,78.98656
768.671679197995,20.0,50.0,MOF,78.98096
769.2982456140351,20.0,50.0,MOF,78.97536
769.9248120300751,20.0,50.0,MOF,78.96976
770.5513784461152,20.0,50.0,MOF,78.96416
771.1779448621554,20.0,50.0,MOF,78.958565
771.8045112781955,20.0,50.0,MOF,78.95297
772.4310776942356,20.0,50.0,MOF,78.94736
773.0576441102756,20.0,50.0,MOF,78.94178
773.6842105263158,20.0,50.0,MOF,78.93617
774.3107769423559,20.0,50.0,MOF,78.93057
774.937343358396,20.0,50.0,MOF,78.92498
775.5639097744361,20.0,50.0,MOF,78.91938
776.1904761904761,20.0,50.0,MOF,78.91378
776.8170426065162,20.0,50.0,MOF,78.90819
777.4436090225564,20.0,50.0,MOF,78.90259
778.0701754385965,20.0,50.0,MOF,78.89699
778.6967418546366,20.0,50.0,MOF,78.8914
779.3233082706766,20.0,50.0,MOF,78.885796
779.9498746867168,20.0,50.0,MOF,78.8802
780.5764411027569,20.0,50.0,MOF,78.874596
781.203007518797,20.0,50.0,MOF,78.869
781.8295739348371,20.0,50.0,MOF,78.8634
782.4561403508771,20.0,50.0,MOF,78.8578
783.0827067669172,20.0,50.0,MOF,78.85221
783.7092731829574,20.0,50.0,MOF,78.8466
784.3358395989975,20.0,50.0,MOF,78.84102
784.9624060150376,20.0,50.0,MOF,78.83543
785.5889724310777,20.0,50.0,MOF,78.82983
786.2155388471178,20.0,50.0,MOF,78.824234
786.8421052631579,20.0,50.0,MOF,78.81863
787.468671679198,20.0,50.0,MOF,78.813034
788.0952380952381,20.0,50.0,MOF,78.807434
788.7218045112782,20.0,50.0,MOF,78.80185
789.3483709273182,20.0,50.0,MOF,78.79624
789.9749373433584,20.0,50.0,MOF,78.79064
790.6015037593985,20.0,50.0,MOF,78.78505
791.2280701754386,20.0,50.0,MOF,78.77946
791.8546365914787,20.0,50.0,MOF,78.77385
792.4812030075188,20.0,50.0,MOF,78.76825
793.1077694235589,20.0,50.0,MOF,78.76266
793.734335839599,20.0,50.0,MOF,78.757065
794.3609022556391,20.0,50.0,MOF,78.751465
794.9874686716792,20.0,50.0,MOF,78.745865
795.6140350877192,20.0,50.0,MOF,78.74027
796.2406015037594,20.0,50.0,MOF,78.73467
796.8671679197995,20.0,50.0,MOF,78.72907
797.4937343358396,20.0,50.0,MOF,78.72348
798.1203007518797,20.0,50.0,MOF,78.71788
798.7468671679198,20.0,50.0,MOF,78.71228
799.3734335839599,20.0,50.0,MOF,78.70668
800.0,20.0,50.0,MOF,78.70108
550.0,40.0,50.0,MOF,79.03389
550.6265664160401,40.0,50.0,MOF,79.03302
551.2531328320802,40.0,50.0,MOF,79.03215
551.8796992481203,40.0,50.0,MOF,79.03128
552.5062656641604,40.0,50.0,MOF,79.0304
553.1328320802005,40.0,50.0,MOF,79.02954
553.7593984962406,40.0,50.0,MOF,79.02867
554.3859649122807,40.0,50.0,MOF,79.0278
555.0125313283208,40.0,50.0,MOF,79.02689
555.6390977443609,40.0,50.0,MOF,79.02594
556.265664160401,40.0,50.0,MOF,79.02498
556.8922305764411,40.0,50.0,MOF,79.02401
557.5187969924812,40.0,50.0,MOF,79.02305
558.1453634085213,40.0,50.0,MOF,79.022095
558.7719298245614,40.0,50.0,MOF,79.02113
559.3984962406015,40.0,50.0,MOF,79.02017
560.0250626566416,40.0,50.0,MOF,79.01921
560.6516290726817,40.0,50.0,MOF,79.01825
561.2781954887218,40.0,50.0,MOF,79.017296
561.9047619047619,40.0,50.0,MOF,79.01634
562.531328320802,40.0,50.0,MOF,79.01538
563.1578947368421,40.0,50.0,MOF,79.01558
563.7844611528822,40.0,50.0,MOF,79.01718
564.4110275689223,40.0,50.0,MOF,79.0188
565.0375939849624,40.0,50.0,MOF,79.0204
565.6641604010025,40.0,50.0,MOF,79.022
566.2907268170426,40.0,50.0,MOF,79.023605
566.9172932330827,40.0,50.0,MOF,79.02521
567.5438596491229,40.0,50.0,MOF,79.02682
568.1704260651629,40.0,50.0,MOF,79.02843
568.796992481203,40.0,50.0,MOF,79.03003
569.4235588972431,40.0,50.0,MOF,79.03164
570.0501253132832,40.0,50.0,MOF,79.03324
570.6766917293234,40.0,50.0,MOF,79.03485
571.3032581453634,40.0,50.0,MOF,79.03645
571.9298245614035,40.0,50.0,MOF,79.03805
572.5563909774436,40.0,50.0,MOF,79.03966
573.1829573934837,40.0,50.0,MOF,79.04127
573.8095238095239,40.0,50.0,MOF,79.04227
574.4360902255639,40.0,50.0,MOF,79.04262
575.062656641604,40.0,50.0,MOF,79.04298
575.6892230576441,40.0,50.0,MOF,79.043335
576.3157894736842,40.0,50.0,MOF,79.043686
576.9423558897244,40.0,50.0,MOF,79.04405
577.5689223057644,40.0,50.0,MOF,79.0444
578.1954887218045,40.0,50.0,MOF,79.04477
578.8220551378446,40.0,50.0,MOF,79.045135
579.4486215538847,40.0,50.0,MOF,79.04549
580.0751879699249,40.0,50.0,MOF,79.045845
580.7017543859649,40.0,50.0,MOF,79.0462
581.328320802005,40.0,50.0,MOF,79.04656
581.9548872180451,40.0,50.0,MOF,79.04692
582.5814536340852,40.0,50.0,MOF,79.04728
583.2080200501254,40.0,50.0,MOF,79.04764
583.8345864661654,40.0,50.0,MOF,79.048
584.4611528822055,40.0,50.0,MOF,79.048355
585.0877192982456,40.0,50.0,MOF,79.048706
585.7142857142857,40.0,50.0,MOF,79.04907
586.3408521303259,40.0,50.0,MOF,79.045364
586.9674185463659,40.0,50.0,MOF,79.03647
587.593984962406,40.0,50.0,MOF,79.02759
588.2205513784461,40.0,50.0,MOF,79.018684
588.8471177944862,40.0,50.0,MOF,79.0098
589.4736842105264,40.0,50.0,MOF,79.00091
590.1002506265664,40.0,50.0,MOF,78.99202
590.7268170426065,40.0,50.0,MOF,78.98312
591.3533834586466,40.0,50.0,MOF,78.97328
591.9799498746867,40.0,50.0,MOF,78.961655
592.6065162907269,40.0,50.0,MOF,78.94971
593.2330827067669,40.0,50.0,MOF,78.937256
593.859649122807,40.0,50.0,MOF,78.924805
594.4862155388471,40.0,50.0,MOF,78.91235
595.1127819548872,40.0,50.0,MOF,78.8999
595.7393483709274,40.0,50.0,MOF,78.88745
596.3659147869674,40.0,50.0,MOF,78.875
596.9924812030075,40.0,50.0,MOF,78.86255
597.6190476190476,40.0,50.0,MOF,78.8501
598.2456140350877,40.0,50.0,MOF,78.83765
598.8721804511279,40.0,50.0,MOF,78.82518
599.4987468671679,40.0,50.0,MOF,78.812744
600.125313283208,40.0,50.0,MOF,78.800285
600.7518796992481,40.0,50.0,MOF,78.78784
601.3784461152882,40.0,50.0,MOF,78.77539
602.0050125313284,40.0,50.0,MOF,78.76295
602.6315789473684,40.0,50.0,MOF,78.75049
603.2581453634085,40.0,50.0,MOF,78.73804
603.8847117794486,40.0,50.0,MOF,78.725586
604.5112781954887,40.0,50.0,MOF,78.71312
605.1378446115289,40.0,50.0,MOF,78.701004
605.7644110275689,40.0,50.0,MOF,78.688965
606.390977443609,40.0,50.0,MOF,78.676895
607.0175438596491,40.0,50.0,MOF,78.66485
607.6441102756892,40.0,50.0,MOF,78.6528
608.2706766917294,40.0,50.0,MOF,78.64073
608.8972431077694,40.0,50.0,MOF,78.628685
609.5238095238095,40.0,50.0,MOF,78.61663
610.1503759398496,40.0,50.0,MOF,78.60457
610.7769423558897,40.0,50.0,MOF,78.59252
611.4035087719299,40.0,50.0,MOF,78.58046
612.0300751879699,40.0,50.0,MOF,78.56841
612.65664160401,40.0,50.0,MOF,78.55636
613.2832080200501,40.0,50.0,MOF,78.5443
613.9097744360902,40.0,50.0,MOF,78.53224
614.5363408521304,40.0,50.0,MOF,78.52019
615.1629072681704,40.0,50.0,MOF,78.50814
615.7894736842105,40.0,50.0,MOF,78.49626
616.4160401002506,40.0,50.0,MOF,78.48547
617.0426065162907,40.0,50.0,MOF,78.4747
617.6691729323309,40.0,50.0,MOF,78.46391
618.295739348371,40.0,50.0,MOF,78.453125
618.922305764411,40.0,50.0,MOF,78.44234
619.5488721804511,40.0,50.0,MOF,78.43155
620.1754385964912,40.0,50.0,MOF,78.42078
620.8020050125314,40.0,50.0,MOF,78.40999
621.4285714285714,40.0,50.0,MOF,78.39921
622.0551378446115,40.0,50.0,MOF,78.38843
622.6817042606516,40.0,50.0,MOF,78.37764
623.3082706766917,40.0,50.0,MOF,78.36685
623.9348370927319,40.0,50.0,MOF,78.356064
624.561403508772,40.0,50.0,MOF,78.345276
625.187969924812,40.0,50.0,MOF,78.334496
625.8145363408521,40.0,50.0,MOF,78.3237
626.4411027568922,40.0,50.0,MOF,78.31293
627.0676691729324,40.0,50.0,MOF,78.30214
627.6942355889724,40.0,50.0,MOF,78.29137
628.3208020050125,40.0,50.0,MOF,78.28057
628.9473684210526,40.0,50.0,MOF,78.26978
629.5739348370927,40.0,50.0,MOF,78.25901
630.2005012531329,40.0,50.0,MOF,78.24823
630.827067669173,40.0,50.0,MOF,78.237434
631.453634085213,40.0,50.0,MOF,78.226654
632.0802005012531,40.0,50.0,MOF,78.215866
632.7067669172932,40.0,50.0,MOF,78.20577
633.3333333333334,40.0,50.0,MOF,78.196495
633.9598997493734,40.0,50.0,MOF,78.18722
634.5864661654135,40.0,50.0,MOF,78.17795
635.2130325814536,40.0,50.0,MOF,78.16867
635.8395989974937,40.0,50.0,MOF,78.15939
636.4661654135339,40.0,50.0,MOF,78.150116
637.092731829574,40.0,50.0,MOF,78.14084
637.719298245614,40.0,50.0,MOF,78.13157
638.3458646616541,40.0,50.0,MOF,78.12229
638.9724310776942,40.0,50.0,MOF,78.11301
639.5989974937344,40.0,50.0,MOF,78.10374
640.2255639097745,40.0,50.0,MOF,78.09447
640.8521303258145,40.0,50.0,MOF,78.08519
641.4786967418546,40.0,50.0,MOF,78.07591
642.1052631578947,40.0,50.0,MOF,78.06665
642.7318295739349,40.0,50.0,MOF,78.05897
643.358395989975,40.0,50.0,MOF,78.052124
643.984962406015,40.0,50.0,MOF,78.04529
644.6115288220551,40.0,50.0,MOF,78.03845
645.2380952380952,40.0,50.0,MOF,78.03162
645.8646616541354,40.0,50.0,MOF,78.024765
646.4912280701755,40.0,50.0,MOF,78.01794
647.1177944862155,40.0,50.0,MOF,78.01109
647.7443609022556,40.0,50.0,MOF,78.00426
648.3709273182957,40.0,50.0,MOF,77.99742
648.9974937343359,40.0,50.0,MOF,77.990585
649.624060150376,40.0,50.0,MOF,77.983734
650.250626566416,40.0,50.0,MOF,77.9769
650.8771929824561,40.0,50.0,MOF,77.97006
651.5037593984962,40.0,50.0,MOF,77.96322
652.1303258145364,40.0,50.0,MOF,77.95638
652.7568922305765,40.0,50.0,MOF,77.949554
653.3834586466165,40.0,50.0,MOF,77.94272
654.0100250626566,40.0,50.0,MOF,77.93587
654.6365914786967,40.0,50.0,MOF,77.92902
655.2631578947369,40.0,50.0,MOF,77.922195
655.889724310777,40.0,50.0,MOF,77.91536
656.516290726817,40.0,50.0,MOF,77.908516
657.1428571428571,40.0,50.0,MOF,77.90167
657.7694235588972,40.0,50.0,MOF,77.89484
658.3959899749374,40.0,50.0,MOF,77.888
659.0225563909775,40.0,50.0,MOF,77.88116
659.6491228070175,40.0,50.0,MOF,77.87431
660.2756892230576,40.0,50.0,MOF,77.86748
660.9022556390977,40.0,50.0,MOF,77.86064
661.5288220551379,40.0,50.0,MOF,77.853806
662.155388471178,40.0,50.0,MOF,77.84696
662.781954887218,40.0,50.0,MOF,77.84013
663.4085213032581,40.0,50.0,MOF,77.83329
664.0350877192982,40.0,50.0,MOF,77.826454
664.6616541353384,40.0,50.0,MOF,77.81961
665.2882205513785,40.0,50.0,MOF,77.81277
665.9147869674185,40.0,50.0,MOF,77.80592
666.5413533834586,40.0,50.0,MOF,77.7991
667.1679197994987,40.0,50.0,MOF,77.79227
667.7944862155389,40.0,50.0,MOF,77.785416
668.421052631579,40.0,50.0,MOF,77.77858
669.047619047619,40.0,50.0,MOF,77.77173
669.6741854636591,40.0,50.0,MOF,77.76491
670.3007518796992,40.0,50.0,MOF,77.75958
670.9273182957394,40.0,50.0,MOF,77.75447
671.5538847117795,40.0,50.0,MOF,77.74936
672.1804511278195,40.0,50.0,MOF,77.74425
672.8070175438596,40.0,50.0,MOF,77.739136
673.4335839598998,40.0,50.0,MOF,77.734024
674.0601503759399,40.0,50.0,MOF,77.72891
674.68671679198,40.0,50.0,MOF,77.7238
675.31328320802,40.0,50.0,MOF,77.7187
675.9398496240601,40.0,50.0,MOF,77.71358
676.5664160401002,40.0,50.0,MOF,77.70847
677.1929824561404,40.0,50.0,MOF,77.70337
677.8195488721805,40.0,50.0,MOF,77.69825
678.4461152882205,40.0,50.0,MOF,77.69314
679.0726817042606,40.0,50.0,MOF,77.688034
679.6992481203008,40.0,50.0,MOF,77.68292
680.3258145363409,40.0,50.0,MOF,77.6778
680.952380952381,40.0,50.0,MOF,77.6727
681.578947368421,40.0,50.0,MOF,77.66759
682.2055137844611,40.0,50.0,MOF,77.662476
682.8320802005012,40.0,50.0,MOF,77.65737
683.4586466165414,40.0,50.0,MOF,77.65225
684.0852130325815,40.0,50.0,MOF,77.64714
684.7117794486215,40.0,50.0,MOF,77.64204
685.3383458646616,40.0,50.0,MOF,77.63692
685.9649122807018,40.0,50.0,MOF,77.63182
686.5914786967419,40.0,50.0,MOF,77.62671
687.218045112782,40.0,50.0,MOF,77.6216
687.844611528822,40.0,50.0,MOF,77.616486
688.4711779448621,40.0,50.0,MOF,77.611374
689.0977443609022,40.0,50.0,MOF,77.60626
689.7243107769424,40.0,50.0,MOF,77.60114
690.3508771929825,40.0,50.0,MOF,77.59602
690.9774436090225,40.0,50.0,MOF,77.59093
691.6040100250626,40.0,50.0,MOF,77.58581
692.2305764411028,40.0,50.0,MOF,77.5807
692.8571428571429,40.0,50.0,MOF,77.57559
693.483709273183,40.0,50.0,MOF,77.57048
694.110275689223,40.0,50.0,MOF,77.56536
694.7368421052631,40.0,50.0,MOF,77.56026
695.3634085213032,40.0,50.0,MOF,77.555145
695.9899749373434,40.0,50.0,MOF,77.55004
696.6165413533835,40.0,50.0,MOF,77.54492
697.2431077694235,40.0,50.0,MOF,77.53669
697.8696741854636,40.0,50.0,MOF,77.528305
698.4962406015038,40.0,50.0,MOF,77.517685
699.1228070175439,40.0,50.0,MOF,77.506905
699.749373433584,40.0,50.0,MOF,77.49613
700.375939849624,40.0,50.0,MOF,77.48535
701.0025062656641,40.0,50.0,MOF,77.47456
701.6290726817042,40.0,50.0,MOF,77.463776
702.2556390977444,40.0,50.0,MOF,77.45302
702.8822055137845,40.0,50.0,MOF,77.44223
703.5087719298245,40.0,50.0,MOF,77.43146
704.1353383458646,40.0,50.0,MOF,77.42068
704.7619047619048,40.0,50.0,MOF,77.4099
705.3884711779449,40.0,50.0,MOF,77.40027
706.015037593985,40.0,50.0,MOF,77.39067
706.641604010025,40.0,50.0,MOF,77.3811
707.2681704260651,40.0,50.0,MOF,77.37152
707.8947368421052,40.0,50.0,MOF,77.36194
708.5213032581454,40.0,50.0,MOF,77.352356
709.1478696741855,40.0,50.0,MOF,77.34277
709.7744360902255,40.0,50.0,MOF,77.3332
710.4010025062656,40.0,50.0,MOF,77.32361
711.0275689223058,40.0,50.0,MOF,77.314026
711.6541353383459,40.0,50.0,MOF,77.30444
712.280701754386,40.0,50.0,MOF,77.29486
712.907268170426,40.0,50.0,MOF,77.28528
713.5338345864661,40.0,50.0,MOF,77.275696
714.1604010025062,40.0,50.0,MOF,77.26611
714.7869674185464,40.0,50.0,MOF,77.25653
715.4135338345865,40.0,50.0,MOF,77.24695
716.0401002506266,40.0,50.0,MOF,77.237366
716.6666666666666,40.0,50.0,MOF,77.22778
717.2932330827068,40.0,50.0,MOF,77.21821
717.9197994987469,40.0,50.0,MOF,77.20862
718.546365914787,40.0,50.0,MOF,77.199036
719.172932330827,40.0,50.0,MOF,77.18945
719.7994987468671,40.0,50.0,MOF,77.17987
720.4260651629072,40.0,50.0,MOF,77.17029
721.0526315789474,40.0,50.0,MOF,77.160706
721.6791979949875,40.0,50.0,MOF,77.15213
722.3057644110276,40.0,50.0,MOF,77.14413
722.9323308270676,40.0,50.0,MOF,77.13611
723.5588972431078,40.0,50.0,MOF,77.1281
724.1854636591479,40.0,50.0,MOF,77.12008
724.812030075188,40.0,50.0,MOF,77.11206
725.438596491228,40.0,50.0,MOF,77.10405
726.0651629072681,40.0,50.0,MOF,77.09604
726.6917293233082,40.0,50.0,MOF,77.08803
727.3182957393484,40.0,50.0,MOF,77.08
727.9448621553885,40.0,50.0,MOF,77.072
728.5714285714286,40.0,50.0,MOF,77.06398
729.1979949874686,40.0,50.0,MOF,77.05597
729.8245614035088,40.0,50.0,MOF,77.04796
730.4511278195489,40.0,50.0,MOF,77.03995
731.077694235589,40.0,50.0,MOF,77.03193
731.704260651629,40.0,50.0,MOF,77.02392
732.3308270676691,40.0,50.0,MOF,77.01715
732.9573934837092,40.0,50.0,MOF,77.011
733.5839598997494,40.0,50.0,MOF,77.005104
734.2105263157895,40.0,50.0,MOF,76.99922
734.8370927318296,40.0,50.0,MOF,76.99334
735.4636591478696,40.0,50.0,MOF,76.98745
736.0902255639098,40.0,50.0,MOF,76.98155
736.7167919799499,40.0,50.0,MOF,76.97568
737.34335839599,40.0,50.0,MOF,76.96979
737.9699248120301,40.0,50.0,MOF,76.9639
738.5964912280701,40.0,50.0,MOF,76.95801
739.2230576441102,40.0,50.0,MOF,76.95211
739.8496240601504,40.0,50.0,MOF,76.94623
740.4761904761905,40.0,50.0,MOF,76.940346
741.1027568922306,40.0,50.0,MOF,76.93446
741.7293233082706,40.0,50.0,MOF,76.92857
742.3558897243108,40.0,50.0,MOF,76.922676
742.9824561403509,40.0,50.0,MOF,76.916794
743.609022556391,40.0,50.0,MOF,76.91091
744.2355889724311,40.0,50.0,MOF,76.905014
744.8621553884711,40.0,50.0,MOF,76.89913
745.4887218045112,40.0,50.0,MOF,76.89325
746.1152882205514,40.0,50.0,MOF,76.88736
746.7418546365915,40.0,50.0,MOF,76.88147
747.3684210526316,40.0,50.0,MOF,76.87559
747.9949874686716,40.0,50.0,MOF,76.86969
748.6215538847118,40.0,50.0,MOF,76.86381
749.2481203007519,40.0,50.0,MOF,76.85791
749.874686716792,40.0,50.0,MOF,76.85202
750.5012531328321,40.0,50.0,MOF,76.846146
751.1278195488721,40.0,50.0,MOF,76.840256
751.7543859649122,40.0,50.0,MOF,76.83437
752.3809523809524,40.0,50.0,MOF,76.828476
753.0075187969925,40.0,50.0,MOF,76.82259
753.6340852130326,40.0,50.0,MOF,76.81671
754.2606516290726,40.0,50.0,MOF,76.81081
754.8872180451128,40.0,50.0,MOF,76.80493
755.5137844611529,40.0,50.0,MOF,76.79904
756.140350877193,40.0,50.0,MOF,76.79315
756.7669172932331,40.0,50.0,MOF,76.78727
757.3934837092731,40.0,50.0,MOF,76.78138
758.0200501253132,40.0,50.0,MOF,76.77548
758.6466165413534,40.0,50.0,MOF,76.76961
759.2731829573935,40.0,50.0,MOF,76.76372
759.8997493734336,40.0,50.0,MOF,76.75783
760.5263157894736,40.0,50.0,MOF,76.75194
761.1528822055138,40.0,50.0,MOF,76.746056
761.7794486215539,40.0,50.0,MOF,76.740166
762.406015037594,40.0,50.0,MOF,76.73428
763.0325814536341,40.0,50.0,MOF,76.72839
763.6591478696741,40.0,50.0,MOF,76.72251
764.2857142857142,40.0,50.0,MOF,76.71661
764.9122807017544,40.0,50.0,MOF,76.710724
765.5388471177945,40.0,50.0,MOF,76.70484
766.1654135338346,40.0,50.0,MOF,76.698944
766.7919799498746,40.0,50.0,MOF,76.69306
767.4185463659148,40.0,50.0,MOF,76.68718
768.0451127819549,40.0,50.0,MOF,76.68129
768.671679197995,40.0,50.0,MOF,76.6754
769.2982456140351,40.0,50.0,MOF,76.66951
769.9248120300751,40.0,50.0,MOF,76.66363
770.5513784461152,40.0,50.0,MOF,76.657745
771.1779448621554,40.0,50.0,MOF,76.651855
771.8045112781955,40.0,50.0,MOF,76.645966
772.4310776942356,40.0,50.0,MOF,76.640076
773.0576441102756,40.0,50.0,MOF,76.63418
773.6842105263158,40.0,50.0,MOF,76.628296
774.3107769423559,40.0,50.0,MOF,76.622406
774.937343358396,40.0,50.0,MOF,76.61652
775.5639097744361,40.0,50.0,MOF,76.609985
776.1904761904761,40.0,50.0,MOF,76.603096
776.8170426065162,40.0,50.0,MOF,76.594604
777.4436090225564,40.0,50.0,MOF,76.585495
778.0701754385965,40.0,50.0,MOF,76.5764
778.6967418546366,40.0,50.0,MOF,76.56729
779.3233082706766,40.0,50.0,MOF,76.55818
779.9498746867168,40.0,50.0,MOF,76.549095
780.5764411027569,40.0,50.0,MOF,76.54
781.203007518797,40.0,50.0,MOF,76.53089
781.8295739348371,40.0,50.0,MOF,76.52179
782.4561403508771,40.0,50.0,MOF,76.512695
783.0827067669172,40.0,50.0,MOF,76.5036
783.7092731829574,40.0,50.0,MOF,76.4945
784.3358395989975,40.0,50.0,MOF,76.48539
784.9624060150376,40.0,50.0,MOF,76.476295
785.5889724310777,40.0,50.0,MOF,76.467186
786.2155388471178,40.0,50.0,MOF,76.458084
786.8421052631579,40.0,50.0,MOF,76.44898
787.468671679198,40.0,50.0,MOF,76.43989
788.0952380952381,40.0,50.0,MOF,76.430786
788.7218045112782,40.0,50.0,MOF,76.421684
789.3483709273182,40.0,50.0,MOF,76.41259
789.9749373433584,40.0,50.0,MOF,76.40349
790.6015037593985,40.0,50.0,MOF,76.394394
791.2280701754386,40.0,50.0,MOF,76.38529
791.8546365914787,40.0,50.0,MOF,76.37619
792.4812030075188,40.0,50.0,MOF,76.36709
793.1077694235589,40.0,50.0,MOF,76.358
793.734335839599,40.0,50.0,MOF,76.34889
794.3609022556391,40.0,50.0,MOF,76.33994
794.9874686716792,40.0,50.0,MOF,76.3338
795.6140350877192,40.0,50.0,MOF,76.32765
796.2406015037594,40.0,50.0,MOF,76.32152
796.8671679197995,40.0,50.0,MOF,76.31536
797.4937343358396,40.0,50.0,MOF,76.30921
798.1203007518797,40.0,50.0,MOF,76.30307
798.7468671679198,40.0,50.0,MOF,76.29692
799.3734335839599,40.0,50.0,MOF,76.29077
800.0,40.0,50.0,MOF,76.28463
550.0,50.0,50.0,MOF,79.71901
550.6265664160401,50.0,50.0,MOF,79.71571
551.2531328320802,50.0,50.0,MOF,79.71242
551.8796992481203,50.0,50.0,MOF,79.709114
552.5062656641604,50.0,50.0,MOF,79.70581
553.1328320802005,50.0,50.0,MOF,79.70251
553.7593984962406,50.0,50.0,MOF,79.69921
554.3859649122807,50.0,50.0,MOF,79.69591
555.0125313283208,50.0,50.0,MOF,79.69261
555.6390977443609,50.0,50.0,MOF,79.689316
556.265664160401,50.0,50.0,MOF,79.68445
556.8922305764411,50.0,50.0,MOF,79.67842
557.5187969924812,50.0,50.0,MOF,79.672386
558.1453634085213,50.0,50.0,MOF,79.66635
558.7719298245614,50.0,50.0,MOF,79.660324
559.3984962406015,50.0,50.0,MOF,79.6543
560.0250626566416,50.0,50.0,MOF,79.648254
560.6516290726817,50.0,50.0,MOF,79.64223
561.2781954887218,50.0,50.0,MOF,79.63669
561.9047619047619,50.0,50.0,MOF,79.6324
562.531328320802,50.0,50.0,MOF,79.62808
563.1578947368421,50.0,50.0,MOF,79.6238
563.7844611528822,50.0,50.0,MOF,79.61951
564.4110275689223,50.0,50.0,MOF,79.615204
565.0375939849624,50.0,50.0,MOF,79.6109
565.6641604010025,50.0,50.0,MOF,79.6066
566.2907268170426,50.0,50.0,MOF,79.60231
566.9172932330827,50.0,50.0,MOF,79.59801
567.5438596491229,50.0,50.0,MOF,79.59372
568.1704260651629,50.0,50.0,MOF,79.58942
568.796992481203,50.0,50.0,MOF,79.58511
569.4235588972431,50.0,50.0,MOF,79.580826
570.0501253132832,50.0,50.0,MOF,79.57653
570.6766917293234,50.0,50.0,MOF,79.57222
571.3032581453634,50.0,50.0,MOF,79.56793
571.9298245614035,50.0,50.0,MOF,79.56364
572.5563909774436,50.0,50.0,MOF,79.55934
573.1829573934837,50.0,50.0,MOF,79.55237
573.8095238095239,50.0,50.0,MOF,79.5389
574.4360902255639,50.0,50.0,MOF,79.52588
575.062656641604,50.0,50.0,MOF,79.51284
575.6892230576441,50.0,50.0,MOF,79.49982
576.3157894736842,50.0,50.0,MOF,79.4868
576.9423558897244,50.0,50.0,MOF,79.47377
577.5689223057644,50.0,50.0,MOF,79.46074
578.1954887218045,50.0,50.0,MOF,79.44771
578.8220551378446,50.0,50.0,MOF,79.43469
579.4486215538847,50.0,50.0,MOF,79.42166
580.0751879699249,50.0,50.0,MOF,79.40863
580.7017543859649,50.0,50.0,MOF,79.395615
581.328320802005,50.0,50.0,MOF,79.38259
581.9548872180451,50.0,50.0,MOF,79.36955
582.5814536340852,50.0,50.0,MOF,79.35653
583.2080200501254,50.0,50.0,MOF,79.343506
583.8345864661654,50.0,50.0,MOF,79.330475
584.4611528822055,50.0,50.0,MOF,79.31745
585.0877192982456,50.0,50.0,MOF,79.30443
585.7142857142857,50.0,50.0,MOF,79.291405
586.3408521303259,50.0,50.0,MOF,79.27838
586.9674185463659,50.0,50.0,MOF,79.26536
587.593984962406,50.0,50.0,MOF,79.25233
588.2205513784461,50.0,50.0,MOF,79.239296
588.8471177944862,50.0,50.0,MOF,79.22627
589.4736842105264,50.0,50.0,MOF,79.21451
590.1002506265664,50.0,50.0,MOF,79.203094
590.7268170426065,50.0,50.0,MOF,79.191666
591.3533834586466,50.0,50.0,MOF,79.18048
591.9799498746867,50.0,50.0,MOF,79.169464
592.6065162907269,50.0,50.0,MOF,79.15844
593.2330827067669,50.0,50.0,MOF,79.147415
593.859649122807,50.0,50.0,MOF,79.1364
594.4862155388471,50.0,50.0,MOF,79.12537
595.1127819548872,50.0,50.0,MOF,79.11434
595.7393483709274,50.0,50.0,MOF,79.10332
596.3659147869674,50.0,50.0,MOF,79.0923
596.9924812030075,50.0,50.0,MOF,79.081276
597.6190476190476,50.0,50.0,MOF,79.0702
598.2456140350877,50.0,50.0,MOF,79.05908
598.8721804511279,50.0,50.0,MOF,79.04796
599.4987468671679,50.0,50.0,MOF,79.03686
600.125313283208,50.0,50.0,MOF,79.02574
600.7518796992481,50.0,50.0,MOF,79.014626
601.3784461152882,50.0,50.0,MOF,79.00351
602.0050125313284,50.0,50.0,MOF,78.9924
602.6315789473684,50.0,50.0,MOF,78.98128
603.2581453634085,50.0,50.0,MOF,78.97016
603.8847117794486,50.0,50.0,MOF,78.959045
604.5112781954887,50.0,50.0,MOF,78.94794
605.1378446115289,50.0,50.0,MOF,78.93681
605.7644110275689,50.0,50.0,MOF,78.92571
606.390977443609,50.0,50.0,MOF,78.91459
607.0175438596491,50.0,50.0,MOF,78.90349
607.6441102756892,50.0,50.0,MOF,78.892365
608.2706766917294,50.0,50.0,MOF,78.88281
608.8972431077694,50.0,50.0,MOF,78.87373
609.5238095238095,50.0,50.0,MOF,78.86467
610.1503759398496,50.0,50.0,MOF,78.8556
610.7769423558897,50.0,50.0,MOF,78.846535
611.4035087719299,50.0,50.0,MOF,78.83746
612.0300751879699,50.0,50.0,MOF,78.8284
612.65664160401,50.0,50.0,MOF,78.819336
613.2832080200501,50.0,50.0,MOF,78.81026
613.9097744360902,50.0,50.0,MOF,78.80119
614.5363408521304,50.0,50.0,MOF,78.79212
615.1629072681704,50.0,50.0,MOF,78.78305
615.7894736842105,50.0,50.0,MOF,78.77398
616.4160401002506,50.0,50.0,MOF,78.76492
617.0426065162907,50.0,50.0,MOF,78.75585
617.6691729323309,50.0,50.0,MOF,78.74679
618.295739348371,50.0,50.0,MOF,78.73772
618.922305764411,50.0,50.0,MOF,78.728645
619.5488721804511,50.0,50.0,MOF,78.719574
620.1754385964912,50.0,50.0,MOF,78.7105
620.8020050125314,50.0,50.0,MOF,78.70145
621.4285714285714,50.0,50.0,MOF,78.69237
622.0551378446115,50.0,50.0,MOF,78.683304
622.6817042606516,50.0,50.0,MOF,78.67424
623.3082706766917,50.0,50.0,MOF,78.66516
623.9348370927319,50.0,50.0,MOF,78.65609
624.561403508772,50.0,50.0,MOF,78.64702
625.187969924812,50.0,50.0,MOF,78.637955
625.8145363408521,50.0,50.0,MOF,78.62889
626.4411027568922,50.0,50.0,MOF,78.61982
627.0676691729324,50.0,50.0,MOF,78.61075
627.6942355889724,50.0,50.0,MOF,78.601685
628.3208020050125,50.0,50.0,MOF,78.592606
628.9473684210526,50.0,50.0,MOF,78.58354
629.5739348370927,50.0,50.0,MOF,78.57448
630.2005012531329,50.0,50.0,MOF,78.565414
630.827067669173,50.0,50.0,MOF,78.55635
631.453634085213,50.0,50.0,MOF,78.54727
632.0802005012531,50.0,50.0,MOF,78.53821
632.7067669172932,50.0,50.0,MOF,78.52914
633.3333333333334,50.0,50.0,MOF,78.520065
633.9598997493734,50.0,50.0,MOF,78.51152
634.5864661654135,50.0,50.0,MOF,78.503716
635.2130325814536,50.0,50.0,MOF,78.49592
635.8395989974937,50.0,50.0,MOF,78.48811
636.4661654135339,50.0,50.0,MOF,78.48033
637.092731829574,50.0,50.0,MOF,78.47253
637.719298245614,50.0,50.0,MOF,78.46474
638.3458646616541,50.0,50.0,MOF,78.456924
638.9724310776942,50.0,50.0,MOF,78.44913
639.5989974937344,50.0,50.0,MOF,78.44133
640.2255639097745,50.0,50.0,MOF,78.43353
640.8521303258145,50.0,50.0,MOF,78.425735
641.4786967418546,50.0,50.0,MOF,78.41794
642.1052631578947,50.0,50.0,MOF,78.41013
642.7318295739349,50.0,50.0,MOF,78.40235
643.358395989975,50.0,50.0,MOF,78.39455
643.984962406015,50.0,50.0,MOF,78.38675
644.6115288220551,50.0,50.0,MOF,78.37894
645.2380952380952,50.0,50.0,MOF,78.371155
645.8646616541354,50.0,50.0,MOF,78.36335
646.4912280701755,50.0,50.0,MOF,78.35555
647.1177944862155,50.0,50.0,MOF,78.34775
647.7443609022556,50.0,50.0,MOF,78.33995
648.3709273182957,50.0,50.0,MOF,78.33216
648.9974937343359,50.0,50.0,MOF,78.324356
649.624060150376,50.0,50.0,MOF,78.31656
650.250626566416,50.0,50.0,MOF,78.30877
650.8771929824561,50.0,50.0,MOF,78.300964
651.5037593984962,50.0,50.0,MOF,78.294556
652.1303258145364,50.0,50.0,MOF,78.289185
652.7568922305765,50.0,50.0,MOF,78.28383
653.3834586466165,50.0,50.0,MOF,78.27846
654.0100250626566,50.0,50.0,MOF,78.2731
654.6365914786967,50.0,50.0,MOF,78.26774
655.2631578947369,50.0,50.0,MOF,78.26238
655.889724310777,50.0,50.0,MOF,78.25702
656.516290726817,50.0,50.0,MOF,78.25166
657.1428571428571,50.0,50.0,MOF,78.24629
657.7694235588972,50.0,50.0,MOF,78.24094
658.3959899749374,50.0,50.0,MOF,78.235565
659.0225563909775,50.0,50.0,MOF,78.23021
659.6491228070175,50.0,50.0,MOF,78.22485
660.2756892230576,50.0,50.0,MOF,78.21949
660.9022556390977,50.0,50.0,MOF,78.21413
661.5288220551379,50.0,50.0,MOF,78.20876
662.155388471178,50.0,50.0,MOF,78.20341
662.781954887218,50.0,50.0,MOF,78.198044
663.4085213032581,50.0,50.0,MOF,78.190834
664.0350877192982,50.0,50.0,MOF,78.18221
664.6616541353384,50.0,50.0,MOF,78.17359
665.2882205513785,50.0,50.0,MOF,78.16496
665.9147869674185,50.0,50.0,MOF,78.15634
666.5413533834586,50.0,50.0,MOF,78.14772
667.1679197994987,50.0,50.0,MOF,78.1391
667.7944862155389,50.0,50.0,MOF,78.13046
668.421052631579,50.0,50.0,MOF,78.121994
669.047619047619,50.0,50.0,MOF,78.11488
669.6741854636591,50.0,50.0,MOF,78.107765
670.3007518796992,50.0,50.0,MOF,78.10065
670.9273182957394,50.0,50.0,MOF,78.09353
671.5538847117795,50.0,50.0,MOF,78.08641
672.1804511278195,50.0,50.0,MOF,78.07929
672.8070175438596,50.0,50.0,MOF,78.07218
673.4335839598998,50.0,50.0,MOF,78.06507
674.0601503759399,50.0,50.0,MOF,78.05796
674.68671679198,50.0,50.0,MOF,78.05084
675.31328320802,50.0,50.0,MOF,78.04324
675.9398496240601,50.0,50.0,MOF,78.03487
676.5664160401002,50.0,50.0,MOF,78.02651
677.1929824561404,50.0,50.0,MOF,78.01814
677.8195488721805,50.0,50.0,MOF,78.00979
678.4461152882205,50.0,50.0,MOF,78.00143
679.0726817042606,50.0,50.0,MOF,77.99306
679.6992481203008,50.0,50.0,MOF,77.9847
680.3258145363409,50.0,50.0,MOF,77.97633
680.952380952381,50.0,50.0,MOF,77.96797
681.578947368421,50.0,50.0,MOF,77.95961
682.2055137844611,50.0,50.0,MOF,77.95125
682.8320802005012,50.0,50.0,MOF,77.94288
683.4586466165414,50.0,50.0,MOF,77.934525
684.0852130325815,50.0,50.0,MOF,77.926155
684.7117794486215,50.0,50.0,MOF,77.91779
685.3383458646616,50.0,50.0,MOF,77.909424
685.9649122807018,50.0,50.0,MOF,77.90107
686.5914786967419,50.0,50.0,MOF,77.8927
687.218045112782,50.0,50.0,MOF,77.884346
687.844611528822,50.0,50.0,MOF,77.87598
688.4711779448621,50.0,50.0,MOF,77.867615
689.0977443609022,50.0,50.0,MOF,77.85925
689.7243107769424,50.0,50.0,MOF,77.85089
690.3508771929825,50.0,50.0,MOF,77.84253
690.9774436090225,50.0,50.0,MOF,77.83416
691.6040100250626,50.0,50.0,MOF,77.825806
692.2305764411028,50.0,50.0,MOF,77.817444
692.8571428571429,50.0,50.0,MOF,77.809074
693.483709273183,50.0,50.0,MOF,77.80071
694.110275689223,50.0,50.0,MOF,77.79235
694.7368421052631,50.0,50.0,MOF,77.78399
695.3634085213032,50.0,50.0,MOF,77.775635
695.9899749373434,50.0,50.0,MOF,77.767265
696.6165413533835,50.0,50.0,MOF,77.7589
697.2431077694235,50.0,50.0,MOF,77.750534
697.8696741854636,50.0,50.0,MOF,77.74218
698.4962406015038,50.0,50.0,MOF,77.73381
699.1228070175439,50.0,50.0,MOF,77.72545
699.749373433584,50.0,50.0,MOF,77.71709
700.375939849624,50.0,50.0,MOF,77.70872
701.0025062656641,50.0,50.0,MOF,77.700356
701.6290726817042,50.0,50.0,MOF,77.692
702.2556390977444,50.0,50.0,MOF,77.68364
702.8822055137845,50.0,50.0,MOF,77.67527
703.5087719298245,50.0,50.0,MOF,77.6669
704.1353383458646,50.0,50.0,MOF,77.65855
704.7619047619048,50.0,50.0,MOF,77.65018
705.3884711779449,50.0,50.0,MOF,77.641815
706.015037593985,50.0,50.0,MOF,77.633545
706.641604010025,50.0,50.0,MOF,77.62555
707.2681704260651,50.0,50.0,MOF,77.61754
707.8947368421052,50.0,50.0,MOF,77.60954
708.5213032581454,50.0,50.0,MOF,77.60155
709.1478696741855,50.0,50.0,MOF,77.59354
709.7744360902255,50.0,50.0,MOF,77.58553
710.4010025062656,50.0,50.0,MOF,77.577545
711.0275689223058,50.0,50.0,MOF,77.569534
711.6541353383459,50.0,50.0,MOF,77.562004
712.280701754386,50.0,50.0,MOF,77.555725
712.907268170426,50.0,50.0,MOF,77.54945
713.5338345864661,50.0,50.0,MOF,77.54318
714.1604010025062,50.0,50.0,MOF,77.53691
714.7869674185464,50.0,50.0,MOF,77.53063
715.4135338345865,50.0,50.0,MOF,77.52437
716.0401002506266,50.0,50.0,MOF,77.51808
716.6666666666666,50.0,50.0,MOF,77.51099
717.2932330827068,50.0,50.0,MOF,77.50372
717.9197994987469,50.0,50.0,MOF,77.49644
718.546365914787,50.0,50.0,MOF,77.48916
719.172932330827,50.0,50.0,MOF,77.48189
719.7994987468671,50.0,50.0,MOF,77.474594
720.4260651629072,50.0,50.0,MOF,77.46732
721.0526315789474,50.0,50.0,MOF,77.46004
721.6791979949875,50.0,50.0,MOF,77.45277
722.3057644110276,50.0,50.0,MOF,77.44549
722.9323308270676,50.0,50.0,MOF,77.43821
723.5588972431078,50.0,50.0,MOF,77.43129
724.1854636591479,50.0,50.0,MOF,77.4252
724.812030075188,50.0,50.0,MOF,77.41913
725.438596491228,50.0,50.0,MOF,77.41318
726.0651629072681,50.0,50.0,MOF,77.40764
726.6917293233082,50.0,50.0,MOF,77.40211
727.3182957393484,50.0,50.0,MOF,77.39656
727.9448621553885,50.0,50.0,MOF,77.39104
728.5714285714286,50.0,50.0,MOF,77.3855
729.1979949874686,50.0,50.0,MOF,77.37996
729.8245614035088,50.0,50.0,MOF,77.37442
730.4511278195489,50.0,50.0,MOF,77.36889
731.077694235589,50.0,50.0,MOF,77.36334
731.704260651629,50.0,50.0,MOF,77.3578
732.3308270676691,50.0,50.0,MOF,77.35228
732.9573934837092,50.0,50.0,MOF,77.34674
733.5839598997494,50.0,50.0,MOF,77.341194
734.2105263157895,50.0,50.0,MOF,77.33566
734.8370927318296,50.0,50.0,MOF,77.330124
735.4636591478696,50.0,50.0,MOF,77.32459
736.0902255639098,50.0,50.0,MOF,77.31906
736.7167919799499,50.0,50.0,MOF,77.31352
737.34335839599,50.0,50.0,MOF,77.30798
737.9699248120301,50.0,50.0,MOF,77.30244
738.5964912280701,50.0,50.0,MOF,77.29691
739.2230576441102,50.0,50.0,MOF,77.29137
739.8496240601504,50.0,50.0,MOF,77.285774
740.4761904761905,50.0,50.0,MOF,77.278046
741.1027568922306,50.0,50.0,MOF,77.2703
741.7293233082706,50.0,50.0,MOF,77.26254
742.3558897243108,50.0,50.0,MOF,77.25481
742.9824561403509,50.0,50.0,MOF,77.247055
743.609022556391,50.0,50.0,MOF,77.23932
744.2355889724311,50.0,50.0,MOF,77.231575
744.8621553884711,50.0,50.0,MOF,77.22382
745.4887218045112,50.0,50.0,MOF,77.21609
746.1152882205514,50.0,50.0,MOF,77.208336
746.7418546365915,50.0,50.0,MOF,77.20059
747.3684210526316,50.0,50.0,MOF,77.19285
747.9949874686716,50.0,50.0,MOF,77.185104
748.6215538847118,50.0,50.0,MOF,77.17737
749.2481203007519,50.0,50.0,MOF,77.16962
749.874686716792,50.0,50.0,MOF,77.16187
750.5012531328321,50.0,50.0,MOF,77.15412
751.1278195488721,50.0,50.0,MOF,77.14638
751.7543859649122,50.0,50.0,MOF,77.13864
752.3809523809524,50.0,50.0,MOF,77.13089
753.0075187969925,50.0,50.0,MOF,77.12315
753.6340852130326,50.0,50.0,MOF,77.1154
754.2606516290726,50.0,50.0,MOF,77.107666
754.8872180451128,50.0,50.0,MOF,77.09992
755.5137844611529,50.0,50.0,MOF,77.09216
756.140350877193,50.0,50.0,MOF,77.08443
756.7669172932331,50.0,50.0,MOF,77.07668
757.3934837092731,50.0,50.0,MOF,77.06894
758.0200501253132,50.0,50.0,MOF,77.061195
758.6466165413534,50.0,50.0,MOF,77.05345
759.2731829573935,50.0,50.0,MOF,77.04571
759.8997493734336,50.0,50.0,MOF,77.037964
760.5263157894736,50.0,50.0,MOF,77.03021
761.1528822055138,50.0,50.0,MOF,77.02247
761.7794486215539,50.0,50.0,MOF,77.014725
762.406015037594,50.0,50.0,MOF,77.00699
763.0325814536341,50.0,50.0,MOF,76.99923
763.6591478696741,50.0,50.0,MOF,76.991486
764.2857142857142,50.0,50.0,MOF,76.98375
764.9122807017544,50.0,50.0,MOF,76.976
765.5388471177945,50.0,50.0,MOF,76.96827
766.1654135338346,50.0,50.0,MOF,76.96051
766.7919799498746,50.0,50.0,MOF,76.952774
767.4185463659148,50.0,50.0,MOF,76.94502
768.0451127819549,50.0,50.0,MOF,76.93728
768.671679197995,50.0,50.0,MOF,76.929535
769.2982456140351,50.0,50.0,MOF,76.92178
769.9248120300751,50.0,50.0,MOF,76.91405
770.5513784461152,50.0,50.0,MOF,76.906296
771.1779448621554,50.0,50.0,MOF,76.8997
771.8045112781955,50.0,50.0,MOF,76.89351
772.4310776942356,50.0,50.0,MOF,76.887344
773.0576441102756,50.0,50.0,MOF,76.881165
773.6842105263158,50.0,50.0,MOF,76.87499
774.3107769423559,50.0,50.0,MOF,76.86881
774.937343358396,50.0,50.0,MOF,76.86264
775.5639097744361,50.0,50.0,MOF,76.85646
776.1904761904761,50.0,50.0,MOF,76.85028
776.8170426065162,50.0,50.0,MOF,76.8441
777.4436090225564,50.0,50.0,MOF,76.83794
778.0701754385965,50.0,50.0,MOF,76.83176
778.6967418546366,50.0,50.0,MOF,76.82558
779.3233082706766,50.0,50.0,MOF,76.819405
779.9498746867168,50.0,50.0,MOF,76.81322
780.5764411027569,50.0,50.0,MOF,76.80705
781.203007518797,50.0,50.0,MOF,76.80087
781.8295739348371,50.0,50.0,MOF,76.79471
782.4561403508771,50.0,50.0,MOF,76.78853
783.0827067669172,50.0,50.0,MOF,76.78235
783.7092731829574,50.0,50.0,MOF,76.77617
784.3358395989975,50.0,50.0,MOF,76.76999
784.9624060150376,50.0,50.0,MOF,76.763824
785.5889724310777,50.0,50.0,MOF,76.757645
786.2155388471178,50.0,50.0,MOF,76.75147
786.8421052631579,50.0,50.0,MOF,76.74529
787.468671679198,50.0,50.0,MOF,76.73912
788.0952380952381,50.0,50.0,MOF,76.73651
788.7218045112782,50.0,50.0,MOF,76.735596
789.3483709273182,50.0,50.0,MOF,76.734695
789.9749373433584,50.0,50.0,MOF,76.7338
790.6015037593985,50.0,50.0,MOF,76.732895
791.2280701754386,50.0,50.0,MOF,76.73199
791.8546365914787,50.0,50.0,MOF,76.73109
792.4812030075188,50.0,50.0,MOF,76.73018
793.1077694235589,50.0,50.0,MOF,76.72927
793.734335839599,50.0,50.0,MOF,76.72836
794.3609022556391,50.0,50.0,MOF,76.72775
794.9874686716792,50.0,50.0,MOF,76.7291
795.6140350877192,50.0,50.0,MOF,76.73045
796.2406015037594,50.0,50.0,MOF,76.731804
796.8671679197995,50.0,50.0,MOF,76.73314
797.4937343358396,50.0,50.0,MOF,76.734505
798.1203007518797,50.0,50.0,MOF,76.73633
798.7468671679198,50.0,50.0,MOF,76.738625
799.3734335839599,50.0,50.0,MOF,76.74092
800.0,50.0,50.0,MOF,76.7432
550.0,60.0,50.0,MOF,80.0
550.6265664160401,60.0,50.0,MOF,80.0
551.2531328320802,60.0,50.0,MOF,80.0
551.8796992481203,60.0,50.0,MOF,80.0
552.5062656641604,60.0,50.0,MOF,80.0
553.1328320802005,60.0,50.0,MOF,80.0
553.7593984962406,60.0,50.0,MOF,80.0
554.3859649122807,60.0,50.0,MOF,80.0
555.0125313283208,60.0,50.0,MOF,80.0
555.6390977443609,60.0,50.0,MOF,80.0
556.265664160401,60.0,50.0,MOF,80.0
556.8922305764411,60.0,50.0,MOF,80.0
557.5187969924812,60.0,50.0,MOF,80.0
558.1453634085213,60.0,50.0,MOF,80.0
558.7719298245614,60.0,50.0,MOF,80.0
559.3984962406015,60.0,50.0,MOF,80.0
560.0250626566416,60.0,50.0,MOF,80.0
560.6516290726817,60.0,50.0,MOF,80.0
561.2781954887218,60.0,50.0,MOF,80.0
561.9047619047619,60.0,50.0,MOF,80.0
562.531328320802,60.0,50.0,MOF,80.0
563.1578947368421,60.0,50.0,MOF,79.999344
563.7844611528822,60.0,50.0,MOF,79.98721
564.4110275689223,60.0,50.0,MOF,79.975075
565.0375939849624,60.0,50.0,MOF,79.96295
565.6641604010025,60.0,50.0,MOF,79.95081
566.2907268170426,60.0,50.0,MOF,79.93869
566.9172932330827,60.0,50.0,MOF,79.92657
567.5438596491229,60.0,50.0,MOF,79.91443
568.1704260651629,60.0,50.0,MOF,79.9023
568.796992481203,60.0,50.0,MOF,79.89018
569.4235588972431,60.0,50.0,MOF,79.878044
570.0501253132832,60.0,50.0,MOF,79.86592
570.6766917293234,60.0,50.0,MOF,79.85379
571.3032581453634,60.0,50.0,MOF,79.84166
571.9298245614035,60.0,50.0,MOF,79.82953
572.5563909774436,60.0,50.0,MOF,79.817406
573.1829573934837,60.0,50.0,MOF,79.80527
573.8095238095239,60.0,50.0,MOF,79.79293
574.4360902255639,60.0,50.0,MOF,79.77959
575.062656641604,60.0,50.0,MOF,79.76625
575.6892230576441,60.0,50.0,MOF,79.754486
576.3157894736842,60.0,50.0,MOF,79.74289
576.9423558897244,60.0,50.0,MOF,79.731285
577.5689223057644,60.0,50.0,MOF,79.7198
578.1954887218045,60.0,50.0,MOF,79.708595
578.8220551378446,60.0,50.0,MOF,79.697395
579.4486215538847,60.0,50.0,MOF,79.686195
580.0751879699249,60.0,50.0,MOF,79.67498
580.7017543859649,60.0,50.0,MOF,79.66379
581.328320802005,60.0,50.0,MOF,79.65257
581.9548872180451,60.0,50.0,MOF,79.64136
582.5814536340852,60.0,50.0,MOF,79.63016
583.2080200501254,60.0,50.0,MOF,79.61896
583.8345864661654,60.0,50.0,MOF,79.60775
584.4611528822055,60.0,50.0,MOF,79.59654
585.0877192982456,60.0,50.0,MOF,79.58533
585.7142857142857,60.0,50.0,MOF,79.57413
586.3408521303259,60.0,50.0,MOF,79.56293
586.9674185463659,60.0,50.0,MOF,79.55172
587.593984962406,60.0,50.0,MOF,79.54051
588.2205513784461,60.0,50.0,MOF,79.529305
588.8471177944862,60.0,50.0,MOF,79.518105
589.4736842105264,60.0,50.0,MOF,79.5069
590.1002506265664,60.0,50.0,MOF,79.49569
590.7268170426065,60.0,50.0,MOF,79.48449
591.3533834586466,60.0,50.0,MOF,79.473274
591.9799498746867,60.0,50.0,MOF,79.46207
592.6065162907269,60.0,50.0,MOF,79.45087
593.2330827067669,60.0,50.0,MOF,79.43967
593.859649122807,60.0,50.0,MOF,79.42845
594.4862155388471,60.0,50.0,MOF,79.41725
595.1127819548872,60.0,50.0,MOF,79.40604
595.7393483709274,60.0,50.0,MOF,79.39484
596.3659147869674,60.0,50.0,MOF,79.38363
596.9924812030075,60.0,50.0,MOF,79.37243
597.6190476190476,60.0,50.0,MOF,79.36122
598.2456140350877,60.0,50.0,MOF,79.35001
598.8721804511279,60.0,50.0,MOF,79.338806
599.4987468671679,60.0,50.0,MOF,79.32761
600.125313283208,60.0,50.0,MOF,79.31639
600.7518796992481,60.0,50.0,MOF,79.3052
601.3784461152882,60.0,50.0,MOF,79.293976
602.0050125313284,60.0,50.0,MOF,79.28278
602.6315789473684,60.0,50.0,MOF,79.27157
603.2581453634085,60.0,50.0,MOF,79.26036
603.8847117794486,60.0,50.0,MOF,79.24916
604.5112781954887,60.0,50.0,MOF,79.23795
605.1378446115289,60.0,50.0,MOF,79.226746
605.7644110275689,60.0,50.0,MOF,79.215546
606.390977443609,60.0,50.0,MOF,79.204346
607.0175438596491,60.0,50.0,MOF,79.19314
607.6441102756892,60.0,50.0,MOF,79.18192
608.2706766917294,60.0,50.0,MOF,79.170715
608.8972431077694,60.0,50.0,MOF,79.15952
609.5238095238095,60.0,50.0,MOF,79.14831
610.1503759398496,60.0,50.0,MOF,79.1371
610.7769423558897,60.0,50.0,MOF,79.1259
611.4035087719299,60.0,50.0,MOF,79.11469
612.0300751879699,60.0,50.0,MOF,79.10348
612.65664160401,60.0,50.0,MOF,79.09228
613.2832080200501,60.0,50.0,MOF,79.08108
613.9097744360902,60.0,50.0,MOF,79.06987
614.5363408521304,60.0,50.0,MOF,79.058655
615.1629072681704,60.0,50.0,MOF,79.047455
615.7894736842105,60.0,50.0,MOF,79.03625
616.4160401002506,60.0,50.0,MOF,79.02505
617.0426065162907,60.0,50.0,MOF,79.01384
617.6691729323309,60.0,50.0,MOF,79.002625
618.295739348371,60.0,50.0,MOF,78.991425
618.922305764411,60.0,50.0,MOF,78.980225
619.5488721804511,60.0,50.0,MOF,78.96901
620.1754385964912,60.0,50.0,MOF,78.95781
620.8020050125314,60.0,50.0,MOF,78.9466
621.4285714285714,60.0,50.0,MOF,78.935394
622.0551378446115,60.0,50.0,MOF,78.924194
622.6817042606516,60.0,50.0,MOF,78.913315
623.3082706766917,60.0,50.0,MOF,78.90266
623.9348370927319,60.0,50.0,MOF,78.892
624.561403508772,60.0,50.0,MOF,78.88134
625.187969924812,60.0,50.0,MOF,78.870674
625.8145363408521,60.0,50.0,MOF,78.860016
626.4411027568922,60.0,50.0,MOF,78.84936
627.0676691729324,60.0,50.0,MOF,78.8387
627.6942355889724,60.0,50.0,MOF,78.82803
628.3208020050125,60.0,50.0,MOF,78.817375
628.9473684210526,60.0,50.0,MOF,78.80672
629.5739348370927,60.0,50.0,MOF,78.7955
630.2005012531329,60.0,50.0,MOF,78.78158
630.827067669173,60.0,50.0,MOF,78.767654
631.453634085213,60.0,50.0,MOF,78.75374
632.0802005012531,60.0,50.0,MOF,78.73981
632.7067669172932,60.0,50.0,MOF,78.72589
633.3333333333334,60.0,50.0,MOF,78.71196
633.9598997493734,60.0,50.0,MOF,78.69803
634.5864661654135,60.0,50.0,MOF,78.68411
635.2130325814536,60.0,50.0,MOF,78.6702
635.8395989974937,60.0,50.0,MOF,78.656265
636.4661654135339,60.0,50.0,MOF,78.64234
637.092731829574,60.0,50.0,MOF,78.62842
637.719298245614,60.0,50.0,MOF,78.614494
638.3458646616541,60.0,50.0,MOF,78.60057
638.9724310776942,60.0,50.0,MOF,78.58664
639.5989974937344,60.0,50.0,MOF,78.57272
640.2255639097745,60.0,50.0,MOF,78.55873
640.8521303258145,60.0,50.0,MOF,78.54473
641.4786967418546,60.0,50.0,MOF,78.53071
642.1052631578947,60.0,50.0,MOF,78.51669
642.7318295739349,60.0,50.0,MOF,78.502686
643.358395989975,60.0,50.0,MOF,78.48866
643.984962406015,60.0,50.0,MOF,78.474655
644.6115288220551,60.0,50.0,MOF,78.46063
645.2380952380952,60.0,50.0,MOF,78.446625
645.8646616541354,60.0,50.0,MOF,78.4326
646.4912280701755,60.0,50.0,MOF,78.418594
647.1177944862155,60.0,50.0,MOF,78.40457
647.7443609022556,60.0,50.0,MOF,78.390564
648.3709273182957,60.0,50.0,MOF,78.37654
648.9974937343359,60.0,50.0,MOF,78.36254
649.624060150376,60.0,50.0,MOF,78.34851
650.250626566416,60.0,50.0,MOF,78.3345
650.8771929824561,60.0,50.0,MOF,78.32049
651.5037593984962,60.0,50.0,MOF,78.30647
652.1303258145364,60.0,50.0,MOF,78.293304
652.7568922305765,60.0,50.0,MOF,78.28056
653.3834586466165,60.0,50.0,MOF,78.26782
654.0100250626566,60.0,50.0,MOF,78.25507
654.6365914786967,60.0,50.0,MOF,78.242325
655.2631578947369,60.0,50.0,MOF,78.22958
655.889724310777,60.0,50.0,MOF,78.21684
656.516290726817,60.0,50.0,MOF,78.204094
657.1428571428571,60.0,50.0,MOF,78.191345
657.7694235588972,60.0,50.0,MOF,78.17762
658.3959899749374,60.0,50.0,MOF,78.16387
659.0225563909775,60.0,50.0,MOF,78.150116
659.6491228070175,60.0,50.0,MOF,78.13637
660.2756892230576,60.0,50.0,MOF,78.12379
660.9022556390977,60.0,50.0,MOF,78.11248
661.5288220551379,60.0,50.0,MOF,78.10116
662.155388471178,60.0,50.0,MOF,78.08984
662.781954887218,60.0,50.0,MOF,78.07854
663.4085213032581,60.0,50.0,MOF,78.06722
664.0350877192982,60.0,50.0,MOF,78.0559
664.6616541353384,60.0,50.0,MOF,78.044586
665.2882205513785,60.0,50.0,MOF,78.03328
665.9147869674185,60.0,50.0,MOF,78.02197
666.5413533834586,60.0,50.0,MOF,78.01065
667.1679197994987,60.0,50.0,MOF,77.999344
667.7944862155389,60.0,50.0,MOF,77.98803
668.421052631579,60.0,50.0,MOF,77.97857
669.047619047619,60.0,50.0,MOF,77.96931
669.6741854636591,60.0,50.0,MOF,77.96004
670.3007518796992,60.0,50.0,MOF,77.950775
670.9273182957394,60.0,50.0,MOF,77.94151
671.5538847117795,60.0,50.0,MOF,77.932236
672.1804511278195,60.0,50.0,MOF,77.92297
672.8070175438596,60.0,50.0,MOF,77.91371
673.4335839598998,60.0,50.0,MOF,77.904434
674.0601503759399,60.0,50.0,MOF,77.89517
674.68671679198,60.0,50.0,MOF,77.88591
675.31328320802,60.0,50.0,MOF,77.87663
675.9398496240601,60.0,50.0,MOF,77.86737
676.5664160401002,60.0,50.0,MOF,77.85811
677.1929824561404,60.0,50.0,MOF,77.84884
677.8195488721805,60.0,50.0,MOF,77.83957
678.4461152882205,60.0,50.0,MOF,77.83031
679.0726817042606,60.0,50.0,MOF,77.82103
679.6992481203008,60.0,50.0,MOF,77.81177
680.3258145363409,60.0,50.0,MOF,77.802505
680.952380952381,60.0,50.0,MOF,77.79323
681.578947368421,60.0,50.0,MOF,77.783966
682.2055137844611,60.0,50.0,MOF,77.7747
682.8320802005012,60.0,50.0,MOF,77.76543
683.4586466165414,60.0,50.0,MOF,77.756165
684.0852130325815,60.0,50.0,MOF,77.7469
684.7117794486215,60.0,50.0,MOF,77.737625
685.3383458646616,60.0,50.0,MOF,77.72836
685.9649122807018,60.0,50.0,MOF,77.7191
686.5914786967419,60.0,50.0,MOF,77.70982
687.218045112782,60.0,50.0,MOF,77.70056
687.844611528822,60.0,50.0,MOF,77.6913
688.4711779448621,60.0,50.0,MOF,77.68202
689.0977443609022,60.0,50.0,MOF,77.67277
689.7243107769424,60.0,50.0,MOF,77.6635
690.3508771929825,60.0,50.0,MOF,77.65423
690.9774436090225,60.0,50.0,MOF,77.64497
691.6040100250626,60.0,50.0,MOF,77.6357
692.2305764411028,60.0,50.0,MOF,77.62643
692.8571428571429,60.0,50.0,MOF,77.61716
693.483709273183,60.0,50.0,MOF,77.607895
694.110275689223,60.0,50.0,MOF,77.598625
694.7368421052631,60.0,50.0,MOF,77.58965
695.3634085213032,60.0,50.0,MOF,77.58133
695.9899749373434,60.0,50.0,MOF,77.573
696.6165413533835,60.0,50.0,MOF,77.564674
697.2431077694235,60.0,50.0,MOF,77.55635
697.8696741854636,60.0,50.0,MOF,77.54803
698.4962406015038,60.0,50.0,MOF,77.539696
699.1228070175439,60.0,50.0,MOF,77.53138
699.749373433584,60.0,50.0,MOF,77.523056
700.375939849624,60.0,50.0,MOF,77.514725
701.0025062656641,60.0,50.0,MOF,77.50641
701.6290726817042,60.0,50.0,MOF,77.498085
702.2556390977444,60.0,50.0,MOF,77.48975
702.8822055137845,60.0,50.0,MOF,77.48143
703.5087719298245,60.0,50.0,MOF,77.4724
704.1353383458646,60.0,50.0,MOF,77.46187
704.7619047619048,60.0,50.0,MOF,77.45248
705.3884711779449,60.0,50.0,MOF,77.44345
706.015037593985,60.0,50.0,MOF,77.43442
706.641604010025,60.0,50.0,MOF,77.4254
707.2681704260651,60.0,50.0,MOF,77.41638
707.8947368421052,60.0,50.0,MOF,77.40736
708.5213032581454,60.0,50.0,MOF,77.39833
709.1478696741855,60.0,50.0,MOF,77.38931
709.7744360902255,60.0,50.0,MOF,77.380295
710.4010025062656,60.0,50.0,MOF,77.37126
711.0275689223058,60.0,50.0,MOF,77.36223
711.6541353383459,60.0,50.0,MOF,77.35322
712.280701754386,60.0,50.0,MOF,77.3442
712.907268170426,60.0,50.0,MOF,77.33529
713.5338345864661,60.0,50.0,MOF,77.326385
714.1604010025062,60.0,50.0,MOF,77.31749
714.7869674185464,60.0,50.0,MOF,77.30858
715.4135338345865,60.0,50.0,MOF,77.29968
716.0401002506266,60.0,50.0,MOF,77.29077
716.6666666666666,60.0,50.0,MOF,77.281876
717.2932330827068,60.0,50.0,MOF,77.272964
717.9197994987469,60.0,50.0,MOF,77.26407
718.546365914787,60.0,50.0,MOF,77.25516
719.172932330827,60.0,50.0,MOF,77.246254
719.7994987468671,60.0,50.0,MOF,77.23736
720.4260651629072,60.0,50.0,MOF,77.228455
721.0526315789474,60.0,50.0,MOF,77.21955
721.6791979949875,60.0,50.0,MOF,77.21064
722.3057644110276,60.0,50.0,MOF,77.20174
722.9323308270676,60.0,50.0,MOF,77.19285
723.5588972431078,60.0,50.0,MOF,77.18394
724.1854636591479,60.0,50.0,MOF,77.17503
724.812030075188,60.0,50.0,MOF,77.16613
725.438596491228,60.0,50.0,MOF,77.15723
726.0651629072681,60.0,50.0,MOF,77.14833
726.6917293233082,60.0,50.0,MOF,77.13943
727.3182957393484,60.0,50.0,MOF,77.13052
727.9448621553885,60.0,50.0,MOF,77.12161
728.5714285714286,60.0,50.0,MOF,77.1127
729.1979949874686,60.0,50.0,MOF,77.103806
729.8245614035088,60.0,50.0,MOF,77.09491
730.4511278195489,60.0,50.0,MOF,77.086
731.077694235589,60.0,50.0,MOF,77.0771
731.704260651629,60.0,50.0,MOF,77.06819
732.3308270676691,60.0,50.0,MOF,77.05929
732.9573934837092,60.0,50.0,MOF,77.050385
733.5839598997494,60.0,50.0,MOF,77.04149
734.2105263157895,60.0,50.0,MOF,77.032364
734.8370927318296,60.0,50.0,MOF,77.022415
735.4636591478696,60.0,50.0,MOF,77.01247
736.0902255639098,60.0,50.0,MOF,77.00252
736.7167919799499,60.0,50.0,MOF,76.992584
737.34335839599,60.0,50.0,MOF,76.98262
737.9699248120301,60.0,50.0,MOF,76.97269
738.5964912280701,60.0,50.0,MOF,76.96274
739.2230576441102,60.0,50.0,MOF,76.952805
739.8496240601504,60.0,50.0,MOF,76.942856
740.4761904761905,60.0,50.0,MOF,76.93291
741.1027568922306,60.0,50.0,MOF,76.92297
741.7293233082706,60.0,50.0,MOF,76.91302
742.3558897243108,60.0,50.0,MOF,76.90383
742.9824561403509,60.0,50.0,MOF,76.89509
743.609022556391,60.0,50.0,MOF,76.886345
744.2355889724311,60.0,50.0,MOF,76.877594
744.8621553884711,60.0,50.0,MOF,76.86885
745.4887218045112,60.0,50.0,MOF,76.8601
746.1152882205514,60.0,50.0,MOF,76.8526
746.7418546365915,60.0,50.0,MOF,76.84912
747.3684210526316,60.0,50.0,MOF,76.84564
747.9949874686716,60.0,50.0,MOF,76.84216
748.6215538847118,60.0,50.0,MOF,76.838684
749.2481203007519,60.0,50.0,MOF,76.83522
749.874686716792,60.0,50.0,MOF,76.83173
750.5012531328321,60.0,50.0,MOF,76.82826
751.1278195488721,60.0,50.0,MOF,76.82478
751.7543859649122,60.0,50.0,MOF,76.821304
752.3809523809524,60.0,50.0,MOF,76.817825
753.0075187969925,60.0,50.0,MOF,76.81435
753.6340852130326,60.0,50.0,MOF,76.81201
754.2606516290726,60.0,50.0,MOF,76.81027
754.8872180451128,60.0,50.0,MOF,76.808525
755.5137844611529,60.0,50.0,MOF,76.80678
756.140350877193,60.0,50.0,MOF,76.80502
756.7669172932331,60.0,50.0,MOF,76.803276
757.3934837092731,60.0,50.0,MOF,76.80153
758.0200501253132,60.0,50.0,MOF,76.799774
758.6466165413534,60.0,50.0,MOF,76.79803
759.2731829573935,60.0,50.0,MOF,76.79628
759.8997493734336,60.0,50.0,MOF,76.79453
760.5263157894736,60.0,50.0,MOF,76.79278
761.1528822055138,60.0,50.0,MOF,76.79104
761.7794486215539,60.0,50.0,MOF,76.78929
762.406015037594,60.0,50.0,MOF,76.78754
763.0325814536341,60.0,50.0,MOF,76.78579
763.6591478696741,60.0,50.0,MOF,76.78404
764.2857142857142,60.0,50.0,MOF,76.78229
764.9122807017544,60.0,50.0,MOF,76.78054
765.5388471177945,60.0,50.0,MOF,76.77879
766.1654135338346,60.0,50.0,MOF,76.77893
766.7919799498746,60.0,50.0,MOF,76.779434
767.4185463659148,60.0,50.0,MOF,76.779945
768.0451127819549,60.0,50.0,MOF,76.78044
768.671679197995,60.0,50.0,MOF,76.78095
769.2982456140351,60.0,50.0,MOF,76.781456
769.9248120300751,60.0,50.0,MOF,76.78197
770.5513784461152,60.0,50.0,MOF,76.78247
771.1779448621554,60.0,50.0,MOF,76.782974
771.8045112781955,60.0,50.0,MOF,76.783485
772.4310776942356,60.0,50.0,MOF,76.78399
773.0576441102756,60.0,50.0,MOF,76.784485
773.6842105263158,60.0,50.0,MOF,76.78499
774.3107769423559,60.0,50.0,MOF,76.78549
774.937343358396,60.0,50.0,MOF,76.78601
775.5639097744361,60.0,50.0,MOF,76.786514
776.1904761904761,60.0,50.0,MOF,76.78702
776.8170426065162,60.0,50.0,MOF,76.787155
777.4436090225564,60.0,50.0,MOF,76.78641
778.0701754385965,60.0,50.0,MOF,76.78609
778.6967418546366,60.0,50.0,MOF,76.78638
779.3233082706766,60.0,50.0,MOF,76.78665
779.9498746867168,60.0,50.0,MOF,76.78695
780.5764411027569,60.0,50.0,MOF,76.78724
781.203007518797,60.0,50.0,MOF,76.78752
781.8295739348371,60.0,50.0,MOF,76.78781
782.4561403508771,60.0,50.0,MOF,76.7881
783.0827067669172,60.0,50.0,MOF,76.788376
783.7092731829574,60.0,50.0,MOF,76.788666
784.3358395989975,60.0,50.0,MOF,76.788956
784.9624060150376,60.0,50.0,MOF,76.78924
785.5889724310777,60.0,50.0,MOF,76.78953
786.2155388471178,60.0,50.0,MOF,76.78981
786.8421052631579,60.0,50.0,MOF,76.79011
787.468671679198,60.0,50.0,MOF,76.79039
788.0952380952381,60.0,50.0,MOF,76.79068
788.7218045112782,60.0,50.0,MOF,76.79096
789.3483709273182,60.0,50.0,MOF,76.79125
789.9749373433584,60.0,50.0,MOF,76.791534
790.6015037593985,60.0,50.0,MOF,76.791824
791.2280701754386,60.0,50.0,MOF,76.792114
791.8546365914787,60.0,50.0,MOF,76.7924
792.4812030075188,60.0,50.0,MOF,76.79333
793.1077694235589,60.0,50.0,MOF,76.79533
793.734335839599,60.0,50.0,MOF,76.79732
794.3609022556391,60.0,50.0,MOF,76.79931
794.9874686716792,60.0,50.0,MOF,76.8013
795.6140350877192,60.0,50.0,MOF,76.803604
796.2406015037594,60.0,50.0,MOF,76.8076
796.8671679197995,60.0,50.0,MOF,76.8116
797.4937343358396,60.0,50.0,MOF,76.8156
798.1203007518797,60.0,50.0,MOF,76.8196
798.7468671679198,60.0,50.0,MOF,76.8236
799.3734335839599,60.0,50.0,MOF,76.82759
800.0,60.0,50.0,MOF,76.8316
550.0,80.0,50.0,MOF,79.91964
550.6265664160401,80.0,50.0,MOF,79.91178
551.2531328320802,80.0,50.0,MOF,79.904015
551.8796992481203,80.0,50.0,MOF,79.89624
552.5062656641604,80.0,50.0,MOF,79.88848
553.1328320802005,80.0,50.0,MOF,79.8807
553.7593984962406,80.0,50.0,MOF,79.87293
554.3859649122807,80.0,50.0,MOF,79.86517
555.0125313283208,80.0,50.0,MOF,79.8574
555.6390977443609,80.0,50.0,MOF,79.849625
556.265664160401,80.0,50.0,MOF,79.84186
556.8922305764411,80.0,50.0,MOF,79.83409
557.5187969924812,80.0,50.0,MOF,79.82632
558.1453634085213,80.0,50.0,MOF,79.81855
558.7719298245614,80.0,50.0,MOF,79.81079
559.3984962406015,80.0,50.0,MOF,79.803024
560.0250626566416,80.0,50.0,MOF,79.79524
560.6516290726817,80.0,50.0,MOF,79.787476
561.2781954887218,80.0,50.0,MOF,79.77971
561.9047619047619,80.0,50.0,MOF,79.77194
562.531328320802,80.0,50.0,MOF,79.76294
563.1578947368421,80.0,50.0,MOF,79.7519
563.7844611528822,80.0,50.0,MOF,79.74088
564.4110275689223,80.0,50.0,MOF,79.72984
565.0375939849624,80.0,50.0,MOF,79.71881
565.6641604010025,80.0,50.0,MOF,79.70778
566.2907268170426,80.0,50.0,MOF,79.69674
566.9172932330827,80.0,50.0,MOF,79.685715
567.5438596491229,80.0,50.0,MOF,79.67468
568.1704260651629,80.0,50.0,MOF,79.66365
568.796992481203,80.0,50.0,MOF,79.65262
569.4235588972431,80.0,50.0,MOF,79.64159
570.0501253132832,80.0,50.0,MOF,79.630554
570.6766917293234,80.0,50.0,MOF,79.61952
571.3032581453634,80.0,50.0,MOF,79.60849
571.9298245614035,80.0,50.0,MOF,79.59746
572.5563909774436,80.0,50.0,MOF,79.586426
573.1829573934837,80.0,50.0,MOF,79.575386
573.8095238095239,80.0,50.0,MOF,79.564354
574.4360902255639,80.0,50.0,MOF,79.55333
575.062656641604,80.0,50.0,MOF,79.5423
575.6892230576441,80.0,50.0,MOF,79.531265
576.3157894736842,80.0,50.0,MOF,79.52023
576.9423558897244,80.0,50.0,MOF,79.5092
577.5689223057644,80.0,50.0,MOF,79.49817
578.1954887218045,80.0,50.0,MOF,79.48713
578.8220551378446,80.0,50.0,MOF,79.4761
579.4486215538847,80.0,50.0,MOF,79.46507
580.0751879699249,80.0,50.0,MOF,79.45404
580.7017543859649,80.0,50.0,MOF,79.44301
581.328320802005,80.0,50.0,MOF,79.43198
581.9548872180451,80.0,50.0,MOF,79.420944
582.5814536340852,80.0,50.0,MOF,79.40991
583.2080200501254,80.0,50.0,MOF,79.39791
583.8345864661654,80.0,50.0,MOF,79.38583
584.4611528822055,80.0,50.0,MOF,79.373764
585.0877192982456,80.0,50.0,MOF,79.36168
585.7142857142857,80.0,50.0,MOF,79.34961
586.3408521303259,80.0,50.0,MOF,79.33754
586.9674185463659,80.0,50.0,MOF,79.325455
587.593984962406,80.0,50.0,MOF,79.313385
588.2205513784461,80.0,50.0,MOF,79.301315
588.8471177944862,80.0,50.0,MOF,79.28923
589.4736842105264,80.0,50.0,MOF,79.27716
590.1002506265664,80.0,50.0,MOF,79.26509
590.7268170426065,80.0,50.0,MOF,79.25302
591.3533834586466,80.0,50.0,MOF,79.240944
591.9799498746867,80.0,50.0,MOF,79.22887
592.6065162907269,80.0,50.0,MOF,79.216805
593.2330827067669,80.0,50.0,MOF,79.20472
593.859649122807,80.0,50.0,MOF,79.19265
594.4862155388471,80.0,50.0,MOF,79.18057
595.1127819548872,80.0,50.0,MOF,79.168495
595.7393483709274,80.0,50.0,MOF,79.156425
596.3659147869674,80.0,50.0,MOF,79.144356
596.9924812030075,80.0,50.0,MOF,79.13228
597.6190476190476,80.0,50.0,MOF,79.12021
598.2456140350877,80.0,50.0,MOF,79.10814
598.8721804511279,80.0,50.0,MOF,79.09606
599.4987468671679,80.0,50.0,MOF,79.08399
600.125313283208,80.0,50.0,MOF,79.071915
600.7518796992481,80.0,50.0,MOF,79.05984
601.3784461152882,80.0,50.0,MOF,79.04777
602.0050125313284,80.0,50.0,MOF,79.03569
602.6315789473684,80.0,50.0,MOF,79.02362
603.2581453634085,80.0,50.0,MOF,79.011826
603.8847117794486,80.0,50.0,MOF,79.00149
604.5112781954887,80.0,50.0,MOF,78.99115
605.1378446115289,80.0,50.0,MOF,78.98081
605.7644110275689,80.0,50.0,MOF,78.970474
606.390977443609,80.0,50.0,MOF,78.960144
607.0175438596491,80.0,50.0,MOF,78.94978
607.6441102756892,80.0,50.0,MOF,78.93945
608.2706766917294,80.0,50.0,MOF,78.929115
608.8972431077694,80.0,50.0,MOF,78.91878
609.5238095238095,80.0,50.0,MOF,78.90843
610.1503759398496,80.0,50.0,MOF,78.8981
610.7769423558897,80.0,50.0,MOF,78.88776
611.4035087719299,80.0,50.0,MOF,78.87741
612.0300751879699,80.0,50.0,MOF,78.86708
612.65664160401,80.0,50.0,MOF,78.85674
613.2832080200501,80.0,50.0,MOF,78.846405
613.9097744360902,80.0,50.0,MOF,78.83606
614.5363408521304,80.0,50.0,MOF,78.82572
615.1629072681704,80.0,50.0,MOF,78.815384
615.7894736842105,80.0,50.0,MOF,78.80504
616.4160401002506,80.0,50.0,MOF,78.794716
617.0426065162907,80.0,50.0,MOF,78.78436
617.6691729323309,80.0,50.0,MOF,78.774025
618.295739348371,80.0,50.0,MOF,78.76369
618.922305764411,80.0,50.0,MOF,78.75334
619.5488721804511,80.0,50.0,MOF,78.74301
620.1754385964912,80.0,50.0,MOF,78.73267
620.8020050125314,80.0,50.0,MOF,78.722336
621.4285714285714,80.0,50.0,MOF,78.71199
622.0551378446115,80.0,50.0,MOF,78.70166
622.6817042606516,80.0,50.0,MOF,78.691315
623.3082706766917,80.0,50.0,MOF,78.68097
623.9348370927319,80.0,50.0,MOF,78.67064
624.561403508772,80.0,50.0,MOF,78.66029
625.187969924812,80.0,50.0,MOF,78.64996
625.8145363408521,80.0,50.0,MOF,78.63962
626.4411027568922,80.0,50.0,MOF,78.62928
627.0676691729324,80.0,50.0,MOF,78.61894
627.6942355889724,80.0,50.0,MOF,78.6086
628.3208020050125,80.0,50.0,MOF,78.59827
628.9473684210526,80.0,50.0,MOF,78.58792
629.5739348370927,80.0,50.0,MOF,78.577576
630.2005012531329,80.0,50.0,MOF,78.567245
630.827067669173,80.0,50.0,MOF,78.55488
631.453634085213,80.0,50.0,MOF,78.54233
632.0802005012531,80.0,50.0,MOF,78.529785
632.7067669172932,80.0,50.0,MOF,78.517235
633.3333333333334,80.0,50.0,MOF,78.50469
633.9598997493734,80.0,50.0,MOF,78.49215
634.5864661654135,80.0,50.0,MOF,78.47959
635.2130325814536,80.0,50.0,MOF,78.46706
635.8395989974937,80.0,50.0,MOF,78.4545
636.4661654135339,80.0,50.0,MOF,78.441956
637.092731829574,80.0,50.0,MOF,78.42941
637.719298245614,80.0,50.0,MOF,78.416855
638.3458646616541,80.0,50.0,MOF,78.40431
638.9724310776942,80.0,50.0,MOF,78.39177
639.5989974937344,80.0,50.0,MOF,78.37923
640.2255639097745,80.0,50.0,MOF,78.36645
640.8521303258145,80.0,50.0,MOF,78.35318
641.4786967418546,80.0,50.0,MOF,78.33992
642.1052631578947,80.0,50.0,MOF,78.32665
642.7318295739349,80.0,50.0,MOF,78.31338
643.358395989975,80.0,50.0,MOF,78.30011
643.984962406015,80.0,50.0,MOF,78.28685
644.6115288220551,80.0,50.0,MOF,78.273575
645.2380952380952,80.0,50.0,MOF,78.260315
645.8646616541354,80.0,50.0,MOF,78.24705
646.4912280701755,80.0,50.0,MOF,78.23378
647.1177944862155,80.0,50.0,MOF,78.220505
647.7443609022556,80.0,50.0,MOF,78.207245
648.3709273182957,80.0,50.0,MOF,78.19398
648.9974937343359,80.0,50.0,MOF,78.18071
649.624060150376,80.0,50.0,MOF,78.16744
650.250626566416,80.0,50.0,MOF,78.154175
650.8771929824561,80.0,50.0,MOF,78.140915
651.5037593984962,80.0,50.0,MOF,78.12694
652.1303258145364,80.0,50.0,MOF,78.111984
652.7568922305765,80.0,50.0,MOF,78.09717
653.3834586466165,80.0,50.0,MOF,78.08325
654.0100250626566,80.0,50.0,MOF,78.06931
654.6365914786967,80.0,50.0,MOF,78.05539
655.2631578947369,80.0,50.0,MOF,78.04146
655.889724310777,80.0,50.0,MOF,78.02753
656.516290726817,80.0,50.0,MOF,78.013596
657.1428571428571,80.0,50.0,MOF,77.999664
657.7694235588972,80.0,50.0,MOF,77.98574
658.3959899749374,80.0,50.0,MOF,77.97182
659.0225563909775,80.0,50.0,MOF,77.957886
659.6491228070175,80.0,50.0,MOF,77.94395
660.2756892230576,80.0,50.0,MOF,77.93002
660.9022556390977,80.0,50.0,MOF,77.9161
661.5288220551379,80.0,50.0,MOF,77.90216
662.155388471178,80.0,50.0,MOF,77.88823
662.781954887218,80.0,50.0,MOF,77.87619
663.4085213032581,80.0,50.0,MOF,77.86752
664.0350877192982,80.0,50.0,MOF,77.85887
664.6616541353384,80.0,50.0,MOF,77.85022
665.2882205513785,80.0,50.0,MOF,77.84156
665.9147869674185,80.0,50.0,MOF,77.8329
666.5413533834586,80.0,50.0,MOF,77.82424
667.1679197994987,80.0,50.0,MOF,77.81558
667.7944862155389,80.0,50.0,MOF,77.80694
668.421052631579,80.0,50.0,MOF,77.79827
669.047619047619,80.0,50.0,MOF,77.78961
669.6741854636591,80.0,50.0,MOF,77.78097
670.3007518796992,80.0,50.0,MOF,77.77229
670.9273182957394,80.0,50.0,MOF,77.76363
671.5538847117795,80.0,50.0,MOF,77.75498
672.1804511278195,80.0,50.0,MOF,77.74632
672.8070175438596,80.0,50.0,MOF,77.73767
673.4335839598998,80.0,50.0,MOF,77.729004
674.0601503759399,80.0,50.0,MOF,77.72036
674.68671679198,80.0,50.0,MOF,77.71169
675.31328320802,80.0,50.0,MOF,77.70304
675.9398496240601,80.0,50.0,MOF,77.69438
676.5664160401002,80.0,50.0,MOF,77.68572
677.1929824561404,80.0,50.0,MOF,77.67707
677.8195488721805,80.0,50.0,MOF,77.66916
678.4461152882205,80.0,50.0,MOF,77.66293
679.0726817042606,80.0,50.0,MOF,77.65671
679.6992481203008,80.0,50.0,MOF,77.65048
680.3258145363409,80.0,50.0,MOF,77.64427
680.952380952381,80.0,50.0,MOF,77.63805
681.578947368421,80.0,50.0,MOF,77.63182
682.2055137844611,80.0,50.0,MOF,77.62561
682.8320802005012,80.0,50.0,MOF,77.619385
683.4586466165414,80.0,50.0,MOF,77.61316
684.0852130325815,80.0,50.0,MOF,77.60694
684.7117794486215,80.0,50.0,MOF,77.600716
685.3383458646616,80.0,50.0,MOF,77.595535
685.9649122807018,80.0,50.0,MOF,77.59102
686.5914786967419,80.0,50.0,MOF,77.58651
687.218045112782,80.0,50.0,MOF,77.581985
687.844611528822,80.0,50.0,MOF,77.57771
688.4711779448621,80.0,50.0,MOF,77.57447
689.0977443609022,80.0,50.0,MOF,77.57123
689.7243107769424,80.0,50.0,MOF,77.56798
690.3508771929825,80.0,50.0,MOF,77.56473
690.9774436090225,80.0,50.0,MOF,77.561485
691.6040100250626,80.0,50.0,MOF,77.558235
692.2305764411028,80.0,50.0,MOF,77.555885
692.8571428571429,80.0,50.0,MOF,77.55464
693.483709273183,80.0,50.0,MOF,77.553406
694.110275689223,80.0,50.0,MOF,77.55217
694.7368421052631,80.0,50.0,MOF,77.550934
695.3634085213032,80.0,50.0,MOF,77.549706
695.9899749373434,80.0,50.0,MOF,77.54846
696.6165413533835,80.0,50.0,MOF,77.54722
697.2431077694235,80.0,50.0,MOF,77.54598
697.8696741854636,80.0,50.0,MOF,77.54474
698.4962406015038,80.0,50.0,MOF,77.5435
699.1228070175439,80.0,50.0,MOF,77.54226
699.749373433584,80.0,50.0,MOF,77.54103
700.375939849624,80.0,50.0,MOF,77.539795
701.0025062656641,80.0,50.0,MOF,77.53856
701.6290726817042,80.0,50.0,MOF,77.537315
702.2556390977444,80.0,50.0,MOF,77.53609
702.8822055137845,80.0,50.0,MOF,77.534836
703.5087719298245,80.0,50.0,MOF,77.53361
704.1353383458646,80.0,50.0,MOF,77.53237
704.7619047619048,80.0,50.0,MOF,77.531136
705.3884711779449,80.0,50.0,MOF,77.52989
706.015037593985,80.0,50.0,MOF,77.528656
706.641604010025,80.0,50.0,MOF,77.52741
707.2681704260651,80.0,50.0,MOF,77.52618
707.8947368421052,80.0,50.0,MOF,77.52495
708.5213032581454,80.0,50.0,MOF,77.52429
709.1478696741855,80.0,50.0,MOF,77.5253
709.7744360902255,80.0,50.0,MOF,77.52632
710.4010025062656,80.0,50.0,MOF,77.52733
711.0275689223058,80.0,50.0,MOF,77.52835
711.6541353383459,80.0,50.0,MOF,77.52937
712.280701754386,80.0,50.0,MOF,77.53039
712.907268170426,80.0,50.0,MOF,77.5314
713.5338345864661,80.0,50.0,MOF,77.53242
714.1604010025062,80.0,50.0,MOF,77.53343
714.7869674185464,80.0,50.0,MOF,77.534454
715.4135338345865,80.0,50.0,MOF,77.53547
716.0401002506266,80.0,50.0,MOF,77.536476
716.6666666666666,80.0,50.0,MOF,77.537506
717.2932330827068,80.0,50.0,MOF,77.53851
717.9197994987469,80.0,50.0,MOF,77.539536
718.546365914787,80.0,50.0,MOF,77.54055
719.172932330827,80.0,50.0,MOF,77.541565
719.7994987468671,80.0,50.0,MOF,77.54257
720.4260651629072,80.0,50.0,MOF,77.543594
721.0526315789474,80.0,50.0,MOF,77.54462
721.6791979949875,80.0,50.0,MOF,77.54563
722.3057644110276,80.0,50.0,MOF,77.546646
722.9323308270676,80.0,50.0,MOF,77.54766
723.5588972431078,80.0,50.0,MOF,77.54868
724.1854636591479,80.0,50.0,MOF,77.5497
724.812030075188,80.0,50.0,MOF,77.55161
725.438596491228,80.0,50.0,MOF,77.55374
726.0651629072681,80.0,50.0,MOF,77.55585
726.6917293233082,80.0,50.0,MOF,77.5571
727.3182957393484,80.0,50.0,MOF,77.55799
727.9448621553885,80.0,50.0,MOF,77.55889
728.5714285714286,80.0,50.0,MOF,77.559784
729.1979949874686,80.0,50.0,MOF,77.56068
729.8245614035088,80.0,50.0,MOF,77.56157
730.4511278195489,80.0,50.0,MOF,77.562454
731.077694235589,80.0,50.0,MOF,77.563354
731.704260651629,80.0,50.0,MOF,77.56424
732.3308270676691,80.0,50.0,MOF,77.56514
732.9573934837092,80.0,50.0,MOF,77.56603
733.5839598997494,80.0,50.0,MOF,77.566925
734.2105263157895,80.0,50.0,MOF,77.567825
734.8370927318296,80.0,50.0,MOF,77.56871
735.4636591478696,80.0,50.0,MOF,77.56961
736.0902255639098,80.0,50.0,MOF,77.570496
736.7167919799499,80.0,50.0,MOF,77.57139
737.34335839599,80.0,50.0,MOF,77.57228
737.9699248120301,80.0,50.0,MOF,77.57317
738.5964912280701,80.0,50.0,MOF,77.57292
739.2230576441102,80.0,50.0,MOF,77.57156
739.8496240601504,80.0,50.0,MOF,77.57021
740.4761904761905,80.0,50.0,MOF,77.56886
741.1027568922306,80.0,50.0,MOF,77.56751
741.7293233082706,80.0,50.0,MOF,77.566154
742.3558897243108,80.0,50.0,MOF,77.56481
742.9824561403509,80.0,50.0,MOF,77.56345
743.609022556391,80.0,50.0,MOF,77.562096
744.2355889724311,80.0,50.0,MOF,77.560745
744.8621553884711,80.0,50.0,MOF,77.559395
745.4887218045112,80.0,50.0,MOF,77.558044
746.1152882205514,80.0,50.0,MOF,77.55669
746.7418546365915,80.0,50.0,MOF,77.55534
747.3684210526316,80.0,50.0,MOF,77.553986
747.9949874686716,80.0,50.0,MOF,77.552635
748.6215538847118,80.0,50.0,MOF,77.551285
749.2481203007519,80.0,50.0,MOF,77.54993
749.874686716792,80.0,50.0,MOF,77.54858
750.5012531328321,80.0,50.0,MOF,77.547226
751.1278195488721,80.0,50.0,MOF,77.545876
751.7543859649122,80.0,50.0,MOF,77.544525
752.3809523809524,80.0,50.0,MOF,77.54317
753.0075187969925,80.0,50.0,MOF,77.541824
753.6340852130326,80.0,50.0,MOF,77.54046
754.2606516290726,80.0,50.0,MOF,77.53911
754.8872180451128,80.0,50.0,MOF,77.53775
755.5137844611529,80.0,50.0,MOF,77.53641
756.140350877193,80.0,50.0,MOF,77.53505
756.7669172932331,80.0,50.0,MOF,77.5337
757.3934837092731,80.0,50.0,MOF,77.53235
758.0200501253132,80.0,50.0,MOF,77.53099
758.6466165413534,80.0,50.0,MOF,77.52964
759.2731829573935,80.0,50.0,MOF,77.52829
759.8997493734336,80.0,50.0,MOF,77.52693
760.5263157894736,80.0,50.0,MOF,77.52559
761.1528822055138,80.0,50.0,MOF,77.52423
761.7794486215539,80.0,50.0,MOF,77.52287
762.406015037594,80.0,50.0,MOF,77.52153
763.0325814536341,80.0,50.0,MOF,77.52017
763.6591478696741,80.0,50.0,MOF,77.51882
764.2857142857142,80.0,50.0,MOF,77.51746
764.9122807017544,80.0,50.0,MOF,77.51611
765.5388471177945,80.0,50.0,MOF,77.51477
766.1654135338346,80.0,50.0,MOF,77.51341
766.7919799498746,80.0,50.0,MOF,77.512054
767.4185463659148,80.0,50.0,MOF,77.51071
768.0451127819549,80.0,50.0,MOF,77.50936
768.671679197995,80.0,50.0,MOF,77.507996
769.2982456140351,80.0,50.0,MOF,77.50665
769.9248120300751,80.0,50.0,MOF,77.505295
770.5513784461152,80.0,50.0,MOF,77.503944
771.1779448621554,80.0,50.0,MOF,77.502594
771.8045112781955,80.0,50.0,MOF,77.501236
772.4310776942356,80.0,50.0,MOF,77.499886
773.0576441102756,80.0,50.0,MOF,77.498535
773.6842105263158,80.0,50.0,MOF,77.49719
774.3107769423559,80.0,50.0,MOF,77.49584
774.937343358396,80.0,50.0,MOF,77.49448
775.5639097744361,80.0,50.0,MOF,77.493126
776.1904761904761,80.0,50.0,MOF,77.49185
776.8170426065162,80.0,50.0,MOF,77.49202
777.4436090225564,80.0,50.0,MOF,77.492165
778.0701754385965,80.0,50.0,MOF,77.492325
778.6967418546366,80.0,50.0,MOF,77.492485
779.3233082706766,80.0,50.0,MOF,77.49302
779.9498746867168,80.0,50.0,MOF,77.49437
780.5764411027569,80.0,50.0,MOF,77.49573
781.203007518797,80.0,50.0,MOF,77.49708
781.8295739348371,80.0,50.0,MOF,77.49843
782.4561403508771,80.0,50.0,MOF,77.49979
783.0827067669172,80.0,50.0,MOF,77.501144
783.7092731829574,80.0,50.0,MOF,77.50249
784.3358395989975,80.0,50.0,MOF,77.503845
784.9624060150376,80.0,50.0,MOF,77.50519
785.5889724310777,80.0,50.0,MOF,77.506546
786.2155388471178,80.0,50.0,MOF,77.507904
786.8421052631579,80.0,50.0,MOF,77.50926
787.468671679198,80.0,50.0,MOF,77.51061
788.0952380952381,80.0,50.0,MOF,77.51236
788.7218045112782,80.0,50.0,MOF,77.515755
789.3483709273182,80.0,50.0,MOF,77.51915
789.9749373433584,80.0,50.0,MOF,77.52255
790.6015037593985,80.0,50.0,MOF,77.525955
791.2280701754386,80.0,50.0,MOF,77.52936
791.8546365914787,80.0,50.0,MOF,77.53276
792.4812030075188,80.0,50.0,MOF,77.53616
793.1077694235589,80.0,50.0,MOF,77.53955
793.734335839599,80.0,50.0,MOF,77.54295
794.3609022556391,80.0,50.0,MOF,77.54636
794.9874686716792,80.0,50.0,MOF,77.54976
795.6140350877192,80.0,50.0,MOF,77.553154
796.2406015037594,80.0,50.0,MOF,77.55656
796.8671679197995,80.0,50.0,MOF,77.55995
797.4937343358396,80.0,50.0,MOF,77.563354
798.1203007518797,80.0,50.0,MOF,77.56674
798.7468671679198,80.0,50.0,MOF,77.570145
799.3734335839599,80.0,50.0,MOF,77.57355
800.0,80.0,50.0,MOF,77.57695
550.0,0.0,80.0,MOF,60.997074
550.6265664160401,0.0,80.0,MOF,60.997616
551.2531328320802,0.0,80.0,MOF,60.993023
551.8796992481203,0.0,80.0,MOF,60.984646
552.5062656641604,0.0,80.0,MOF,60.97626
553.1328320802005,0.0,80.0,MOF,60.96788
553.7593984962406,0.0,80.0,MOF,60.959507
554.3859649122807,0.0,80.0,MOF,60.95186
555.0125313283208,0.0,80.0,MOF,60.94547
555.6390977443609,0.0,80.0,MOF,60.9391
556.265664160401,0.0,80.0,MOF,60.932697
556.8922305764411,0.0,80.0,MOF,60.92632
557.5187969924812,0.0,80.0,MOF,60.919926
558.1453634085213,0.0,80.0,MOF,60.91354
558.7719298245614,0.0,80.0,MOF,60.907158
559.3984962406015,0.0,80.0,MOF,60.900764
560.0250626566416,0.0,80.0,MOF,60.894382
560.6516290726817,0.0,80.0,MOF,60.887997
561.2781954887218,0.0,80.0,MOF,60.881752
561.9047619047619,0.0,80.0,MOF,60.87664
562.531328320802,0.0,80.0,MOF,60.871513
563.1578947368421,0.0,80.0,MOF,60.8664
563.7844611528822,0.0,80.0,MOF,60.86128
564.4110275689223,0.0,80.0,MOF,60.856167
565.0375939849624,0.0,80.0,MOF,60.85105
565.6641604010025,0.0,80.0,MOF,60.84594
566.2907268170426,0.0,80.0,MOF,60.840813
566.9172932330827,0.0,80.0,MOF,60.835705
567.5438596491229,0.0,80.0,MOF,60.830593
568.1704260651629,0.0,80.0,MOF,60.825474
568.796992481203,0.0,80.0,MOF,60.82036
569.4235588972431,0.0,80.0,MOF,60.815243
570.0501253132832,0.0,80.0,MOF,60.810123
570.6766917293234,0.0,80.0,MOF,60.805008
571.3032581453634,0.0,80.0,MOF,60.80033
571.9298245614035,0.0,80.0,MOF,60.795967
572.5563909774436,0.0,80.0,MOF,60.791607
573.1829573934837,0.0,80.0,MOF,60.787235
573.8095238095239,0.0,80.0,MOF,60.782864
574.4360902255639,0.0,80.0,MOF,60.778492
575.062656641604,0.0,80.0,MOF,60.774128
575.6892230576441,0.0,80.0,MOF,60.76975
576.3157894736842,0.0,80.0,MOF,60.76539
576.9423558897244,0.0,80.0,MOF,60.761017
577.5689223057644,0.0,80.0,MOF,60.756657
578.1954887218045,0.0,80.0,MOF,60.75229
578.8220551378446,0.0,80.0,MOF,60.74792
579.4486215538847,0.0,80.0,MOF,60.743546
580.0751879699249,0.0,80.0,MOF,60.739178
580.7017543859649,0.0,80.0,MOF,60.734806
581.328320802005,0.0,80.0,MOF,60.730434
581.9548872180451,0.0,80.0,MOF,60.72607
582.5814536340852,0.0,80.0,MOF,60.721695
583.2080200501254,0.0,80.0,MOF,60.71733
583.8345864661654,0.0,80.0,MOF,60.71296
584.4611528822055,0.0,80.0,MOF,60.708595
585.0877192982456,0.0,80.0,MOF,60.704227
585.7142857142857,0.0,80.0,MOF,60.699856
586.3408521303259,0.0,80.0,MOF,60.695484
586.9674185463659,0.0,80.0,MOF,60.69112
587.593984962406,0.0,80.0,MOF,60.68675
588.2205513784461,0.0,80.0,MOF,60.682377
588.8471177944862,0.0,80.0,MOF,60.678013
589.4736842105264,0.0,80.0,MOF,60.67365
590.1002506265664,0.0,80.0,MOF,60.669277
590.7268170426065,0.0,80.0,MOF,60.664906
591.3533834586466,0.0,80.0,MOF,60.660534
591.9799498746867,0.0,80.0,MOF,60.656178
592.6065162907269,0.0,80.0,MOF,60.6518
593.2330827067669,0.0,80.0,MOF,60.647427
593.859649122807,0.0,80.0,MOF,60.64306
594.4862155388471,0.0,80.0,MOF,60.63869
595.1127819548872,0.0,80.0,MOF,60.634323
595.7393483709274,0.0,80.0,MOF,60.62995
596.3659147869674,0.0,80.0,MOF,60.625584
596.9924812030075,0.0,80.0,MOF,60.62122
597.6190476190476,0.0,80.0,MOF,60.61684
598.2456140350877,0.0,80.0,MOF,60.612473
598.8721804511279,0.0,80.0,MOF,60.60812
599.4987468671679,0.0,80.0,MOF,60.603737
600.125313283208,0.0,80.0,MOF,60.599373
600.7518796992481,0.0,80.0,MOF,60.594994
601.3784461152882,0.0,80.0,MOF,60.590633
602.0050125313284,0.0,80.0,MOF,60.58627
602.6315789473684,0.0,80.0,MOF,60.581898
603.2581453634085,0.0,80.0,MOF,60.577526
603.8847117794486,0.0,80.0,MOF,60.573162
604.5112781954887,0.0,80.0,MOF,60.568787
605.1378446115289,0.0,80.0,MOF,60.564423
605.7644110275689,0.0,80.0,MOF,60.560055
606.390977443609,0.0,80.0,MOF,60.555614
607.0175438596491,0.0,80.0,MOF,60.551
607.6441102756892,0.0,80.0,MOF,60.54638
608.2706766917294,0.0,80.0,MOF,60.541763
608.8972431077694,0.0,80.0,MOF,60.537148
609.5238095238095,0.0,80.0,MOF,60.53254
610.1503759398496,0.0,80.0,MOF,60.52792
610.7769423558897,0.0,80.0,MOF,60.52242
611.4035087719299,0.0,80.0,MOF,60.516804
612.0300751879699,0.0,80.0,MOF,60.511185
612.65664160401,0.0,80.0,MOF,60.505566
613.2832080200501,0.0,80.0,MOF,60.499943
613.9097744360902,0.0,80.0,MOF,60.494324
614.5363408521304,0.0,80.0,MOF,60.4887
615.1629072681704,0.0,80.0,MOF,60.48308
615.7894736842105,0.0,80.0,MOF,60.477467
616.4160401002506,0.0,80.0,MOF,60.47184
617.0426065162907,0.0,80.0,MOF,60.46622
617.6691729323309,0.0,80.0,MOF,60.4606
618.295739348371,0.0,80.0,MOF,60.454983
618.922305764411,0.0,80.0,MOF,60.449364
619.5488721804511,0.0,80.0,MOF,60.44375
620.1754385964912,0.0,80.0,MOF,60.43812
620.8020050125314,0.0,80.0,MOF,60.432495
621.4285714285714,0.0,80.0,MOF,60.426884
622.0551378446115,0.0,80.0,MOF,60.42126
622.6817042606516,0.0,80.0,MOF,60.415646
623.3082706766917,0.0,80.0,MOF,60.41002
623.9348370927319,0.0,80.0,MOF,60.404392
624.561403508772,0.0,80.0,MOF,60.39878
625.187969924812,0.0,80.0,MOF,60.394276
625.8145363408521,0.0,80.0,MOF,60.391605
626.4411027568922,0.0,80.0,MOF,60.388947
627.0676691729324,0.0,80.0,MOF,60.386276
627.6942355889724,0.0,80.0,MOF,60.38361
628.3208020050125,0.0,80.0,MOF,60.380955
628.9473684210526,0.0,80.0,MOF,60.378284
629.5739348370927,0.0,80.0,MOF,60.375614
630.2005012531329,0.0,80.0,MOF,60.372948
630.827067669173,0.0,80.0,MOF,60.370285
631.453634085213,0.0,80.0,MOF,60.36763
632.0802005012531,0.0,80.0,MOF,60.364956
632.7067669172932,0.0,80.0,MOF,60.362286
633.3333333333334,0.0,80.0,MOF,60.359623
633.9598997493734,0.0,80.0,MOF,60.356953
634.5864661654135,0.0,80.0,MOF,60.354286
635.2130325814536,0.0,80.0,MOF,60.351627
635.8395989974937,0.0,80.0,MOF,60.348957
636.4661654135339,0.0,80.0,MOF,60.346294
637.092731829574,0.0,80.0,MOF,60.343628
637.719298245614,0.0,80.0,MOF,60.34096
638.3458646616541,0.0,80.0,MOF,60.3383
638.9724310776942,0.0,80.0,MOF,60.33564
639.5989974937344,0.0,80.0,MOF,60.332962
640.2255639097745,0.0,80.0,MOF,60.330296
640.8521303258145,0.0,80.0,MOF,60.327637
641.4786967418546,0.0,80.0,MOF,60.32497
642.1052631578947,0.0,80.0,MOF,60.322296
642.7318295739349,0.0,80.0,MOF,60.319633
643.358395989975,0.0,80.0,MOF,60.316967
643.984962406015,0.0,80.0,MOF,60.3143
644.6115288220551,0.0,80.0,MOF,60.311768
645.2380952380952,0.0,80.0,MOF,60.309498
645.8646616541354,0.0,80.0,MOF,60.307228
646.4912280701755,0.0,80.0,MOF,60.30511
647.1177944862155,0.0,80.0,MOF,60.303394
647.7443609022556,0.0,80.0,MOF,60.30167
648.3709273182957,0.0,80.0,MOF,60.29994
648.9974937343359,0.0,80.0,MOF,60.29822
649.624060150376,0.0,80.0,MOF,60.29649
650.250626566416,0.0,80.0,MOF,60.292816
650.8771929824561,0.0,80.0,MOF,60.287674
651.5037593984962,0.0,80.0,MOF,60.28253
652.1303258145364,0.0,80.0,MOF,60.27739
652.7568922305765,0.0,80.0,MOF,60.272247
653.3834586466165,0.0,80.0,MOF,60.268208
654.0100250626566,0.0,80.0,MOF,60.26459
654.6365914786967,0.0,80.0,MOF,60.260967
655.2631578947369,0.0,80.0,MOF,60.25734
655.889724310777,0.0,80.0,MOF,60.25372
656.516290726817,0.0,80.0,MOF,60.2501
657.1428571428571,0.0,80.0,MOF,60.24647
657.7694235588972,0.0,80.0,MOF,60.242855
658.3959899749374,0.0,80.0,MOF,60.23923
659.0225563909775,0.0,80.0,MOF,60.235607
659.6491228070175,0.0,80.0,MOF,60.23199
660.2756892230576,0.0,80.0,MOF,60.228355
660.9022556390977,0.0,80.0,MOF,60.22474
661.5288220551379,0.0,80.0,MOF,60.22112
662.155388471178,0.0,80.0,MOF,60.217495
662.781954887218,0.0,80.0,MOF,60.213875
663.4085213032581,0.0,80.0,MOF,60.210247
664.0350877192982,0.0,80.0,MOF,60.206627
664.6616541353384,0.0,80.0,MOF,60.203007
665.2882205513785,0.0,80.0,MOF,60.199383
665.9147869674185,0.0,80.0,MOF,60.195763
666.5413533834586,0.0,80.0,MOF,60.192135
667.1679197994987,0.0,80.0,MOF,60.18852
667.7944862155389,0.0,80.0,MOF,60.1849
668.421052631579,0.0,80.0,MOF,60.181263
669.047619047619,0.0,80.0,MOF,60.17765
669.6741854636591,0.0,80.0,MOF,60.174026
670.3007518796992,0.0,80.0,MOF,60.170403
670.9273182957394,0.0,80.0,MOF,60.16678
671.5538847117795,0.0,80.0,MOF,60.16316
672.1804511278195,0.0,80.0,MOF,60.159534
672.8070175438596,0.0,80.0,MOF,60.15592
673.4335839598998,0.0,80.0,MOF,60.152287
674.0601503759399,0.0,80.0,MOF,60.14867
674.68671679198,0.0,80.0,MOF,60.145042
675.31328320802,0.0,80.0,MOF,60.141422
675.9398496240601,0.0,80.0,MOF,60.1378
676.5664160401002,0.0,80.0,MOF,60.13418
677.1929824561404,0.0,80.0,MOF,60.13056
677.8195488721805,0.0,80.0,MOF,60.126934
678.4461152882205,0.0,80.0,MOF,60.12331
679.0726817042606,0.0,80.0,MOF,60.119686
679.6992481203008,0.0,80.0,MOF,60.116062
680.3258145363409,0.0,80.0,MOF,60.11243
680.952380952381,0.0,80.0,MOF,60.108814
681.578947368421,0.0,80.0,MOF,60.1052
682.2055137844611,0.0,80.0,MOF,60.101574
682.8320802005012,0.0,80.0,MOF,60.09795
683.4586466165414,0.0,80.0,MOF,60.094334
684.0852130325815,0.0,80.0,MOF,60.090702
684.7117794486215,0.0,80.0,MOF,60.087082
685.3383458646616,0.0,80.0,MOF,60.083454
685.9649122807018,0.0,80.0,MOF,60.079838
686.5914786967419,0.0,80.0,MOF,60.076675
687.218045112782,0.0,80.0,MOF,60.07416
687.844611528822,0.0,80.0,MOF,60.07165
688.4711779448621,0.0,80.0,MOF,60.069138
689.0977443609022,0.0,80.0,MOF,60.06663
689.7243107769424,0.0,80.0,MOF,60.06411
690.3508771929825,0.0,80.0,MOF,60.061607
690.9774436090225,0.0,80.0,MOF,60.059093
691.6040100250626,0.0,80.0,MOF,60.05658
692.2305764411028,0.0,80.0,MOF,60.054073
692.8571428571429,0.0,80.0,MOF,60.051563
693.483709273183,0.0,80.0,MOF,60.049046
694.110275689223,0.0,80.0,MOF,60.04654
694.7368421052631,0.0,80.0,MOF,60.04403
695.3634085213032,0.0,80.0,MOF,60.041515
695.9899749373434,0.0,80.0,MOF,60.038998
696.6165413533835,0.0,80.0,MOF,60.036488
697.2431077694235,0.0,80.0,MOF,60.03397
697.8696741854636,0.0,80.0,MOF,60.03147
698.4962406015038,0.0,80.0,MOF,60.02895
699.1228070175439,0.0,80.0,MOF,60.026443
699.749373433584,0.0,80.0,MOF,60.02393
700.375939849624,0.0,80.0,MOF,60.02142
701.0025062656641,0.0,80.0,MOF,60.0189
701.6290726817042,0.0,80.0,MOF,60.016388
702.2556390977444,0.0,80.0,MOF,60.013885
702.8822055137845,0.0,80.0,MOF,60.011368
703.5087719298245,0.0,80.0,MOF,60.00887
704.1353383458646,0.0,80.0,MOF,60.006344
704.7619047619048,0.0,80.0,MOF,60.003838
705.3884711779449,0.0,80.0,MOF,60.001324
706.015037593985,0.0,80.0,MOF,59.99881
706.641604010025,0.0,80.0,MOF,59.996395
707.2681704260651,0.0,80.0,MOF,59.994267
707.8947368421052,0.0,80.0,MOF,59.992138
708.5213032581454,0.0,80.0,MOF,59.99001
709.1478696741855,0.0,80.0,MOF,59.98788
709.7744360902255,0.0,80.0,MOF,59.98575
710.4010025062656,0.0,80.0,MOF,59.983616
711.0275689223058,0.0,80.0,MOF,59.981483
711.6541353383459,0.0,80.0,MOF,59.97935
712.280701754386,0.0,80.0,MOF,59.977222
712.907268170426,0.0,80.0,MOF,59.975094
713.5338345864661,0.0,80.0,MOF,59.97296
714.1604010025062,0.0,80.0,MOF,59.970837
714.7869674185464,0.0,80.0,MOF,59.968697
715.4135338345865,0.0,80.0,MOF,59.96658
716.0401002506266,0.0,80.0,MOF,59.96443
716.6666666666666,0.0,80.0,MOF,59.962303
717.2932330827068,0.0,80.0,MOF,59.96018
717.9197994987469,0.0,80.0,MOF,59.95805
718.546365914787,0.0,80.0,MOF,59.955925
719.172932330827,0.0,80.0,MOF,59.95379
719.7994987468671,0.0,80.0,MOF,59.951656
720.4260651629072,0.0,80.0,MOF,59.949528
721.0526315789474,0.0,80.0,MOF,59.94739
721.6791979949875,0.0,80.0,MOF,59.94527
722.3057644110276,0.0,80.0,MOF,59.94314
722.9323308270676,0.0,80.0,MOF,59.940998
723.5588972431078,0.0,80.0,MOF,59.938877
724.1854636591479,0.0,80.0,MOF,59.93674
724.812030075188,0.0,80.0,MOF,59.934616
725.438596491228,0.0,80.0,MOF,59.932484
726.0651629072681,0.0,80.0,MOF,59.93035
726.6917293233082,0.0,80.0,MOF,59.92822
727.3182957393484,0.0,80.0,MOF,59.926094
727.9448621553885,0.0,80.0,MOF,59.923958
728.5714285714286,0.0,80.0,MOF,59.92183
729.1979949874686,0.0,80.0,MOF,59.919697
729.8245614035088,0.0,80.0,MOF,59.91757
730.4511278195489,0.0,80.0,MOF,59.915443
731.077694235589,0.0,80.0,MOF,59.913303
731.704260651629,0.0,80.0,MOF,59.911175
732.3308270676691,0.0,80.0,MOF,59.90904
732.9573934837092,0.0,80.0,MOF,59.90692
733.5839598997494,0.0,80.0,MOF,59.904785
734.2105263157895,0.0,80.0,MOF,59.90265
734.8370927318296,0.0,80.0,MOF,59.900528
735.4636591478696,0.0,80.0,MOF,59.898388
736.0902255639098,0.0,80.0,MOF,59.89626
736.7167919799499,0.0,80.0,MOF,59.894127
737.34335839599,0.0,80.0,MOF,59.891994
737.9699248120301,0.0,80.0,MOF,59.88987
738.5964912280701,0.0,80.0,MOF,59.88766
739.2230576441102,0.0,80.0,MOF,59.88535
739.8496240601504,0.0,80.0,MOF,59.883053
740.4761904761905,0.0,80.0,MOF,59.88074
741.1027568922306,0.0,80.0,MOF,59.878426
741.7293233082706,0.0,80.0,MOF,59.876125
742.3558897243108,0.0,80.0,MOF,59.87382
742.9824561403509,0.0,80.0,MOF,59.871513
743.609022556391,0.0,80.0,MOF,59.86921
744.2355889724311,0.0,80.0,MOF,59.8669
744.8621553884711,0.0,80.0,MOF,59.864597
745.4887218045112,0.0,80.0,MOF,59.86229
746.1152882205514,0.0,80.0,MOF,59.85998
746.7418546365915,0.0,80.0,MOF,59.857716
747.3684210526316,0.0,80.0,MOF,59.856045
747.9949874686716,0.0,80.0,MOF,59.855938
748.6215538847118,0.0,80.0,MOF,59.855824
749.2481203007519,0.0,80.0,MOF,59.855705
749.874686716792,0.0,80.0,MOF,59.855595
750.5012531328321,0.0,80.0,MOF,59.85548
751.1278195488721,0.0,80.0,MOF,59.855366
751.7543859649122,0.0,80.0,MOF,59.85525
752.3809523809524,0.0,80.0,MOF,59.85514
753.0075187969925,0.0,80.0,MOF,59.855034
753.6340852130326,0.0,80.0,MOF,59.85491
754.2606516290726,0.0,80.0,MOF,59.8548
754.8872180451128,0.0,80.0,MOF,59.854694
755.5137844611529,0.0,80.0,MOF,59.854576
756.140350877193,0.0,80.0,MOF,59.85446
756.7669172932331,0.0,80.0,MOF,59.85435
757.3934837092731,0.0,80.0,MOF,59.854237
758.0200501253132,0.0,80.0,MOF,59.854126
758.6466165413534,0.0,80.0,MOF,59.85401
759.2731829573935,0.0,80.0,MOF,59.856922
759.8997493734336,0.0,80.0,MOF,59.859997
760.5263157894736,0.0,80.0,MOF,59.86308
761.1528822055138,0.0,80.0,MOF,59.866154
761.7794486215539,0.0,80.0,MOF,59.869236
762.406015037594,0.0,80.0,MOF,59.87231
763.0325814536341,0.0,80.0,MOF,59.875397
763.6591478696741,0.0,80.0,MOF,59.878475
764.2857142857142,0.0,80.0,MOF,59.881557
764.9122807017544,0.0,80.0,MOF,59.884632
765.5388471177945,0.0,80.0,MOF,59.887714
766.1654135338346,0.0,80.0,MOF,59.890793
766.7919799498746,0.0,80.0,MOF,59.893875
767.4185463659148,0.0,80.0,MOF,59.896946
768.0451127819549,0.0,80.0,MOF,59.900043
768.671679197995,0.0,80.0,MOF,59.904064
769.2982456140351,0.0,80.0,MOF,59.90829
769.9248120300751,0.0,80.0,MOF,59.912518
770.5513784461152,0.0,80.0,MOF,59.916748
771.1779448621554,0.0,80.0,MOF,59.920967
771.8045112781955,0.0,80.0,MOF,59.9252
772.4310776942356,0.0,80.0,MOF,59.929424
773.0576441102756,0.0,80.0,MOF,59.93366
773.6842105263158,0.0,80.0,MOF,59.937893
774.3107769423559,0.0,80.0,MOF,59.942116
774.937343358396,0.0,80.0,MOF,59.94634
775.5639097744361,0.0,80.0,MOF,59.950577
776.1904761904761,0.0,80.0,MOF,59.9548
776.8170426065162,0.0,80.0,MOF,59.959034
777.4436090225564,0.0,80.0,MOF,59.96327
778.0701754385965,0.0,80.0,MOF,59.96749
778.6967418546366,0.0,80.0,MOF,59.97172
779.3233082706766,0.0,80.0,MOF,59.97595
779.9498746867168,0.0,80.0,MOF,59.98017
780.5764411027569,0.0,80.0,MOF,59.9844
781.203007518797,0.0,80.0,MOF,59.988636
781.8295739348371,0.0,80.0,MOF,59.992863
782.4561403508771,0.0,80.0,MOF,59.99709
783.0827067669172,0.0,80.0,MOF,60.00132
783.7092731829574,0.0,80.0,MOF,60.00555
784.3358395989975,0.0,80.0,MOF,60.00978
784.9624060150376,0.0,80.0,MOF,60.014004
785.5889724310777,0.0,80.0,MOF,60.01823
786.2155388471178,0.0,80.0,MOF,60.022465
786.8421052631579,0.0,80.0,MOF,60.026703
787.468671679198,0.0,80.0,MOF,60.030922
788.0952380952381,0.0,80.0,MOF,60.035152
788.7218045112782,0.0,80.0,MOF,60.039387
789.3483709273182,0.0,80.0,MOF,60.043613
789.9749373433584,0.0,80.0,MOF,60.04784
790.6015037593985,0.0,80.0,MOF,60.052074
791.2280701754386,0.0,80.0,MOF,60.056297
791.8546365914787,0.0,80.0,MOF,60.06052
792.4812030075188,0.0,80.0,MOF,60.064754
793.1077694235589,0.0,80.0,MOF,60.06898
793.734335839599,0.0,80.0,MOF,60.073208
794.3609022556391,0.0,80.0,MOF,60.077442
794.9874686716792,0.0,80.0,MOF,60.08167
795.6140350877192,0.0,80.0,MOF,60.0859
796.2406015037594,0.0,80.0,MOF,60.09013
796.8671679197995,0.0,80.0,MOF,60.094357
797.4937343358396,0.0,80.0,MOF,60.098583
798.1203007518797,0.0,80.0,MOF,60.102814
798.7468671679198,0.0,80.0,MOF,60.107044
799.3734335839599,0.0,80.0,MOF,60.11127
800.0,0.0,80.0,MOF,60.115505
550.0,20.0,80.0,MOF,60.43175
550.6265664160401,20.0,80.0,MOF,60.4334
551.2531328320802,20.0,80.0,MOF,60.43507
551.8796992481203,20.0,80.0,MOF,60.43673
552.5062656641604,20.0,80.0,MOF,60.438396
553.1328320802005,20.0,80.0,MOF,60.44005
553.7593984962406,20.0,80.0,MOF,60.44172
554.3859649122807,20.0,80.0,MOF,60.44338
555.0125313283208,20.0,80.0,MOF,60.44503
555.6390977443609,20.0,80.0,MOF,60.44669
556.265664160401,20.0,80.0,MOF,60.44835
556.8922305764411,20.0,80.0,MOF,60.450012
557.5187969924812,20.0,80.0,MOF,60.451675
558.1453634085213,20.0,80.0,MOF,60.453335
558.7719298245614,20.0,80.0,MOF,60.454994
559.3984962406015,20.0,80.0,MOF,60.456657
560.0250626566416,20.0,80.0,MOF,60.458317
560.6516290726817,20.0,80.0,MOF,60.45998
561.2781954887218,20.0,80.0,MOF,60.46163
561.9047619047619,20.0,80.0,MOF,60.4633
562.531328320802,20.0,80.0,MOF,60.46495
563.1578947368421,20.0,80.0,MOF,60.466618
563.7844611528822,20.0,80.0,MOF,60.46828
564.4110275689223,20.0,80.0,MOF,60.469936
565.0375939849624,20.0,80.0,MOF,60.471596
565.6641604010025,20.0,80.0,MOF,60.473255
566.2907268170426,20.0,80.0,MOF,60.47492
566.9172932330827,20.0,80.0,MOF,60.476578
567.5438596491229,20.0,80.0,MOF,60.47823
568.1704260651629,20.0,80.0,MOF,60.479897
568.796992481203,20.0,80.0,MOF,60.48156
569.4235588972431,20.0,80.0,MOF,60.48322
570.0501253132832,20.0,80.0,MOF,60.484882
570.6766917293234,20.0,80.0,MOF,60.486534
571.3032581453634,20.0,80.0,MOF,60.4882
571.9298245614035,20.0,80.0,MOF,60.489857
572.5563909774436,20.0,80.0,MOF,60.49152
573.1829573934837,20.0,80.0,MOF,60.493183
573.8095238095239,20.0,80.0,MOF,60.494843
574.4360902255639,20.0,80.0,MOF,60.496502
575.062656641604,20.0,80.0,MOF,60.498165
575.6892230576441,20.0,80.0,MOF,60.499817
576.3157894736842,20.0,80.0,MOF,60.501484
576.9423558897244,20.0,80.0,MOF,60.503136
577.5689223057644,20.0,80.0,MOF,60.5048
578.1954887218045,20.0,80.0,MOF,60.50646
578.8220551378446,20.0,80.0,MOF,60.50812
579.4486215538847,20.0,80.0,MOF,60.50978
580.0751879699249,20.0,80.0,MOF,60.511448
580.7017543859649,20.0,80.0,MOF,60.513103
581.328320802005,20.0,80.0,MOF,60.51476
581.9548872180451,20.0,80.0,MOF,60.51642
582.5814536340852,20.0,80.0,MOF,60.518085
583.2080200501254,20.0,80.0,MOF,60.5172
583.8345864661654,20.0,80.0,MOF,60.5156
584.4611528822055,20.0,80.0,MOF,60.513996
585.0877192982456,20.0,80.0,MOF,60.512394
585.7142857142857,20.0,80.0,MOF,60.51079
586.3408521303259,20.0,80.0,MOF,60.509186
586.9674185463659,20.0,80.0,MOF,60.50758
587.593984962406,20.0,80.0,MOF,60.50599
588.2205513784461,20.0,80.0,MOF,60.50438
588.8471177944862,20.0,80.0,MOF,60.5034
589.4736842105264,20.0,80.0,MOF,60.502537
590.1002506265664,20.0,80.0,MOF,60.501682
590.7268170426065,20.0,80.0,MOF,60.500828
591.3533834586466,20.0,80.0,MOF,60.499973
591.9799498746867,20.0,80.0,MOF,60.49911
592.6065162907269,20.0,80.0,MOF,60.498257
593.2330827067669,20.0,80.0,MOF,60.497402
593.859649122807,20.0,80.0,MOF,60.496544
594.4862155388471,20.0,80.0,MOF,60.495693
595.1127819548872,20.0,80.0,MOF,60.49483
595.7393483709274,20.0,80.0,MOF,60.493973
596.3659147869674,20.0,80.0,MOF,60.493114
596.9924812030075,20.0,80.0,MOF,60.49226
597.6190476190476,20.0,80.0,MOF,60.492214
598.2456140350877,20.0,80.0,MOF,60.49262
598.8721804511279,20.0,80.0,MOF,60.48895
599.4987468671679,20.0,80.0,MOF,60.480442
600.125313283208,20.0,80.0,MOF,60.471943
600.7518796992481,20.0,80.0,MOF,60.46344
601.3784461152882,20.0,80.0,MOF,60.45493
602.0050125313284,20.0,80.0,MOF,60.44643
602.6315789473684,20.0,80.0,MOF,60.43793
603.2581453634085,20.0,80.0,MOF,60.429432
603.8847117794486,20.0,80.0,MOF,60.42092
604.5112781954887,20.0,80.0,MOF,60.412422
605.1378446115289,20.0,80.0,MOF,60.40391
605.7644110275689,20.0,80.0,MOF,60.395416
606.390977443609,20.0,80.0,MOF,60.38691
607.0175438596491,20.0,80.0,MOF,60.378414
607.6441102756892,20.0,80.0,MOF,60.369907
608.2706766917294,20.0,80.0,MOF,60.36141
608.8972431077694,20.0,80.0,MOF,60.3529
609.5238095238095,20.0,80.0,MOF,60.344402
610.1503759398496,20.0,80.0,MOF,60.3359
610.7769423558897,20.0,80.0,MOF,60.327393
611.4035087719299,20.0,80.0,MOF,60.31889
612.0300751879699,20.0,80.0,MOF,60.310383
612.65664160401,20.0,80.0,MOF,60.301888
613.2832080200501,20.0,80.0,MOF,60.29339
613.9097744360902,20.0,80.0,MOF,60.284878
614.5363408521304,20.0,80.0,MOF,60.276375
615.1629072681704,20.0,80.0,MOF,60.267876
615.7894736842105,20.0,80.0,MOF,60.259357
616.4160401002506,20.0,80.0,MOF,60.25087
617.0426065162907,20.0,80.0,MOF,60.24237
617.6691729323309,20.0,80.0,MOF,60.233868
618.295739348371,20.0,80.0,MOF,60.225365
618.922305764411,20.0,80.0,MOF,60.216866
619.5488721804511,20.0,80.0,MOF,60.20836
620.1754385964912,20.0,80.0,MOF,60.19985
620.8020050125314,20.0,80.0,MOF,60.19135
621.4285714285714,20.0,80.0,MOF,60.183372
622.0551378446115,20.0,80.0,MOF,60.176853
622.6817042606516,20.0,80.0,MOF,60.170338
623.3082706766917,20.0,80.0,MOF,60.16381
623.9348370927319,20.0,80.0,MOF,60.15729
624.561403508772,20.0,80.0,MOF,60.15078
625.187969924812,20.0,80.0,MOF,60.14425
625.8145363408521,20.0,80.0,MOF,60.137737
626.4411027568922,20.0,80.0,MOF,60.13121
627.0676691729324,20.0,80.0,MOF,60.124683
627.6942355889724,20.0,80.0,MOF,60.118176
628.3208020050125,20.0,80.0,MOF,60.111652
628.9473684210526,20.0,80.0,MOF,60.10513
629.5739348370927,20.0,80.0,MOF,60.098614
630.2005012531329,20.0,80.0,MOF,60.09209
630.827067669173,20.0,80.0,MOF,60.085575
631.453634085213,20.0,80.0,MOF,60.079052
632.0802005012531,20.0,80.0,MOF,60.07253
632.7067669172932,20.0,80.0,MOF,60.06601
633.3333333333334,20.0,80.0,MOF,60.059486
633.9598997493734,20.0,80.0,MOF,60.052963
634.5864661654135,20.0,80.0,MOF,60.046444
635.2130325814536,20.0,80.0,MOF,60.039917
635.8395989974937,20.0,80.0,MOF,60.033405
636.4661654135339,20.0,80.0,MOF,60.026886
637.092731829574,20.0,80.0,MOF,60.020367
637.719298245614,20.0,80.0,MOF,60.013836
638.3458646616541,20.0,80.0,MOF,60.007324
638.9724310776942,20.0,80.0,MOF,60.000797
639.5989974937344,20.0,80.0,MOF,59.99428
640.2255639097745,20.0,80.0,MOF,59.98776
640.8521303258145,20.0,80.0,MOF,59.981247
641.4786967418546,20.0,80.0,MOF,59.97472
642.1052631578947,20.0,80.0,MOF,59.9682
642.7318295739349,20.0,80.0,MOF,59.96168
643.358395989975,20.0,80.0,MOF,59.95516
643.984962406015,20.0,80.0,MOF,59.948643
644.6115288220551,20.0,80.0,MOF,59.942116
645.2380952380952,20.0,80.0,MOF,59.935596
645.8646616541354,20.0,80.0,MOF,59.92908
646.4912280701755,20.0,80.0,MOF,59.922558
647.1177944862155,20.0,80.0,MOF,59.91604
647.7443609022556,20.0,80.0,MOF,59.90952
648.3709273182957,20.0,80.0,MOF,59.902996
648.9974937343359,20.0,80.0,MOF,59.896473
649.624060150376,20.0,80.0,MOF,59.889965
650.250626566416,20.0,80.0,MOF,59.883434
650.8771929824561,20.0,80.0,MOF,59.87691
651.5037593984962,20.0,80.0,MOF,59.870388
652.1303258145364,20.0,80.0,MOF,59.86388
652.7568922305765,20.0,80.0,MOF,59.85736
653.3834586466165,20.0,80.0,MOF,59.850834
654.0100250626566,20.0,80.0,MOF,59.84432
654.6365914786967,20.0,80.0,MOF,59.837788
655.2631578947369,20.0,80.0,MOF,59.831276
655.889724310777,20.0,80.0,MOF,59.824757
656.516290726817,20.0,80.0,MOF,59.818226
657.1428571428571,20.0,80.0,MOF,59.81171
657.7694235588972,20.0,80.0,MOF,59.805195
658.3959899749374,20.0,80.0,MOF,59.79868
659.0225563909775,20.0,80.0,MOF,59.79215
659.6491228070175,20.0,80.0,MOF,59.785625
660.2756892230576,20.0,80.0,MOF,59.779106
660.9022556390977,20.0,80.0,MOF,59.772594
661.5288220551379,20.0,80.0,MOF,59.766064
662.155388471178,20.0,80.0,MOF,59.759544
662.781954887218,20.0,80.0,MOF,59.75302
663.4085213032581,20.0,80.0,MOF,59.746506
664.0350877192982,20.0,80.0,MOF,59.73999
664.6616541353384,20.0,80.0,MOF,59.733463
665.2882205513785,20.0,80.0,MOF,59.726948
665.9147869674185,20.0,80.0,MOF,59.720425
666.5413533834586,20.0,80.0,MOF,59.713905
667.1679197994987,20.0,80.0,MOF,59.707386
667.7944862155389,20.0,80.0,MOF,59.70086
668.421052631579,20.0,80.0,MOF,59.69434
669.047619047619,20.0,80.0,MOF,59.687824
669.6741854636591,20.0,80.0,MOF,59.6813
670.3007518796992,20.0,80.0,MOF,59.67478
670.9273182957394,20.0,80.0,MOF,59.668262
671.5538847117795,20.0,80.0,MOF,59.661743
672.1804511278195,20.0,80.0,MOF,59.655224
672.8070175438596,20.0,80.0,MOF,59.6487
673.4335839598998,20.0,80.0,MOF,59.64218
674.0601503759399,20.0,80.0,MOF,59.635654
674.68671679198,20.0,80.0,MOF,59.62914
675.31328320802,20.0,80.0,MOF,59.622616
675.9398496240601,20.0,80.0,MOF,59.616096
676.5664160401002,20.0,80.0,MOF,59.609577
677.1929824561404,20.0,80.0,MOF,59.603058
677.8195488721805,20.0,80.0,MOF,59.59654
678.4461152882205,20.0,80.0,MOF,59.590008
679.0726817042606,20.0,80.0,MOF,59.583496
679.6992481203008,20.0,80.0,MOF,59.57725
680.3258145363409,20.0,80.0,MOF,59.57294
680.952380952381,20.0,80.0,MOF,59.56977
681.578947368421,20.0,80.0,MOF,59.566597
682.2055137844611,20.0,80.0,MOF,59.563427
682.8320802005012,20.0,80.0,MOF,59.560253
683.4586466165414,20.0,80.0,MOF,59.557087
684.0852130325815,20.0,80.0,MOF,59.553917
684.7117794486215,20.0,80.0,MOF,59.550755
685.3383458646616,20.0,80.0,MOF,59.54758
685.9649122807018,20.0,80.0,MOF,59.54441
686.5914786967419,20.0,80.0,MOF,59.541237
687.218045112782,20.0,80.0,MOF,59.53807
687.844611528822,20.0,80.0,MOF,59.53491
688.4711779448621,20.0,80.0,MOF,59.53174
689.0977443609022,20.0,80.0,MOF,59.52856
689.7243107769424,20.0,80.0,MOF,59.525394
690.3508771929825,20.0,80.0,MOF,59.52222
690.9774436090225,20.0,80.0,MOF,59.519062
691.6040100250626,20.0,80.0,MOF,59.515884
692.2305764411028,20.0,80.0,MOF,59.51272
692.8571428571429,20.0,80.0,MOF,59.509544
693.483709273183,20.0,80.0,MOF,59.50639
694.110275689223,20.0,80.0,MOF,59.503204
694.7368421052631,20.0,80.0,MOF,59.50004
695.3634085213032,20.0,80.0,MOF,59.496864
695.9899749373434,20.0,80.0,MOF,59.493702
696.6165413533835,20.0,80.0,MOF,59.490536
697.2431077694235,20.0,80.0,MOF,59.487362
697.8696741854636,20.0,80.0,MOF,59.48419
698.4962406015038,20.0,80.0,MOF,59.481026
699.1228070175439,20.0,80.0,MOF,59.477856
699.749373433584,20.0,80.0,MOF,59.47468
700.375939849624,20.0,80.0,MOF,59.471508
701.0025062656641,20.0,80.0,MOF,59.468346
701.6290726817042,20.0,80.0,MOF,59.46518
702.2556390977444,20.0,80.0,MOF,59.462017
702.8822055137845,20.0,80.0,MOF,59.45884
703.5087719298245,20.0,80.0,MOF,59.455677
704.1353383458646,20.0,80.0,MOF,59.452507
704.7619047619048,20.0,80.0,MOF,59.44933
705.3884711779449,20.0,80.0,MOF,59.446163
706.015037593985,20.0,80.0,MOF,59.443
706.641604010025,20.0,80.0,MOF,59.439827
707.2681704260651,20.0,80.0,MOF,59.436657
707.8947368421052,20.0,80.0,MOF,59.43348
708.5213032581454,20.0,80.0,MOF,59.430317
709.1478696741855,20.0,80.0,MOF,59.427147
709.7744360902255,20.0,80.0,MOF,59.423977
710.4010025062656,20.0,80.0,MOF,59.420803
711.0275689223058,20.0,80.0,MOF,59.417637
711.6541353383459,20.0,80.0,MOF,59.414467
712.280701754386,20.0,80.0,MOF,59.411304
712.907268170426,20.0,80.0,MOF,59.408134
713.5338345864661,20.0,80.0,MOF,59.404957
714.1604010025062,20.0,80.0,MOF,59.401783
714.7869674185464,20.0,80.0,MOF,59.398624
715.4135338345865,20.0,80.0,MOF,59.395454
716.0401002506266,20.0,80.0,MOF,59.39229
716.6666666666666,20.0,80.0,MOF,59.389126
717.2932330827068,20.0,80.0,MOF,59.38595
717.9197994987469,20.0,80.0,MOF,59.38278
718.546365914787,20.0,80.0,MOF,59.379612
719.172932330827,20.0,80.0,MOF,59.377777
719.7994987468671,20.0,80.0,MOF,59.376152
720.4260651629072,20.0,80.0,MOF,59.37453
721.0526315789474,20.0,80.0,MOF,59.372913
721.6791979949875,20.0,80.0,MOF,59.37129
722.3057644110276,20.0,80.0,MOF,59.371304
722.9323308270676,20.0,80.0,MOF,59.37225
723.5588972431078,20.0,80.0,MOF,59.37331
724.1854636591479,20.0,80.0,MOF,59.37545
724.812030075188,20.0,80.0,MOF,59.37759
725.438596491228,20.0,80.0,MOF,59.37973
726.0651629072681,20.0,80.0,MOF,59.381874
726.6917293233082,20.0,80.0,MOF,59.384014
727.3182957393484,20.0,80.0,MOF,59.386166
727.9448621553885,20.0,80.0,MOF,59.388294
728.5714285714286,20.0,80.0,MOF,59.390438
729.1979949874686,20.0,80.0,MOF,59.392582
729.8245614035088,20.0,80.0,MOF,59.394726
730.4511278195489,20.0,80.0,MOF,59.396862
731.077694235589,20.0,80.0,MOF,59.399002
731.704260651629,20.0,80.0,MOF,59.40115
732.3308270676691,20.0,80.0,MOF,59.403282
732.9573934837092,20.0,80.0,MOF,59.405434
733.5839598997494,20.0,80.0,MOF,59.40758
734.2105263157895,20.0,80.0,MOF,59.409706
734.8370927318296,20.0,80.0,MOF,59.411854
735.4636591478696,20.0,80.0,MOF,59.413994
736.0902255639098,20.0,80.0,MOF,59.416134
736.7167919799499,20.0,80.0,MOF,59.41828
737.34335839599,20.0,80.0,MOF,59.42042
737.9699248120301,20.0,80.0,MOF,59.42256
738.5964912280701,20.0,80.0,MOF,59.4247
739.2230576441102,20.0,80.0,MOF,59.42684
739.8496240601504,20.0,80.0,MOF,59.42898
740.4761904761905,20.0,80.0,MOF,59.431133
741.1027568922306,20.0,80.0,MOF,59.43326
741.7293233082706,20.0,80.0,MOF,59.435406
742.3558897243108,20.0,80.0,MOF,59.437546
742.9824561403509,20.0,80.0,MOF,59.439686
743.609022556391,20.0,80.0,MOF,59.441837
744.2355889724311,20.0,80.0,MOF,59.443974
744.8621553884711,20.0,80.0,MOF,59.446114
745.4887218045112,20.0,80.0,MOF,59.44825
746.1152882205514,20.0,80.0,MOF,59.450397
746.7418546365915,20.0,80.0,MOF,59.45254
747.3684210526316,20.0,80.0,MOF,59.454685
747.9949874686716,20.0,80.0,MOF,59.45682
748.6215538847118,20.0,80.0,MOF,59.45896
749.2481203007519,20.0,80.0,MOF,59.461105
749.874686716792,20.0,80.0,MOF,59.463238
750.5012531328321,20.0,80.0,MOF,59.465385
751.1278195488721,20.0,80.0,MOF,59.467525
751.7543859649122,20.0,80.0,MOF,59.469666
752.3809523809524,20.0,80.0,MOF,59.471813
753.0075187969925,20.0,80.0,MOF,59.473953
753.6340852130326,20.0,80.0,MOF,59.476086
754.2606516290726,20.0,80.0,MOF,59.47823
754.8872180451128,20.0,80.0,MOF,59.480377
755.5137844611529,20.0,80.0,MOF,59.482513
756.140350877193,20.0,80.0,MOF,59.484657
756.7669172932331,20.0,80.0,MOF,59.487637
757.3934837092731,20.0,80.0,MOF,59.49101
758.0200501253132,20.0,80.0,MOF,59.49439
758.6466165413534,20.0,80.0,MOF,59.497757
759.2731829573935,20.0,80.0,MOF,59.501133
759.8997493734336,20.0,80.0,MOF,59.504498
760.5263157894736,20.0,80.0,MOF,59.507877
761.1528822055138,20.0,80.0,MOF,59.51125
761.7794486215539,20.0,80.0,MOF,59.514626
762.406015037594,20.0,80.0,MOF,59.517994
763.0325814536341,20.0,80.0,MOF,59.521374
763.6591478696741,20.0,80.0,MOF,59.524734
764.2857142857142,20.0,80.0,MOF,59.528122
764.9122807017544,20.0,80.0,MOF,59.53149
765.5388471177945,20.0,80.0,MOF,59.534863
766.1654135338346,20.0,80.0,MOF,59.538235
766.7919799498746,20.0,80.0,MOF,59.541603
767.4185463659148,20.0,80.0,MOF,59.544983
768.0451127819549,20.0,80.0,MOF,59.54835
768.671679197995,20.0,80.0,MOF,59.551723
769.2982456140351,20.0,80.0,MOF,59.555096
769.9248120300751,20.0,80.0,MOF,59.55847
770.5513784461152,20.0,80.0,MOF,59.561844
771.1779448621554,20.0,80.0,MOF,59.56522
771.8045112781955,20.0,80.0,MOF,59.568592
772.4310776942356,20.0,80.0,MOF,59.571964
773.0576441102756,20.0,80.0,MOF,59.575336
773.6842105263158,20.0,80.0,MOF,59.578712
774.3107769423559,20.0,80.0,MOF,59.58208
774.937343358396,20.0,80.0,MOF,59.585457
775.5639097744361,20.0,80.0,MOF,59.588833
776.1904761904761,20.0,80.0,MOF,59.592205
776.8170426065162,20.0,80.0,MOF,59.595577
777.4436090225564,20.0,80.0,MOF,59.59895
778.0701754385965,20.0,80.0,MOF,59.60232
778.6967418546366,20.0,80.0,MOF,59.6057
779.3233082706766,20.0,80.0,MOF,59.60906
779.9498746867168,20.0,80.0,MOF,59.61244
780.5764411027569,20.0,80.0,MOF,59.615807
781.203007518797,20.0,80.0,MOF,59.619186
781.8295739348371,20.0,80.0,MOF,59.622562
782.4561403508771,20.0,80.0,MOF,59.625935
783.0827067669172,20.0,80.0,MOF,59.629303
783.7092731829574,20.0,80.0,MOF,59.632683
784.3358395989975,20.0,80.0,MOF,59.636047
784.9624060150376,20.0,80.0,MOF,59.63943
785.5889724310777,20.0,80.0,MOF,59.6428
786.2155388471178,20.0,80.0,MOF,59.646175
786.8421052631579,20.0,80.0,MOF,59.649548
787.468671679198,20.0,80.0,MOF,59.65292
788.0952380952381,20.0,80.0,MOF,59.656296
788.7218045112782,20.0,80.0,MOF,59.659664
789.3483709273182,20.0,80.0,MOF,59.663044
789.9749373433584,20.0,80.0,MOF,59.66641
790.6015037593985,20.0,80.0,MOF,59.669785
791.2280701754386,20.0,80.0,MOF,59.673157
791.8546365914787,20.0,80.0,MOF,59.676525
792.4812030075188,20.0,80.0,MOF,59.679905
793.1077694235589,20.0,80.0,MOF,59.68327
793.734335839599,20.0,80.0,MOF,59.68665
794.3609022556391,20.0,80.0,MOF,59.69002
794.9874686716792,20.0,80.0,MOF,59.6934
795.6140350877192,20.0,80.0,MOF,59.696774
796.2406015037594,20.0,80.0,MOF,59.700138
796.8671679197995,20.0,80.0,MOF,59.70351
797.4937343358396,20.0,80.0,MOF,59.706886
798.1203007518797,20.0,80.0,MOF,59.710262
798.7468671679198,20.0,80.0,MOF,59.71363
799.3734335839599,20.0,80.0,MOF,59.717007
800.0,20.0,80.0,MOF,59.72038
550.0,40.0,80.0,MOF,60.68031
550.6265664160401,40.0,80.0,MOF,60.67684
551.2531328320802,40.0,80.0,MOF,60.673363
551.8796992481203,40.0,80.0,MOF,60.66989
552.5062656641604,40.0,80.0,MOF,60.666416
553.1328320802005,40.0,80.0,MOF,60.662937
553.7593984962406,40.0,80.0,MOF,60.659466
554.3859649122807,40.0,80.0,MOF,60.655994
555.0125313283208,40.0,80.0,MOF,60.652515
555.6390977443609,40.0,80.0,MOF,60.649036
556.265664160401,40.0,80.0,MOF,60.645565
556.8922305764411,40.0,80.0,MOF,60.64209
557.5187969924812,40.0,80.0,MOF,60.638622
558.1453634085213,40.0,80.0,MOF,60.63514
558.7719298245614,40.0,80.0,MOF,60.63167
559.3984962406015,40.0,80.0,MOF,60.62819
560.0250626566416,40.0,80.0,MOF,60.624718
560.6516290726817,40.0,80.0,MOF,60.621246
561.2781954887218,40.0,80.0,MOF,60.617767
561.9047619047619,40.0,80.0,MOF,60.614285
562.531328320802,40.0,80.0,MOF,60.610817
563.1578947368421,40.0,80.0,MOF,60.607338
563.7844611528822,40.0,80.0,MOF,60.60387
564.4110275689223,40.0,80.0,MOF,60.60039
565.0375939849624,40.0,80.0,MOF,60.596912
565.6641604010025,40.0,80.0,MOF,60.59344
566.2907268170426,40.0,80.0,MOF,60.589966
566.9172932330827,40.0,80.0,MOF,60.58649
567.5438596491229,40.0,80.0,MOF,60.58301
568.1704260651629,40.0,80.0,MOF,60.57954
568.796992481203,40.0,80.0,MOF,60.57606
569.4235588972431,40.0,80.0,MOF,60.57259
570.0501253132832,40.0,80.0,MOF,60.56911
570.6766917293234,40.0,80.0,MOF,60.56564
571.3032581453634,40.0,80.0,MOF,60.562164
571.9298245614035,40.0,80.0,MOF,60.558685
572.5563909774436,40.0,80.0,MOF,60.55521
573.1829573934837,40.0,80.0,MOF,60.55174
573.8095238095239,40.0,80.0,MOF,60.54827
574.4360902255639,40.0,80.0,MOF,60.544785
575.062656641604,40.0,80.0,MOF,60.542324
575.6892230576441,40.0,80.0,MOF,60.54141
576.3157894736842,40.0,80.0,MOF,60.5405
576.9423558897244,40.0,80.0,MOF,60.54073
577.5689223057644,40.0,80.0,MOF,60.541546
578.1954887218045,40.0,80.0,MOF,60.542362
578.8220551378446,40.0,80.0,MOF,60.543182
579.4486215538847,40.0,80.0,MOF,60.54399
580.0751879699249,40.0,80.0,MOF,60.54481
580.7017543859649,40.0,80.0,MOF,60.54563
581.328320802005,40.0,80.0,MOF,60.54645
581.9548872180451,40.0,80.0,MOF,60.547268
582.5814536340852,40.0,80.0,MOF,60.54808
583.2080200501254,40.0,80.0,MOF,60.54891
583.8345864661654,40.0,80.0,MOF,60.549713
584.4611528822055,40.0,80.0,MOF,60.55054
585.0877192982456,40.0,80.0,MOF,60.551353
585.7142857142857,40.0,80.0,MOF,60.552166
586.3408521303259,40.0,80.0,MOF,60.552994
586.9674185463659,40.0,80.0,MOF,60.55381
587.593984962406,40.0,80.0,MOF,60.554623
588.2205513784461,40.0,80.0,MOF,60.55544
588.8471177944862,40.0,80.0,MOF,60.556255
589.4736842105264,40.0,80.0,MOF,60.55708
590.1002506265664,40.0,80.0,MOF,60.557896
590.7268170426065,40.0,80.0,MOF,60.558716
591.3533834586466,40.0,80.0,MOF,60.559532
591.9799498746867,40.0,80.0,MOF,60.56074
592.6065162907269,40.0,80.0,MOF,60.5636
593.2330827067669,40.0,80.0,MOF,60.566467
593.859649122807,40.0,80.0,MOF,60.569324
594.4862155388471,40.0,80.0,MOF,60.572186
595.1127819548872,40.0,80.0,MOF,60.575054
595.7393483709274,40.0,80.0,MOF,60.577923
596.3659147869674,40.0,80.0,MOF,60.580784
596.9924812030075,40.0,80.0,MOF,60.583645
597.6190476190476,40.0,80.0,MOF,60.58651
598.2456140350877,40.0,80.0,MOF,60.589375
598.8721804511279,40.0,80.0,MOF,60.59223
599.4987468671679,40.0,80.0,MOF,60.595104
600.125313283208,40.0,80.0,MOF,60.597965
600.7518796992481,40.0,80.0,MOF,60.600826
601.3784461152882,40.0,80.0,MOF,60.603687
602.0050125313284,40.0,80.0,MOF,60.606564
602.6315789473684,40.0,80.0,MOF,60.60942
603.2581453634085,40.0,80.0,MOF,60.61228
603.8847117794486,40.0,80.0,MOF,60.61514
604.5112781954887,40.0,80.0,MOF,60.61801
605.1378446115289,40.0,80.0,MOF,60.620872
605.7644110275689,40.0,80.0,MOF,60.623787
606.390977443609,40.0,80.0,MOF,60.62739
607.0175438596491,40.0,80.0,MOF,60.631
607.6441102756892,40.0,80.0,MOF,60.634617
608.2706766917294,40.0,80.0,MOF,60.63822
608.8972431077694,40.0,80.0,MOF,60.641834
609.5238095238095,40.0,80.0,MOF,60.645443
610.1503759398496,40.0,80.0,MOF,60.64906
610.7769423558897,40.0,80.0,MOF,60.652664
611.4035087719299,40.0,80.0,MOF,60.656277
612.0300751879699,40.0,80.0,MOF,60.65988
612.65664160401,40.0,80.0,MOF,60.663494
613.2832080200501,40.0,80.0,MOF,60.667103
613.9097744360902,40.0,80.0,MOF,60.670723
614.5363408521304,40.0,80.0,MOF,60.674324
615.1629072681704,40.0,80.0,MOF,60.677937
615.7894736842105,40.0,80.0,MOF,60.681553
616.4160401002506,40.0,80.0,MOF,60.685158
617.0426065162907,40.0,80.0,MOF,60.688774
617.6691729323309,40.0,80.0,MOF,60.69238
618.295739348371,40.0,80.0,MOF,60.695995
618.922305764411,40.0,80.0,MOF,60.699604
619.5488721804511,40.0,80.0,MOF,60.703217
620.1754385964912,40.0,80.0,MOF,60.706825
620.8020050125314,40.0,80.0,MOF,60.710434
621.4285714285714,40.0,80.0,MOF,60.714043
622.0551378446115,40.0,80.0,MOF,60.71766
622.6817042606516,40.0,80.0,MOF,60.72127
623.3082706766917,40.0,80.0,MOF,60.72488
623.9348370927319,40.0,80.0,MOF,60.72849
624.561403508772,40.0,80.0,MOF,60.732094
625.187969924812,40.0,80.0,MOF,60.735706
625.8145363408521,40.0,80.0,MOF,60.739315
626.4411027568922,40.0,80.0,MOF,60.742924
627.0676691729324,40.0,80.0,MOF,60.74654
627.6942355889724,40.0,80.0,MOF,60.75015
628.3208020050125,40.0,80.0,MOF,60.753757
628.9473684210526,40.0,80.0,MOF,60.757374
629.5739348370927,40.0,80.0,MOF,60.760975
630.2005012531329,40.0,80.0,MOF,60.764587
630.827067669173,40.0,80.0,MOF,60.768204
631.453634085213,40.0,80.0,MOF,60.77181
632.0802005012531,40.0,80.0,MOF,60.775425
632.7067669172932,40.0,80.0,MOF,60.77904
633.3333333333334,40.0,80.0,MOF,60.78285
633.9598997493734,40.0,80.0,MOF,60.787735
634.5864661654135,40.0,80.0,MOF,60.79261
635.2130325814536,40.0,80.0,MOF,60.797497
635.8395989974937,40.0,80.0,MOF,60.802372
636.4661654135339,40.0,80.0,MOF,60.807255
637.092731829574,40.0,80.0,MOF,60.812134
637.719298245614,40.0,80.0,MOF,60.81701
638.3458646616541,40.0,80.0,MOF,60.8219
638.9724310776942,40.0,80.0,MOF,60.82678
639.5989974937344,40.0,80.0,MOF,60.83166
640.2255639097745,40.0,80.0,MOF,60.83654
640.8521303258145,40.0,80.0,MOF,60.84142
641.4786967418546,40.0,80.0,MOF,60.8463
642.1052631578947,40.0,80.0,MOF,60.851192
642.7318295739349,40.0,80.0,MOF,60.85607
643.358395989975,40.0,80.0,MOF,60.860943
643.984962406015,40.0,80.0,MOF,60.865826
644.6115288220551,40.0,80.0,MOF,60.870705
645.2380952380952,40.0,80.0,MOF,60.87559
645.8646616541354,40.0,80.0,MOF,60.880474
646.4912280701755,40.0,80.0,MOF,60.882286
647.1177944862155,40.0,80.0,MOF,60.878254
647.7443609022556,40.0,80.0,MOF,60.874218
648.3709273182957,40.0,80.0,MOF,60.87018
648.9974937343359,40.0,80.0,MOF,60.86614
649.624060150376,40.0,80.0,MOF,60.86211
650.250626566416,40.0,80.0,MOF,60.85807
650.8771929824561,40.0,80.0,MOF,60.854034
651.5037593984962,40.0,80.0,MOF,60.849995
652.1303258145364,40.0,80.0,MOF,60.84603
652.7568922305765,40.0,80.0,MOF,60.842396
653.3834586466165,40.0,80.0,MOF,60.83875
654.0100250626566,40.0,80.0,MOF,60.835117
654.6365914786967,40.0,80.0,MOF,60.831474
655.2631578947369,40.0,80.0,MOF,60.82784
655.889724310777,40.0,80.0,MOF,60.8242
656.516290726817,40.0,80.0,MOF,60.820557
657.1428571428571,40.0,80.0,MOF,60.816914
657.7694235588972,40.0,80.0,MOF,60.813274
658.3959899749374,40.0,80.0,MOF,60.809635
659.0225563909775,40.0,80.0,MOF,60.806004
659.6491228070175,40.0,80.0,MOF,60.802357
660.2756892230576,40.0,80.0,MOF,60.798717
660.9022556390977,40.0,80.0,MOF,60.795082
661.5288220551379,40.0,80.0,MOF,60.791447
662.155388471178,40.0,80.0,MOF,60.7878
662.781954887218,40.0,80.0,MOF,60.78417
663.4085213032581,40.0,80.0,MOF,60.78053
664.0350877192982,40.0,80.0,MOF,60.776882
664.6616541353384,40.0,80.0,MOF,60.773243
665.2882205513785,40.0,80.0,MOF,60.76961
665.9147869674185,40.0,80.0,MOF,60.765965
666.5413533834586,40.0,80.0,MOF,60.762333
667.1679197994987,40.0,80.0,MOF,60.758686
667.7944862155389,40.0,80.0,MOF,60.75506
668.421052631579,40.0,80.0,MOF,60.751415
669.047619047619,40.0,80.0,MOF,60.747765
669.6741854636591,40.0,80.0,MOF,60.74414
670.3007518796992,40.0,80.0,MOF,60.740494
670.9273182957394,40.0,80.0,MOF,60.73686
671.5538847117795,40.0,80.0,MOF,60.733215
672.1804511278195,40.0,80.0,MOF,60.729576
672.8070175438596,40.0,80.0,MOF,60.725937
673.4335839598998,40.0,80.0,MOF,60.722298
674.0601503759399,40.0,80.0,MOF,60.718662
674.68671679198,40.0,80.0,MOF,60.715023
675.31328320802,40.0,80.0,MOF,60.711384
675.9398496240601,40.0,80.0,MOF,60.707745
676.5664160401002,40.0,80.0,MOF,60.704105
677.1929824561404,40.0,80.0,MOF,60.700462
677.8195488721805,40.0,80.0,MOF,60.69683
678.4461152882205,40.0,80.0,MOF,60.693184
679.0726817042606,40.0,80.0,MOF,60.68955
679.6992481203008,40.0,80.0,MOF,60.6859
680.3258145363409,40.0,80.0,MOF,60.682262
680.952380952381,40.0,80.0,MOF,60.67863
681.578947368421,40.0,80.0,MOF,60.67499
682.2055137844611,40.0,80.0,MOF,60.671352
682.8320802005012,40.0,80.0,MOF,60.667713
683.4586466165414,40.0,80.0,MOF,60.66408
684.0852130325815,40.0,80.0,MOF,60.66043
684.7117794486215,40.0,80.0,MOF,60.656796
685.3383458646616,40.0,80.0,MOF,60.653156
685.9649122807018,40.0,80.0,MOF,60.649513
686.5914786967419,40.0,80.0,MOF,60.645878
687.218045112782,40.0,80.0,MOF,60.642242
687.844611528822,40.0,80.0,MOF,60.6386
688.4711779448621,40.0,80.0,MOF,60.63496
689.0977443609022,40.0,80.0,MOF,60.63132
689.7243107769424,40.0,80.0,MOF,60.627686
690.3508771929825,40.0,80.0,MOF,60.624043
690.9774436090225,40.0,80.0,MOF,60.620407
691.6040100250626,40.0,80.0,MOF,60.616764
692.2305764411028,40.0,80.0,MOF,60.613125
692.8571428571429,40.0,80.0,MOF,60.609486
693.483709273183,40.0,80.0,MOF,60.605846
694.110275689223,40.0,80.0,MOF,60.60221
694.7368421052631,40.0,80.0,MOF,60.598568
695.3634085213032,40.0,80.0,MOF,60.59493
695.9899749373434,40.0,80.0,MOF,60.591293
696.6165413533835,40.0,80.0,MOF,60.58765
697.2431077694235,40.0,80.0,MOF,60.58401
697.8696741854636,40.0,80.0,MOF,60.580376
698.4962406015038,40.0,80.0,MOF,60.576733
699.1228070175439,40.0,80.0,MOF,60.573093
699.749373433584,40.0,80.0,MOF,60.569458
700.375939849624,40.0,80.0,MOF,60.565815
701.0025062656641,40.0,80.0,MOF,60.562176
701.6290726817042,40.0,80.0,MOF,60.558533
702.2556390977444,40.0,80.0,MOF,60.5549
702.8822055137845,40.0,80.0,MOF,60.551258
703.5087719298245,40.0,80.0,MOF,60.547626
704.1353383458646,40.0,80.0,MOF,60.54398
704.7619047619048,40.0,80.0,MOF,60.540344
705.3884711779449,40.0,80.0,MOF,60.5367
706.015037593985,40.0,80.0,MOF,60.533066
706.641604010025,40.0,80.0,MOF,60.529427
707.2681704260651,40.0,80.0,MOF,60.525787
707.8947368421052,40.0,80.0,MOF,60.522144
708.5213032581454,40.0,80.0,MOF,60.518505
709.1478696741855,40.0,80.0,MOF,60.514874
709.7744360902255,40.0,80.0,MOF,60.511227
710.4010025062656,40.0,80.0,MOF,60.507595
711.0275689223058,40.0,80.0,MOF,60.503952
711.6541353383459,40.0,80.0,MOF,60.500317
712.280701754386,40.0,80.0,MOF,60.496677
712.907268170426,40.0,80.0,MOF,60.493034
713.5338345864661,40.0,80.0,MOF,60.489395
714.1604010025062,40.0,80.0,MOF,60.48575
714.7869674185464,40.0,80.0,MOF,60.48212
715.4135338345865,40.0,80.0,MOF,60.47848
716.0401002506266,40.0,80.0,MOF,60.47484
716.6666666666666,40.0,80.0,MOF,60.471203
717.2932330827068,40.0,80.0,MOF,60.46756
717.9197994987469,40.0,80.0,MOF,60.463924
718.546365914787,40.0,80.0,MOF,60.460285
719.172932330827,40.0,80.0,MOF,60.456646
719.7994987468671,40.0,80.0,MOF,60.453007
720.4260651629072,40.0,80.0,MOF,60.44936
721.0526315789474,40.0,80.0,MOF,60.445732
721.6791979949875,40.0,80.0,MOF,60.44208
722.3057644110276,40.0,80.0,MOF,60.438446
722.9323308270676,40.0,80.0,MOF,60.43481
723.5588972431078,40.0,80.0,MOF,60.43117
724.1854636591479,40.0,80.0,MOF,60.427536
724.812030075188,40.0,80.0,MOF,60.423893
725.438596491228,40.0,80.0,MOF,60.420254
726.0651629072681,40.0,80.0,MOF,60.41661
726.6917293233082,40.0,80.0,MOF,60.412975
727.3182957393484,40.0,80.0,MOF,60.40934
727.9448621553885,40.0,80.0,MOF,60.405697
728.5714285714286,40.0,80.0,MOF,60.402058
729.1979949874686,40.0,80.0,MOF,60.39841
729.8245614035088,40.0,80.0,MOF,60.394783
730.4511278195489,40.0,80.0,MOF,60.391132
731.077694235589,40.0,80.0,MOF,60.387493
731.704260651629,40.0,80.0,MOF,60.383865
732.3308270676691,40.0,80.0,MOF,60.380222
732.9573934837092,40.0,80.0,MOF,60.37659
733.5839598997494,40.0,80.0,MOF,60.372944
734.2105263157895,40.0,80.0,MOF,60.369305
734.8370927318296,40.0,80.0,MOF,60.365665
735.4636591478696,40.0,80.0,MOF,60.36451
736.0902255639098,40.0,80.0,MOF,60.363827
736.7167919799499,40.0,80.0,MOF,60.36313
737.34335839599,40.0,80.0,MOF,60.36245
737.9699248120301,40.0,80.0,MOF,60.36177
738.5964912280701,40.0,80.0,MOF,60.361084
739.2230576441102,40.0,80.0,MOF,60.360397
739.8496240601504,40.0,80.0,MOF,60.35971
740.4761904761905,40.0,80.0,MOF,60.359028
741.1027568922306,40.0,80.0,MOF,60.35835
741.7293233082706,40.0,80.0,MOF,60.357746
742.3558897243108,40.0,80.0,MOF,60.357147
742.9824561403509,40.0,80.0,MOF,60.35654
743.609022556391,40.0,80.0,MOF,60.35593
744.2355889724311,40.0,80.0,MOF,60.35533
744.8621553884711,40.0,80.0,MOF,60.355392
745.4887218045112,40.0,80.0,MOF,60.356014
746.1152882205514,40.0,80.0,MOF,60.35664
746.7418546365915,40.0,80.0,MOF,60.357273
747.3684210526316,40.0,80.0,MOF,60.3579
747.9949874686716,40.0,80.0,MOF,60.358532
748.6215538847118,40.0,80.0,MOF,60.359158
749.2481203007519,40.0,80.0,MOF,60.359787
749.874686716792,40.0,80.0,MOF,60.360405
750.5012531328321,40.0,80.0,MOF,60.361034
751.1278195488721,40.0,80.0,MOF,60.361664
751.7543859649122,40.0,80.0,MOF,60.362297
752.3809523809524,40.0,80.0,MOF,60.36292
753.0075187969925,40.0,80.0,MOF,60.363552
753.6340852130326,40.0,80.0,MOF,60.36417
754.2606516290726,40.0,80.0,MOF,60.364803
754.8872180451128,40.0,80.0,MOF,60.36543
755.5137844611529,40.0,80.0,MOF,60.366047
756.140350877193,40.0,80.0,MOF,60.366688
756.7669172932331,40.0,80.0,MOF,60.367313
757.3934837092731,40.0,80.0,MOF,60.36793
758.0200501253132,40.0,80.0,MOF,60.368565
758.6466165413534,40.0,80.0,MOF,60.369194
759.2731829573935,40.0,80.0,MOF,60.369823
759.8997493734336,40.0,80.0,MOF,60.37044
760.5263157894736,40.0,80.0,MOF,60.371075
761.1528822055138,40.0,80.0,MOF,60.37262
761.7794486215539,40.0,80.0,MOF,60.374447
762.406015037594,40.0,80.0,MOF,60.37627
763.0325814536341,40.0,80.0,MOF,60.378094
763.6591478696741,40.0,80.0,MOF,60.37991
764.2857142857142,40.0,80.0,MOF,60.381737
764.9122807017544,40.0,80.0,MOF,60.383564
765.5388471177945,40.0,80.0,MOF,60.385387
766.1654135338346,40.0,80.0,MOF,60.387203
766.7919799498746,40.0,80.0,MOF,60.389038
767.4185463659148,40.0,80.0,MOF,60.39086
768.0451127819549,40.0,80.0,MOF,60.392677
768.671679197995,40.0,80.0,MOF,60.3945
769.2982456140351,40.0,80.0,MOF,60.396328
769.9248120300751,40.0,80.0,MOF,60.398148
770.5513784461152,40.0,80.0,MOF,60.39997
771.1779448621554,40.0,80.0,MOF,60.401802
771.8045112781955,40.0,80.0,MOF,60.40362
772.4310776942356,40.0,80.0,MOF,60.40545
773.0576441102756,40.0,80.0,MOF,60.40727
773.6842105263158,40.0,80.0,MOF,60.409096
774.3107769423559,40.0,80.0,MOF,60.410915
774.937343358396,40.0,80.0,MOF,60.41274
775.5639097744361,40.0,80.0,MOF,60.414566
776.1904761904761,40.0,80.0,MOF,60.416393
776.8170426065162,40.0,80.0,MOF,60.41821
777.4436090225564,40.0,80.0,MOF,60.420033
778.0701754385965,40.0,80.0,MOF,60.421864
778.6967418546366,40.0,80.0,MOF,60.42368
779.3233082706766,40.0,80.0,MOF,60.425503
779.9498746867168,40.0,80.0,MOF,60.426716
780.5764411027569,40.0,80.0,MOF,60.427704
781.203007518797,40.0,80.0,MOF,60.428707
781.8295739348371,40.0,80.0,MOF,60.4297
782.4561403508771,40.0,80.0,MOF,60.43069
783.0827067669172,40.0,80.0,MOF,60.431675
783.7092731829574,40.0,80.0,MOF,60.432674
784.3358395989975,40.0,80.0,MOF,60.433674
784.9624060150376,40.0,80.0,MOF,60.436214
785.5889724310777,40.0,80.0,MOF,60.438755
786.2155388471178,40.0,80.0,MOF,60.441296
786.8421052631579,40.0,80.0,MOF,60.443844
787.468671679198,40.0,80.0,MOF,60.446392
788.0952380952381,40.0,80.0,MOF,60.44858
788.7218045112782,40.0,80.0,MOF,60.449352
789.3483709273182,40.0,80.0,MOF,60.45012
789.9749373433584,40.0,80.0,MOF,60.45088
790.6015037593985,40.0,80.0,MOF,60.45164
791.2280701754386,40.0,80.0,MOF,60.452415
791.8546365914787,40.0,80.0,MOF,60.45318
792.4812030075188,40.0,80.0,MOF,60.453945
793.1077694235589,40.0,80.0,MOF,60.454716
793.734335839599,40.0,80.0,MOF,60.45548
794.3609022556391,40.0,80.0,MOF,60.456257
794.9874686716792,40.0,80.0,MOF,60.457012
795.6140350877192,40.0,80.0,MOF,60.45778
796.2406015037594,40.0,80.0,MOF,60.458546
796.8671679197995,40.0,80.0,MOF,60.45931
797.4937343358396,40.0,80.0,MOF,60.46008
798.1203007518797,40.0,80.0,MOF,60.46085
798.7468671679198,40.0,80.0,MOF,60.46161
799.3734335839599,40.0,80.0,MOF,60.46237
800.0,40.0,80.0,MOF,60.463142
550.0,50.0,80.0,MOF,56.980385
550.6265664160401,50.0,80.0,MOF,56.978867
551.2531328320802,50.0,80.0,MOF,56.977345
551.8796992481203,50.0,80.0,MOF,56.975834
552.5062656641604,50.0,80.0,MOF,56.974316
553.1328320802005,50.0,80.0,MOF,56.972794
553.7593984962406,50.0,80.0,MOF,56.97128
554.3859649122807,50.0,80.0,MOF,56.969765
555.0125313283208,50.0,80.0,MOF,56.96825
555.6390977443609,50.0,80.0,MOF,56.96673
556.265664160401,50.0,80.0,MOF,56.965214
556.8922305764411,50.0,80.0,MOF,56.963696
557.5187969924812,50.0,80.0,MOF,56.962173
558.1453634085213,50.0,80.0,MOF,56.96066
558.7719298245614,50.0,80.0,MOF,56.95914
559.3984962406015,50.0,80.0,MOF,56.957626
560.0250626566416,50.0,80.0,MOF,56.95611
560.6516290726817,50.0,80.0,MOF,56.95459
561.2781954887218,50.0,80.0,MOF,56.95307
561.9047619047619,50.0,80.0,MOF,56.951557
562.531328320802,50.0,80.0,MOF,56.95004
563.1578947368421,50.0,80.0,MOF,56.948524
563.7844611528822,50.0,80.0,MOF,56.94701
564.4110275689223,50.0,80.0,MOF,56.94549
565.0375939849624,50.0,80.0,MOF,56.943974
565.6641604010025,50.0,80.0,MOF,56.942455
566.2907268170426,50.0,80.0,MOF,56.940937
566.9172932330827,50.0,80.0,MOF,56.939423
567.5438596491229,50.0,80.0,MOF,56.937904
568.1704260651629,50.0,80.0,MOF,56.93639
568.796992481203,50.0,80.0,MOF,56.934868
569.4235588972431,50.0,80.0,MOF,56.933346
570.0501253132832,50.0,80.0,MOF,56.931835
570.6766917293234,50.0,80.0,MOF,56.93032
571.3032581453634,50.0,80.0,MOF,56.9288
571.9298245614035,50.0,80.0,MOF,56.927284
572.5563909774436,50.0,80.0,MOF,56.92577
573.1829573934837,50.0,80.0,MOF,56.92425
573.8095238095239,50.0,80.0,MOF,56.922733
574.4360902255639,50.0,80.0,MOF,56.921215
575.062656641604,50.0,80.0,MOF,56.919697
575.6892230576441,50.0,80.0,MOF,56.918182
576.3157894736842,50.0,80.0,MOF,56.91666
576.9423558897244,50.0,80.0,MOF,56.915146
577.5689223057644,50.0,80.0,MOF,56.913628
578.1954887218045,50.0,80.0,MOF,56.91211
578.8220551378446,50.0,80.0,MOF,56.910595
579.4486215538847,50.0,80.0,MOF,56.90908
580.0751879699249,50.0,80.0,MOF,56.907562
580.7017543859649,50.0,80.0,MOF,56.906048
581.328320802005,50.0,80.0,MOF,56.904526
581.9548872180451,50.0,80.0,MOF,56.90301
582.5814536340852,50.0,80.0,MOF,56.901485
583.2080200501254,50.0,80.0,MOF,56.899975
583.8345864661654,50.0,80.0,MOF,56.898457
584.4611528822055,50.0,80.0,MOF,56.896946
585.0877192982456,50.0,80.0,MOF,56.895428
585.7142857142857,50.0,80.0,MOF,56.89391
586.3408521303259,50.0,80.0,MOF,56.89239
586.9674185463659,50.0,80.0,MOF,56.890865
587.593984962406,50.0,80.0,MOF,56.889355
588.2205513784461,50.0,80.0,MOF,56.887844
588.8471177944862,50.0,80.0,MOF,56.886322
589.4736842105264,50.0,80.0,MOF,56.8848
590.1002506265664,50.0,80.0,MOF,56.88329
590.7268170426065,50.0,80.0,MOF,56.88178
591.3533834586466,50.0,80.0,MOF,56.880253
591.9799498746867,50.0,80.0,MOF,56.878735
592.6065162907269,50.0,80.0,MOF,56.87722
593.2330827067669,50.0,80.0,MOF,56.875706
593.859649122807,50.0,80.0,MOF,56.874187
594.4862155388471,50.0,80.0,MOF,56.87267
595.1127819548872,50.0,80.0,MOF,56.87115
595.7393483709274,50.0,80.0,MOF,56.86964
596.3659147869674,50.0,80.0,MOF,56.86812
596.9924812030075,50.0,80.0,MOF,56.866596
597.6190476190476,50.0,80.0,MOF,56.86508
598.2456140350877,50.0,80.0,MOF,56.863567
598.8721804511279,50.0,80.0,MOF,56.86205
599.4987468671679,50.0,80.0,MOF,56.86053
600.125313283208,50.0,80.0,MOF,56.859005
600.7518796992481,50.0,80.0,MOF,56.8575
601.3784461152882,50.0,80.0,MOF,56.855984
602.0050125313284,50.0,80.0,MOF,56.85447
602.6315789473684,50.0,80.0,MOF,56.85295
603.2581453634085,50.0,80.0,MOF,56.85143
603.8847117794486,50.0,80.0,MOF,56.84991
604.5112781954887,50.0,80.0,MOF,56.848392
605.1378446115289,50.0,80.0,MOF,56.846874
605.7644110275689,50.0,80.0,MOF,56.845356
606.390977443609,50.0,80.0,MOF,56.843845
607.0175438596491,50.0,80.0,MOF,56.842327
607.6441102756892,50.0,80.0,MOF,56.840813
608.2706766917294,50.0,80.0,MOF,56.839287
608.8972431077694,50.0,80.0,MOF,56.837776
609.5238095238095,50.0,80.0,MOF,56.836258
610.1503759398496,50.0,80.0,MOF,56.834736
610.7769423558897,50.0,80.0,MOF,56.833218
611.4035087719299,50.0,80.0,MOF,56.831707
612.0300751879699,50.0,80.0,MOF,56.83019
612.65664160401,50.0,80.0,MOF,56.82867
613.2832080200501,50.0,80.0,MOF,56.827152
613.9097744360902,50.0,80.0,MOF,56.825634
614.5363408521304,50.0,80.0,MOF,56.824253
615.1629072681704,50.0,80.0,MOF,56.823483
615.7894736842105,50.0,80.0,MOF,56.822712
616.4160401002506,50.0,80.0,MOF,56.82194
617.0426065162907,50.0,80.0,MOF,56.821167
617.6691729323309,50.0,80.0,MOF,56.8204
618.295739348371,50.0,80.0,MOF,56.819714
618.922305764411,50.0,80.0,MOF,56.820667
619.5488721804511,50.0,80.0,MOF,56.821636
620.1754385964912,50.0,80.0,MOF,56.822582
620.8020050125314,50.0,80.0,MOF,56.823544
621.4285714285714,50.0,80.0,MOF,56.824505
622.0551378446115,50.0,80.0,MOF,56.825462
622.6817042606516,50.0,80.0,MOF,56.82642
623.3082706766917,50.0,80.0,MOF,56.827374
623.9348370927319,50.0,80.0,MOF,56.828335
624.561403508772,50.0,80.0,MOF,56.829292
625.187969924812,50.0,80.0,MOF,56.830246
625.8145363408521,50.0,80.0,MOF,56.831203
626.4411027568922,50.0,80.0,MOF,56.832165
627.0676691729324,50.0,80.0,MOF,56.833122
627.6942355889724,50.0,80.0,MOF,56.83408
628.3208020050125,50.0,80.0,MOF,56.835037
628.9473684210526,50.0,80.0,MOF,56.835995
629.5739348370927,50.0,80.0,MOF,56.836952
630.2005012531329,50.0,80.0,MOF,56.837917
630.827067669173,50.0,80.0,MOF,56.83887
631.453634085213,50.0,80.0,MOF,56.839825
632.0802005012531,50.0,80.0,MOF,56.840786
632.7067669172932,50.0,80.0,MOF,56.841747
633.3333333333334,50.0,80.0,MOF,56.8427
633.9598997493734,50.0,80.0,MOF,56.843655
634.5864661654135,50.0,80.0,MOF,56.844612
635.2130325814536,50.0,80.0,MOF,56.84557
635.8395989974937,50.0,80.0,MOF,56.84653
636.4661654135339,50.0,80.0,MOF,56.847492
637.092731829574,50.0,80.0,MOF,56.84844
637.719298245614,50.0,80.0,MOF,56.8494
638.3458646616541,50.0,80.0,MOF,56.850357
638.9724310776942,50.0,80.0,MOF,56.851673
639.5989974937344,50.0,80.0,MOF,56.85303
640.2255639097745,50.0,80.0,MOF,56.85438
640.8521303258145,50.0,80.0,MOF,56.85574
641.4786967418546,50.0,80.0,MOF,56.857094
642.1052631578947,50.0,80.0,MOF,56.85845
642.7318295739349,50.0,80.0,MOF,56.859802
643.358395989975,50.0,80.0,MOF,56.861156
643.984962406015,50.0,80.0,MOF,56.8625
644.6115288220551,50.0,80.0,MOF,56.863865
645.2380952380952,50.0,80.0,MOF,56.865223
645.8646616541354,50.0,80.0,MOF,56.866573
646.4912280701755,50.0,80.0,MOF,56.867924
647.1177944862155,50.0,80.0,MOF,56.869286
647.7443609022556,50.0,80.0,MOF,56.870632
648.3709273182957,50.0,80.0,MOF,56.871998
648.9974937343359,50.0,80.0,MOF,56.873344
649.624060150376,50.0,80.0,MOF,56.874706
650.250626566416,50.0,80.0,MOF,56.876053
650.8771929824561,50.0,80.0,MOF,56.877407
651.5037593984962,50.0,80.0,MOF,56.8793
652.1303258145364,50.0,80.0,MOF,56.882603
652.7568922305765,50.0,80.0,MOF,56.88728
653.3834586466165,50.0,80.0,MOF,56.89195
654.0100250626566,50.0,80.0,MOF,56.896626
654.6365914786967,50.0,80.0,MOF,56.901295
655.2631578947369,50.0,80.0,MOF,56.905964
655.889724310777,50.0,80.0,MOF,56.910633
656.516290726817,50.0,80.0,MOF,56.91531
657.1428571428571,50.0,80.0,MOF,56.91998
657.7694235588972,50.0,80.0,MOF,56.92465
658.3959899749374,50.0,80.0,MOF,56.929317
659.0225563909775,50.0,80.0,MOF,56.933987
659.6491228070175,50.0,80.0,MOF,56.938663
660.2756892230576,50.0,80.0,MOF,56.943333
660.9022556390977,50.0,80.0,MOF,56.948
661.5288220551379,50.0,80.0,MOF,56.95267
662.155388471178,50.0,80.0,MOF,56.957348
662.781954887218,50.0,80.0,MOF,56.962013
663.4085213032581,50.0,80.0,MOF,56.966682
664.0350877192982,50.0,80.0,MOF,56.971355
664.6616541353384,50.0,80.0,MOF,56.97603
665.2882205513785,50.0,80.0,MOF,56.980698
665.9147869674185,50.0,80.0,MOF,56.98537
666.5413533834586,50.0,80.0,MOF,56.99004
667.1679197994987,50.0,80.0,MOF,56.99471
667.7944862155389,50.0,80.0,MOF,56.999386
668.421052631579,50.0,80.0,MOF,57.00405
669.047619047619,50.0,80.0,MOF,57.008717
669.6741854636591,50.0,80.0,MOF,57.013397
670.3007518796992,50.0,80.0,MOF,57.015514
670.9273182957394,50.0,80.0,MOF,57.01127
671.5538847117795,50.0,80.0,MOF,57.007015
672.1804511278195,50.0,80.0,MOF,57.002777
672.8070175438596,50.0,80.0,MOF,56.998528
673.4335839598998,50.0,80.0,MOF,56.994286
674.0601503759399,50.0,80.0,MOF,56.990036
674.68671679198,50.0,80.0,MOF,56.98579
675.31328320802,50.0,80.0,MOF,56.98154
675.9398496240601,50.0,80.0,MOF,56.977306
676.5664160401002,50.0,80.0,MOF,56.973057
677.1929824561404,50.0,80.0,MOF,56.96881
677.8195488721805,50.0,80.0,MOF,56.96456
678.4461152882205,50.0,80.0,MOF,56.960316
679.0726817042606,50.0,80.0,MOF,56.95607
679.6992481203008,50.0,80.0,MOF,56.95182
680.3258145363409,50.0,80.0,MOF,56.947582
680.952380952381,50.0,80.0,MOF,56.94333
681.578947368421,50.0,80.0,MOF,56.939087
682.2055137844611,50.0,80.0,MOF,56.93484
682.8320802005012,50.0,80.0,MOF,56.9306
683.4586466165414,50.0,80.0,MOF,56.926346
684.0852130325815,50.0,80.0,MOF,56.922104
684.7117794486215,50.0,80.0,MOF,56.91785
685.3383458646616,50.0,80.0,MOF,56.913616
685.9649122807018,50.0,80.0,MOF,56.90936
686.5914786967419,50.0,80.0,MOF,56.905125
687.218045112782,50.0,80.0,MOF,56.90087
687.844611528822,50.0,80.0,MOF,56.896626
688.4711779448621,50.0,80.0,MOF,56.892384
689.0977443609022,50.0,80.0,MOF,56.888134
689.7243107769424,50.0,80.0,MOF,56.88389
690.3508771929825,50.0,80.0,MOF,56.879642
690.9774436090225,50.0,80.0,MOF,56.8754
691.6040100250626,50.0,80.0,MOF,56.871155
692.2305764411028,50.0,80.0,MOF,56.866905
692.8571428571429,50.0,80.0,MOF,56.86265
693.483709273183,50.0,80.0,MOF,56.858418
694.110275689223,50.0,80.0,MOF,56.854168
694.7368421052631,50.0,80.0,MOF,56.849922
695.3634085213032,50.0,80.0,MOF,56.845673
695.9899749373434,50.0,80.0,MOF,56.841434
696.6165413533835,50.0,80.0,MOF,56.83718
697.2431077694235,50.0,80.0,MOF,56.832935
697.8696741854636,50.0,80.0,MOF,56.82869
698.4962406015038,50.0,80.0,MOF,56.82445
699.1228070175439,50.0,80.0,MOF,56.820198
699.749373433584,50.0,80.0,MOF,56.81596
700.375939849624,50.0,80.0,MOF,56.811707
701.0025062656641,50.0,80.0,MOF,56.80746
701.6290726817042,50.0,80.0,MOF,56.80321
702.2556390977444,50.0,80.0,MOF,56.79897
702.8822055137845,50.0,80.0,MOF,56.794724
703.5087719298245,50.0,80.0,MOF,56.790478
704.1353383458646,50.0,80.0,MOF,56.784626
704.7619047619048,50.0,80.0,MOF,56.7786
705.3884711779449,50.0,80.0,MOF,56.77258
706.015037593985,50.0,80.0,MOF,56.766552
706.641604010025,50.0,80.0,MOF,56.76053
707.2681704260651,50.0,80.0,MOF,56.75451
707.8947368421052,50.0,80.0,MOF,56.748486
708.5213032581454,50.0,80.0,MOF,56.742466
709.1478696741855,50.0,80.0,MOF,56.73644
709.7744360902255,50.0,80.0,MOF,56.73042
710.4010025062656,50.0,80.0,MOF,56.7244
711.0275689223058,50.0,80.0,MOF,56.718365
711.6541353383459,50.0,80.0,MOF,56.712357
712.280701754386,50.0,80.0,MOF,56.706333
712.907268170426,50.0,80.0,MOF,56.700306
713.5338345864661,50.0,80.0,MOF,56.694283
714.1604010025062,50.0,80.0,MOF,56.68826
714.7869674185464,50.0,80.0,MOF,56.682236
715.4135338345865,50.0,80.0,MOF,56.676212
716.0401002506266,50.0,80.0,MOF,56.670193
716.6666666666666,50.0,80.0,MOF,56.664173
717.2932330827068,50.0,80.0,MOF,56.65815
717.9197994987469,50.0,80.0,MOF,56.652122
718.546365914787,50.0,80.0,MOF,56.64611
719.172932330827,50.0,80.0,MOF,56.640083
719.7994987468671,50.0,80.0,MOF,56.63406
720.4260651629072,50.0,80.0,MOF,56.628036
721.0526315789474,50.0,80.0,MOF,56.621635
721.6791979949875,50.0,80.0,MOF,56.61478
722.3057644110276,50.0,80.0,MOF,56.607925
722.9323308270676,50.0,80.0,MOF,56.601067
723.5588972431078,50.0,80.0,MOF,56.594227
724.1854636591479,50.0,80.0,MOF,56.587368
724.812030075188,50.0,80.0,MOF,56.580517
725.438596491228,50.0,80.0,MOF,56.573666
726.0651629072681,50.0,80.0,MOF,56.566814
726.6917293233082,50.0,80.0,MOF,56.55995
727.3182957393484,50.0,80.0,MOF,56.553104
727.9448621553885,50.0,80.0,MOF,56.546253
728.5714285714286,50.0,80.0,MOF,56.539402
729.1979949874686,50.0,80.0,MOF,56.532543
729.8245614035088,50.0,80.0,MOF,56.525692
730.4511278195489,50.0,80.0,MOF,56.51884
731.077694235589,50.0,80.0,MOF,56.511993
731.704260651629,50.0,80.0,MOF,56.505135
732.3308270676691,50.0,80.0,MOF,56.498276
732.9573934837092,50.0,80.0,MOF,56.49143
733.5839598997494,50.0,80.0,MOF,56.484585
734.2105263157895,50.0,80.0,MOF,56.477726
734.8370927318296,50.0,80.0,MOF,56.47087
735.4636591478696,50.0,80.0,MOF,56.46402
736.0902255639098,50.0,80.0,MOF,56.45717
736.7167919799499,50.0,80.0,MOF,56.450317
737.34335839599,50.0,80.0,MOF,56.443462
737.9699248120301,50.0,80.0,MOF,56.436607
738.5964912280701,50.0,80.0,MOF,56.42976
739.2230576441102,50.0,80.0,MOF,56.4241
739.8496240601504,50.0,80.0,MOF,56.418484
740.4761904761905,50.0,80.0,MOF,56.41286
741.1027568922306,50.0,80.0,MOF,56.407238
741.7293233082706,50.0,80.0,MOF,56.401615
742.3558897243108,50.0,80.0,MOF,56.395996
742.9824561403509,50.0,80.0,MOF,56.39037
743.609022556391,50.0,80.0,MOF,56.38475
744.2355889724311,50.0,80.0,MOF,56.37913
744.8621553884711,50.0,80.0,MOF,56.3735
745.4887218045112,50.0,80.0,MOF,56.367886
746.1152882205514,50.0,80.0,MOF,56.362263
746.7418546365915,50.0,80.0,MOF,56.356647
747.3684210526316,50.0,80.0,MOF,56.35103
747.9949874686716,50.0,80.0,MOF,56.3454
748.6215538847118,50.0,80.0,MOF,56.339794
749.2481203007519,50.0,80.0,MOF,56.334167
749.874686716792,50.0,80.0,MOF,56.32854
750.5012531328321,50.0,80.0,MOF,56.322926
751.1278195488721,50.0,80.0,MOF,56.317295
751.7543859649122,50.0,80.0,MOF,56.31168
752.3809523809524,50.0,80.0,MOF,56.30605
753.0075187969925,50.0,80.0,MOF,56.30044
753.6340852130326,50.0,80.0,MOF,56.294815
754.2606516290726,50.0,80.0,MOF,56.289192
754.8872180451128,50.0,80.0,MOF,56.283577
755.5137844611529,50.0,80.0,MOF,56.27795
756.140350877193,50.0,80.0,MOF,56.272335
756.7669172932331,50.0,80.0,MOF,56.266712
757.3934837092731,50.0,80.0,MOF,56.26109
758.0200501253132,50.0,80.0,MOF,56.25547
758.6466165413534,50.0,80.0,MOF,56.24985
759.2731829573935,50.0,80.0,MOF,56.244232
759.8997493734336,50.0,80.0,MOF,56.238605
760.5263157894736,50.0,80.0,MOF,56.232983
761.1528822055138,50.0,80.0,MOF,56.227364
761.7794486215539,50.0,80.0,MOF,56.221745
762.406015037594,50.0,80.0,MOF,56.21612
763.0325814536341,50.0,80.0,MOF,56.21333
763.6591478696741,50.0,80.0,MOF,56.21066
764.2857142857142,50.0,80.0,MOF,56.20799
764.9122807017544,50.0,80.0,MOF,56.20532
765.5388471177945,50.0,80.0,MOF,56.202656
766.1654135338346,50.0,80.0,MOF,56.199993
766.7919799498746,50.0,80.0,MOF,56.197327
767.4185463659148,50.0,80.0,MOF,56.19466
768.0451127819549,50.0,80.0,MOF,56.191994
768.671679197995,50.0,80.0,MOF,56.189327
769.2982456140351,50.0,80.0,MOF,56.186657
769.9248120300751,50.0,80.0,MOF,56.184
770.5513784461152,50.0,80.0,MOF,56.18132
771.1779448621554,50.0,80.0,MOF,56.17866
771.8045112781955,50.0,80.0,MOF,56.175995
772.4310776942356,50.0,80.0,MOF,56.17332
773.0576441102756,50.0,80.0,MOF,56.17066
773.6842105263158,50.0,80.0,MOF,56.167984
774.3107769423559,50.0,80.0,MOF,56.165325
774.937343358396,50.0,80.0,MOF,56.162655
775.5639097744361,50.0,80.0,MOF,56.159992
776.1904761904761,50.0,80.0,MOF,56.15733
776.8170426065162,50.0,80.0,MOF,56.15466
777.4436090225564,50.0,80.0,MOF,56.15199
778.0701754385965,50.0,80.0,MOF,56.149323
778.6967418546366,50.0,80.0,MOF,56.146656
779.3233082706766,50.0,80.0,MOF,56.14413
779.9498746867168,50.0,80.0,MOF,56.14265
780.5764411027569,50.0,80.0,MOF,56.14118
781.203007518797,50.0,80.0,MOF,56.139713
781.8295739348371,50.0,80.0,MOF,56.13825
782.4561403508771,50.0,80.0,MOF,56.13677
783.0827067669172,50.0,80.0,MOF,56.135303
783.7092731829574,50.0,80.0,MOF,56.13383
784.3358395989975,50.0,80.0,MOF,56.132362
784.9624060150376,50.0,80.0,MOF,56.130886
785.5889724310777,50.0,80.0,MOF,56.12942
786.2155388471178,50.0,80.0,MOF,56.12795
786.8421052631579,50.0,80.0,MOF,56.126484
787.468671679198,50.0,80.0,MOF,56.125015
788.0952380952381,50.0,80.0,MOF,56.12353
788.7218045112782,50.0,80.0,MOF,56.122066
789.3483709273182,50.0,80.0,MOF,56.120598
789.9749373433584,50.0,80.0,MOF,56.11912
790.6015037593985,50.0,80.0,MOF,56.117657
791.2280701754386,50.0,80.0,MOF,56.11619
791.8546365914787,50.0,80.0,MOF,56.114716
792.4812030075188,50.0,80.0,MOF,56.113247
793.1077694235589,50.0,80.0,MOF,56.11178
793.734335839599,50.0,80.0,MOF,56.11031
794.3609022556391,50.0,80.0,MOF,56.108833
794.9874686716792,50.0,80.0,MOF,56.10737
795.6140350877192,50.0,80.0,MOF,56.105892
796.2406015037594,50.0,80.0,MOF,56.104424
796.8671679197995,50.0,80.0,MOF,56.10295
797.4937343358396,50.0,80.0,MOF,56.101486
798.1203007518797,50.0,80.0,MOF,56.10001
798.7468671679198,50.0,80.0,MOF,56.098545
799.3734335839599,50.0,80.0,MOF,56.097073
800.0,50.0,80.0,MOF,56.0956
550.0,60.0,80.0,MOF,52.5607
550.6265664160401,60.0,80.0,MOF,52.559635
551.2531328320802,60.0,80.0,MOF,52.558575
551.8796992481203,60.0,80.0,MOF,52.557507
552.5062656641604,60.0,80.0,MOF,52.556454
553.1328320802005,60.0,80.0,MOF,52.555386
553.7593984962406,60.0,80.0,MOF,52.554325
554.3859649122807,60.0,80.0,MOF,52.553257
555.0125313283208,60.0,80.0,MOF,52.552197
555.6390977443609,60.0,80.0,MOF,52.55113
556.265664160401,60.0,80.0,MOF,52.550068
556.8922305764411,60.0,80.0,MOF,52.549007
557.5187969924812,60.0,80.0,MOF,52.547947
558.1453634085213,60.0,80.0,MOF,52.546875
558.7719298245614,60.0,80.0,MOF,52.54582
559.3984962406015,60.0,80.0,MOF,52.544754
560.0250626566416,60.0,80.0,MOF,52.54369
560.6516290726817,60.0,80.0,MOF,52.542625
561.2781954887218,60.0,80.0,MOF,52.541565
561.9047619047619,60.0,80.0,MOF,52.54051
562.531328320802,60.0,80.0,MOF,52.539436
563.1578947368421,60.0,80.0,MOF,52.538372
563.7844611528822,60.0,80.0,MOF,52.53731
564.4110275689223,60.0,80.0,MOF,52.53625
565.0375939849624,60.0,80.0,MOF,52.53518
565.6641604010025,60.0,80.0,MOF,52.534126
566.2907268170426,60.0,80.0,MOF,52.533054
566.9172932330827,60.0,80.0,MOF,52.531994
567.5438596491229,60.0,80.0,MOF,52.53093
568.1704260651629,60.0,80.0,MOF,52.52987
568.796992481203,60.0,80.0,MOF,52.528797
569.4235588972431,60.0,80.0,MOF,52.527744
570.0501253132832,60.0,80.0,MOF,52.52668
570.6766917293234,60.0,80.0,MOF,52.52562
571.3032581453634,60.0,80.0,MOF,52.524548
571.9298245614035,60.0,80.0,MOF,52.523483
572.5563909774436,60.0,80.0,MOF,52.522427
573.1829573934837,60.0,80.0,MOF,52.521366
573.8095238095239,60.0,80.0,MOF,52.5203
574.4360902255639,60.0,80.0,MOF,52.519234
575.062656641604,60.0,80.0,MOF,52.51817
575.6892230576441,60.0,80.0,MOF,52.516994
576.3157894736842,60.0,80.0,MOF,52.51549
576.9423558897244,60.0,80.0,MOF,52.513973
577.5689223057644,60.0,80.0,MOF,52.512466
578.1954887218045,60.0,80.0,MOF,52.510963
578.8220551378446,60.0,80.0,MOF,52.50945
579.4486215538847,60.0,80.0,MOF,52.50794
580.0751879699249,60.0,80.0,MOF,52.506435
580.7017543859649,60.0,80.0,MOF,52.504925
581.328320802005,60.0,80.0,MOF,52.50342
581.9548872180451,60.0,80.0,MOF,52.501904
582.5814536340852,60.0,80.0,MOF,52.500404
583.2080200501254,60.0,80.0,MOF,52.498898
583.8345864661654,60.0,80.0,MOF,52.49738
584.4611528822055,60.0,80.0,MOF,52.495876
585.0877192982456,60.0,80.0,MOF,52.494366
585.7142857142857,60.0,80.0,MOF,52.492863
586.3408521303259,60.0,80.0,MOF,52.491352
586.9674185463659,60.0,80.0,MOF,52.489853
587.593984962406,60.0,80.0,MOF,52.48834
588.2205513784461,60.0,80.0,MOF,52.48683
588.8471177944862,60.0,80.0,MOF,52.485325
589.4736842105264,60.0,80.0,MOF,52.483814
590.1002506265664,60.0,80.0,MOF,52.482304
590.7268170426065,60.0,80.0,MOF,52.480793
591.3533834586466,60.0,80.0,MOF,52.47929
591.9799498746867,60.0,80.0,MOF,52.477783
592.6065162907269,60.0,80.0,MOF,52.476276
593.2330827067669,60.0,80.0,MOF,52.474762
593.859649122807,60.0,80.0,MOF,52.473255
594.4862155388471,60.0,80.0,MOF,52.47174
595.1127819548872,60.0,80.0,MOF,52.47024
595.7393483709274,60.0,80.0,MOF,52.46873
596.3659147869674,60.0,80.0,MOF,52.46722
596.9924812030075,60.0,80.0,MOF,52.465714
597.6190476190476,60.0,80.0,MOF,52.464203
598.2456140350877,60.0,80.0,MOF,52.462692
598.8721804511279,60.0,80.0,MOF,52.461185
599.4987468671679,60.0,80.0,MOF,52.45968
600.125313283208,60.0,80.0,MOF,52.458176
600.7518796992481,60.0,80.0,MOF,52.456657
601.3784461152882,60.0,80.0,MOF,52.45516
602.0050125313284,60.0,80.0,MOF,52.453655
602.6315789473684,60.0,80.0,MOF,52.452137
603.2581453634085,60.0,80.0,MOF,52.450634
603.8847117794486,60.0,80.0,MOF,52.44912
604.5112781954887,60.0,80.0,MOF,52.447613
605.1378446115289,60.0,80.0,MOF,52.446102
605.7644110275689,60.0,80.0,MOF,52.444595
606.390977443609,60.0,80.0,MOF,52.44309
607.0175438596491,60.0,80.0,MOF,52.441578
607.6441102756892,60.0,80.0,MOF,52.440075
608.2706766917294,60.0,80.0,MOF,52.43856
608.8972431077694,60.0,80.0,MOF,52.437054
609.5238095238095,60.0,80.0,MOF,52.435543
610.1503759398496,60.0,80.0,MOF,52.43404
610.7769423558897,60.0,80.0,MOF,52.43253
611.4035087719299,60.0,80.0,MOF,52.431026
612.0300751879699,60.0,80.0,MOF,52.429512
612.65664160401,60.0,80.0,MOF,52.42801
613.2832080200501,60.0,80.0,MOF,52.426495
613.9097744360902,60.0,80.0,MOF,52.42499
614.5363408521304,60.0,80.0,MOF,52.42348
615.1629072681704,60.0,80.0,MOF,52.42197
615.7894736842105,60.0,80.0,MOF,52.420467
616.4160401002506,60.0,80.0,MOF,52.418957
617.0426065162907,60.0,80.0,MOF,52.41745
617.6691729323309,60.0,80.0,MOF,52.41594
618.295739348371,60.0,80.0,MOF,52.414433
618.922305764411,60.0,80.0,MOF,52.41292
619.5488721804511,60.0,80.0,MOF,52.41032
620.1754385964912,60.0,80.0,MOF,52.407032
620.8020050125314,60.0,80.0,MOF,52.403744
621.4285714285714,60.0,80.0,MOF,52.400463
622.0551378446115,60.0,80.0,MOF,52.39718
622.6817042606516,60.0,80.0,MOF,52.39389
623.3082706766917,60.0,80.0,MOF,52.390827
623.9348370927319,60.0,80.0,MOF,52.388287
624.561403508772,60.0,80.0,MOF,52.385754
625.187969924812,60.0,80.0,MOF,52.38346
625.8145363408521,60.0,80.0,MOF,52.381313
626.4411027568922,60.0,80.0,MOF,52.379177
627.0676691729324,60.0,80.0,MOF,52.377045
627.6942355889724,60.0,80.0,MOF,52.374897
628.3208020050125,60.0,80.0,MOF,52.372753
628.9473684210526,60.0,80.0,MOF,52.370613
629.5739348370927,60.0,80.0,MOF,52.368473
630.2005012531329,60.0,80.0,MOF,52.366325
630.827067669173,60.0,80.0,MOF,52.36419
631.453634085213,60.0,80.0,MOF,52.36205
632.0802005012531,60.0,80.0,MOF,52.359913
632.7067669172932,60.0,80.0,MOF,52.35777
633.3333333333334,60.0,80.0,MOF,52.355625
633.9598997493734,60.0,80.0,MOF,52.353485
634.5864661654135,60.0,80.0,MOF,52.351345
635.2130325814536,60.0,80.0,MOF,52.349197
635.8395989974937,60.0,80.0,MOF,52.347065
636.4661654135339,60.0,80.0,MOF,52.344917
637.092731829574,60.0,80.0,MOF,52.342777
637.719298245614,60.0,80.0,MOF,52.34063
638.3458646616541,60.0,80.0,MOF,52.33849
638.9724310776942,60.0,80.0,MOF,52.336346
639.5989974937344,60.0,80.0,MOF,52.33421
640.2255639097745,60.0,80.0,MOF,52.332066
640.8521303258145,60.0,80.0,MOF,52.329926
641.4786967418546,60.0,80.0,MOF,52.327778
642.1052631578947,60.0,80.0,MOF,52.325645
642.7318295739349,60.0,80.0,MOF,52.323505
643.358395989975,60.0,80.0,MOF,52.32136
643.984962406015,60.0,80.0,MOF,52.319218
644.6115288220551,60.0,80.0,MOF,52.317078
645.2380952380952,60.0,80.0,MOF,52.314938
645.8646616541354,60.0,80.0,MOF,52.3128
646.4912280701755,60.0,80.0,MOF,52.310658
647.1177944862155,60.0,80.0,MOF,52.308514
647.7443609022556,60.0,80.0,MOF,52.306374
648.3709273182957,60.0,80.0,MOF,52.304234
648.9974937343359,60.0,80.0,MOF,52.302094
649.624060150376,60.0,80.0,MOF,52.29995
650.250626566416,60.0,80.0,MOF,52.29781
650.8771929824561,60.0,80.0,MOF,52.295673
651.5037593984962,60.0,80.0,MOF,52.29353
652.1303258145364,60.0,80.0,MOF,52.291378
652.7568922305765,60.0,80.0,MOF,52.28924
653.3834586466165,60.0,80.0,MOF,52.287098
654.0100250626566,60.0,80.0,MOF,52.284958
654.6365914786967,60.0,80.0,MOF,52.282825
655.2631578947369,60.0,80.0,MOF,52.280678
655.889724310777,60.0,80.0,MOF,52.278534
656.516290726817,60.0,80.0,MOF,52.276394
657.1428571428571,60.0,80.0,MOF,52.27425
657.7694235588972,60.0,80.0,MOF,52.272114
658.3959899749374,60.0,80.0,MOF,52.269974
659.0225563909775,60.0,80.0,MOF,52.267826
659.6491228070175,60.0,80.0,MOF,52.26569
660.2756892230576,60.0,80.0,MOF,52.264305
660.9022556390977,60.0,80.0,MOF,52.263897
661.5288220551379,60.0,80.0,MOF,52.263485
662.155388471178,60.0,80.0,MOF,52.262924
662.781954887218,60.0,80.0,MOF,52.261677
663.4085213032581,60.0,80.0,MOF,52.260437
664.0350877192982,60.0,80.0,MOF,52.259197
664.6616541353384,60.0,80.0,MOF,52.257946
665.2882205513785,60.0,80.0,MOF,52.25671
665.9147869674185,60.0,80.0,MOF,52.255463
666.5413533834586,60.0,80.0,MOF,52.254215
667.1679197994987,60.0,80.0,MOF,52.25298
667.7944862155389,60.0,80.0,MOF,52.251736
668.421052631579,60.0,80.0,MOF,52.250492
669.047619047619,60.0,80.0,MOF,52.249237
669.6741854636591,60.0,80.0,MOF,52.248867
670.3007518796992,60.0,80.0,MOF,52.248898
670.9273182957394,60.0,80.0,MOF,52.248924
671.5538847117795,60.0,80.0,MOF,52.24895
672.1804511278195,60.0,80.0,MOF,52.24898
672.8070175438596,60.0,80.0,MOF,52.24901
673.4335839598998,60.0,80.0,MOF,52.249035
674.0601503759399,60.0,80.0,MOF,52.249054
674.68671679198,60.0,80.0,MOF,52.24909
675.31328320802,60.0,80.0,MOF,52.24912
675.9398496240601,60.0,80.0,MOF,52.24914
676.5664160401002,60.0,80.0,MOF,52.249172
677.1929824561404,60.0,80.0,MOF,52.249203
677.8195488721805,60.0,80.0,MOF,52.249218
678.4461152882205,60.0,80.0,MOF,52.249256
679.0726817042606,60.0,80.0,MOF,52.249275
679.6992481203008,60.0,80.0,MOF,52.249306
680.3258145363409,60.0,80.0,MOF,52.249325
680.952380952381,60.0,80.0,MOF,52.249363
681.578947368421,60.0,80.0,MOF,52.249382
682.2055137844611,60.0,80.0,MOF,52.24941
682.8320802005012,60.0,80.0,MOF,52.24944
683.4586466165414,60.0,80.0,MOF,52.249462
684.0852130325815,60.0,80.0,MOF,52.249493
684.7117794486215,60.0,80.0,MOF,52.24952
685.3383458646616,60.0,80.0,MOF,52.24954
685.9649122807018,60.0,80.0,MOF,52.249577
686.5914786967419,60.0,80.0,MOF,52.2496
687.218045112782,60.0,80.0,MOF,52.24963
687.844611528822,60.0,80.0,MOF,52.249645
688.4711779448621,60.0,80.0,MOF,52.249683
689.0977443609022,60.0,80.0,MOF,52.249706
689.7243107769424,60.0,80.0,MOF,52.249737
690.3508771929825,60.0,80.0,MOF,52.24976
690.9774436090225,60.0,80.0,MOF,52.24979
691.6040100250626,60.0,80.0,MOF,52.24981
692.2305764411028,60.0,80.0,MOF,52.249844
692.8571428571429,60.0,80.0,MOF,52.24987
693.483709273183,60.0,80.0,MOF,52.249897
694.110275689223,60.0,80.0,MOF,52.247883
694.7368421052631,60.0,80.0,MOF,52.238987
695.3634085213032,60.0,80.0,MOF,52.230106
695.9899749373434,60.0,80.0,MOF,52.22121
696.6165413533835,60.0,80.0,MOF,52.212322
697.2431077694235,60.0,80.0,MOF,52.20343
697.8696741854636,60.0,80.0,MOF,52.19454
698.4962406015038,60.0,80.0,MOF,52.18565
699.1228070175439,60.0,80.0,MOF,52.17676
699.749373433584,60.0,80.0,MOF,52.16787
700.375939849624,60.0,80.0,MOF,52.158978
701.0025062656641,60.0,80.0,MOF,52.15009
701.6290726817042,60.0,80.0,MOF,52.141205
702.2556390977444,60.0,80.0,MOF,52.132313
702.8822055137845,60.0,80.0,MOF,52.123417
703.5087719298245,60.0,80.0,MOF,52.11453
704.1353383458646,60.0,80.0,MOF,52.10564
704.7619047619048,60.0,80.0,MOF,52.096745
705.3884711779449,60.0,80.0,MOF,52.087856
706.015037593985,60.0,80.0,MOF,52.078976
706.641604010025,60.0,80.0,MOF,52.07008
707.2681704260651,60.0,80.0,MOF,52.061188
707.8947368421052,60.0,80.0,MOF,52.052296
708.5213032581454,60.0,80.0,MOF,52.04341
709.1478696741855,60.0,80.0,MOF,52.03452
709.7744360902255,60.0,80.0,MOF,52.025627
710.4010025062656,60.0,80.0,MOF,52.016743
711.0275689223058,60.0,80.0,MOF,52.007847
711.6541353383459,60.0,80.0,MOF,51.998962
712.280701754386,60.0,80.0,MOF,51.99104
712.907268170426,60.0,80.0,MOF,51.984196
713.5338345864661,60.0,80.0,MOF,51.97736
714.1604010025062,60.0,80.0,MOF,51.970516
714.7869674185464,60.0,80.0,MOF,51.96367
715.4135338345865,60.0,80.0,MOF,51.95682
716.0401002506266,60.0,80.0,MOF,51.949974
716.6666666666666,60.0,80.0,MOF,51.94314
717.2932330827068,60.0,80.0,MOF,51.93629
717.9197994987469,60.0,80.0,MOF,51.929443
718.546365914787,60.0,80.0,MOF,51.922604
719.172932330827,60.0,80.0,MOF,51.915764
719.7994987468671,60.0,80.0,MOF,51.908916
720.4260651629072,60.0,80.0,MOF,51.902073
721.0526315789474,60.0,80.0,MOF,51.895226
721.6791979949875,60.0,80.0,MOF,51.888386
722.3057644110276,60.0,80.0,MOF,51.881535
722.9323308270676,60.0,80.0,MOF,51.8747
723.5588972431078,60.0,80.0,MOF,51.867847
724.1854636591479,60.0,80.0,MOF,51.861004
724.812030075188,60.0,80.0,MOF,51.85416
725.438596491228,60.0,80.0,MOF,51.847317
726.0651629072681,60.0,80.0,MOF,51.840473
726.6917293233082,60.0,80.0,MOF,51.83363
727.3182957393484,60.0,80.0,MOF,51.82679
727.9448621553885,60.0,80.0,MOF,51.819942
728.5714285714286,60.0,80.0,MOF,51.813103
729.1979949874686,60.0,80.0,MOF,51.80625
729.8245614035088,60.0,80.0,MOF,51.799408
730.4511278195489,60.0,80.0,MOF,51.79257
731.077694235589,60.0,80.0,MOF,51.785725
731.704260651629,60.0,80.0,MOF,51.77888
732.3308270676691,60.0,80.0,MOF,51.772026
732.9573934837092,60.0,80.0,MOF,51.765686
733.5839598997494,60.0,80.0,MOF,51.760082
734.2105263157895,60.0,80.0,MOF,51.754467
734.8370927318296,60.0,80.0,MOF,51.74885
735.4636591478696,60.0,80.0,MOF,51.743237
736.0902255639098,60.0,80.0,MOF,51.73763
736.7167919799499,60.0,80.0,MOF,51.73201
737.34335839599,60.0,80.0,MOF,51.726406
737.9699248120301,60.0,80.0,MOF,51.720787
738.5964912280701,60.0,80.0,MOF,51.715168
739.2230576441102,60.0,80.0,MOF,51.709568
739.8496240601504,60.0,80.0,MOF,51.703953
740.4761904761905,60.0,80.0,MOF,51.698345
741.1027568922306,60.0,80.0,MOF,51.692726
741.7293233082706,60.0,80.0,MOF,51.68712
742.3558897243108,60.0,80.0,MOF,51.681503
742.9824561403509,60.0,80.0,MOF,51.67589
743.609022556391,60.0,80.0,MOF,51.670284
744.2355889724311,60.0,80.0,MOF,51.66467
744.8621553884711,60.0,80.0,MOF,51.65906
745.4887218045112,60.0,80.0,MOF,51.653446
746.1152882205514,60.0,80.0,MOF,51.64784
746.7418546365915,60.0,80.0,MOF,51.64222
747.3684210526316,60.0,80.0,MOF,51.63661
747.9949874686716,60.0,80.0,MOF,51.630997
748.6215538847118,60.0,80.0,MOF,51.625385
749.2481203007519,60.0,80.0,MOF,51.61977
749.874686716792,60.0,80.0,MOF,51.614155
750.5012531328321,60.0,80.0,MOF,51.60854
751.1278195488721,60.0,80.0,MOF,51.602932
751.7543859649122,60.0,80.0,MOF,51.597324
752.3809523809524,60.0,80.0,MOF,51.59171
753.0075187969925,60.0,80.0,MOF,51.5861
753.6340852130326,60.0,80.0,MOF,51.580482
754.2606516290726,60.0,80.0,MOF,51.574875
754.8872180451128,60.0,80.0,MOF,51.56926
755.5137844611529,60.0,80.0,MOF,51.56365
756.140350877193,60.0,80.0,MOF,51.55804
756.7669172932331,60.0,80.0,MOF,51.55242
757.3934837092731,60.0,80.0,MOF,51.54681
758.0200501253132,60.0,80.0,MOF,51.541203
758.6466165413534,60.0,80.0,MOF,51.53559
759.2731829573935,60.0,80.0,MOF,51.529972
759.8997493734336,60.0,80.0,MOF,51.524353
760.5263157894736,60.0,80.0,MOF,51.51875
761.1528822055138,60.0,80.0,MOF,51.513138
761.7794486215539,60.0,80.0,MOF,51.507526
762.406015037594,60.0,80.0,MOF,51.50192
763.0325814536341,60.0,80.0,MOF,51.496304
763.6591478696741,60.0,80.0,MOF,51.490696
764.2857142857142,60.0,80.0,MOF,51.48508
764.9122807017544,60.0,80.0,MOF,51.479465
765.5388471177945,60.0,80.0,MOF,51.473854
766.1654135338346,60.0,80.0,MOF,51.46825
766.7919799498746,60.0,80.0,MOF,51.462627
767.4185463659148,60.0,80.0,MOF,51.45702
768.0451127819549,60.0,80.0,MOF,51.451405
768.671679197995,60.0,80.0,MOF,51.445793
769.2982456140351,60.0,80.0,MOF,51.440174
769.9248120300751,60.0,80.0,MOF,51.434574
770.5513784461152,60.0,80.0,MOF,51.428955
771.1779448621554,60.0,80.0,MOF,51.42326
771.8045112781955,60.0,80.0,MOF,51.415447
772.4310776942356,60.0,80.0,MOF,51.407623
773.0576441102756,60.0,80.0,MOF,51.399807
773.6842105263158,60.0,80.0,MOF,51.391987
774.3107769423559,60.0,80.0,MOF,51.384167
774.937343358396,60.0,80.0,MOF,51.37635
775.5639097744361,60.0,80.0,MOF,51.368534
776.1904761904761,60.0,80.0,MOF,51.360714
776.8170426065162,60.0,80.0,MOF,51.352886
777.4436090225564,60.0,80.0,MOF,51.345066
778.0701754385965,60.0,80.0,MOF,51.337254
778.6967418546366,60.0,80.0,MOF,51.329433
779.3233082706766,60.0,80.0,MOF,51.321606
779.9498746867168,60.0,80.0,MOF,51.31379
780.5764411027569,60.0,80.0,MOF,51.30597
781.203007518797,60.0,80.0,MOF,51.298153
781.8295739348371,60.0,80.0,MOF,51.290333
782.4561403508771,60.0,80.0,MOF,51.282505
783.0827067669172,60.0,80.0,MOF,51.274693
783.7092731829574,60.0,80.0,MOF,51.26687
784.3358395989975,60.0,80.0,MOF,51.25905
784.9624060150376,60.0,80.0,MOF,51.25123
785.5889724310777,60.0,80.0,MOF,51.243412
786.2155388471178,60.0,80.0,MOF,51.23559
786.8421052631579,60.0,80.0,MOF,51.22777
787.468671679198,60.0,80.0,MOF,51.219944
788.0952380952381,60.0,80.0,MOF,51.212128
788.7218045112782,60.0,80.0,MOF,51.204315
789.3483709273182,60.0,80.0,MOF,51.19649
789.9749373433584,60.0,80.0,MOF,51.18888
790.6015037593985,60.0,80.0,MOF,51.184013
791.2280701754386,60.0,80.0,MOF,51.179867
791.8546365914787,60.0,80.0,MOF,51.17595
792.4812030075188,60.0,80.0,MOF,51.172024
793.1077694235589,60.0,80.0,MOF,51.1681
793.734335839599,60.0,80.0,MOF,51.164173
794.3609022556391,60.0,80.0,MOF,51.16025
794.9874686716792,60.0,80.0,MOF,51.156326
795.6140350877192,60.0,80.0,MOF,51.152405
796.2406015037594,60.0,80.0,MOF,51.148487
796.8671679197995,60.0,80.0,MOF,51.14456
797.4937343358396,60.0,80.0,MOF,51.140633
798.1203007518797,60.0,80.0,MOF,51.137253
798.7468671679198,60.0,80.0,MOF,51.13452
799.3734335839599,60.0,80.0,MOF,51.131794
800.0,60.0,80.0,MOF,51.129063
550.0,80.0,80.0,MOF,47.00041
550.6265664160401,80.0,80.0,MOF,46.997463
551.2531328320802,80.0,80.0,MOF,46.994522
551.8796992481203,80.0,80.0,MOF,46.99157
552.5062656641604,80.0,80.0,MOF,46.99057
553.1328320802005,80.0,80.0,MOF,46.98969
553.7593984962406,80.0,80.0,MOF,46.988808
554.3859649122807,80.0,80.0,MOF,46.987926
555.0125313283208,80.0,80.0,MOF,46.987045
555.6390977443609,80.0,80.0,MOF,46.986168
556.265664160401,80.0,80.0,MOF,46.985287
556.8922305764411,80.0,80.0,MOF,46.984406
557.5187969924812,80.0,80.0,MOF,46.983433
558.1453634085213,80.0,80.0,MOF,46.982464
558.7719298245614,80.0,80.0,MOF,46.9815
559.3984962406015,80.0,80.0,MOF,46.98052
560.0250626566416,80.0,80.0,MOF,46.979557
560.6516290726817,80.0,80.0,MOF,46.978584
561.2781954887218,80.0,80.0,MOF,46.97761
561.9047619047619,80.0,80.0,MOF,46.976643
562.531328320802,80.0,80.0,MOF,46.975666
563.1578947368421,80.0,80.0,MOF,46.97469
563.7844611528822,80.0,80.0,MOF,46.97372
564.4110275689223,80.0,80.0,MOF,46.97276
565.0375939849624,80.0,80.0,MOF,46.972668
565.6641604010025,80.0,80.0,MOF,46.973206
566.2907268170426,80.0,80.0,MOF,46.973743
566.9172932330827,80.0,80.0,MOF,46.974285
567.5438596491229,80.0,80.0,MOF,46.97482
568.1704260651629,80.0,80.0,MOF,46.975353
568.796992481203,80.0,80.0,MOF,46.9759
569.4235588972431,80.0,80.0,MOF,46.976437
570.0501253132832,80.0,80.0,MOF,46.97698
570.6766917293234,80.0,80.0,MOF,46.977512
571.3032581453634,80.0,80.0,MOF,46.978046
571.9298245614035,80.0,80.0,MOF,46.978584
572.5563909774436,80.0,80.0,MOF,46.979122
573.1829573934837,80.0,80.0,MOF,46.97966
573.8095238095239,80.0,80.0,MOF,46.980206
574.4360902255639,80.0,80.0,MOF,46.980736
575.062656641604,80.0,80.0,MOF,46.981277
575.6892230576441,80.0,80.0,MOF,46.981815
576.3157894736842,80.0,80.0,MOF,46.98235
576.9423558897244,80.0,80.0,MOF,46.98289
577.5689223057644,80.0,80.0,MOF,46.983433
578.1954887218045,80.0,80.0,MOF,46.98396
578.8220551378446,80.0,80.0,MOF,46.984505
579.4486215538847,80.0,80.0,MOF,46.98504
580.0751879699249,80.0,80.0,MOF,46.985577
580.7017543859649,80.0,80.0,MOF,46.98612
581.328320802005,80.0,80.0,MOF,46.986652
581.9548872180451,80.0,80.0,MOF,46.987194
582.5814536340852,80.0,80.0,MOF,46.987736
583.2080200501254,80.0,80.0,MOF,46.98827
583.8345864661654,80.0,80.0,MOF,46.98851
584.4611528822055,80.0,80.0,MOF,46.98818
585.0877192982456,80.0,80.0,MOF,46.988453
585.7142857142857,80.0,80.0,MOF,46.988728
586.3408521303259,80.0,80.0,MOF,46.988987
586.9674185463659,80.0,80.0,MOF,46.98927
587.593984962406,80.0,80.0,MOF,46.989544
588.2205513784461,80.0,80.0,MOF,46.98981
588.8471177944862,80.0,80.0,MOF,46.990086
589.4736842105264,80.0,80.0,MOF,46.99036
590.1002506265664,80.0,80.0,MOF,46.98968
590.7268170426065,80.0,80.0,MOF,46.98819
591.3533834586466,80.0,80.0,MOF,46.986694
591.9799498746867,80.0,80.0,MOF,46.985207
592.6065162907269,80.0,80.0,MOF,46.983707
593.2330827067669,80.0,80.0,MOF,46.98222
593.859649122807,80.0,80.0,MOF,46.98072
594.4862155388471,80.0,80.0,MOF,46.97922
595.1127819548872,80.0,80.0,MOF,46.977734
595.7393483709274,80.0,80.0,MOF,46.976246
596.3659147869674,80.0,80.0,MOF,46.974743
596.9924812030075,80.0,80.0,MOF,46.97326
597.6190476190476,80.0,80.0,MOF,46.971798
598.2456140350877,80.0,80.0,MOF,46.97069
598.8721804511279,80.0,80.0,MOF,46.969593
599.4987468671679,80.0,80.0,MOF,46.968502
600.125313283208,80.0,80.0,MOF,46.967407
600.7518796992481,80.0,80.0,MOF,46.966312
601.3784461152882,80.0,80.0,MOF,46.965214
602.0050125313284,80.0,80.0,MOF,46.964123
602.6315789473684,80.0,80.0,MOF,46.963024
603.2581453634085,80.0,80.0,MOF,46.961918
603.8847117794486,80.0,80.0,MOF,46.960827
604.5112781954887,80.0,80.0,MOF,46.95973
605.1378446115289,80.0,80.0,MOF,46.95863
605.7644110275689,80.0,80.0,MOF,46.957535
606.390977443609,80.0,80.0,MOF,46.95644
607.0175438596491,80.0,80.0,MOF,46.95534
607.6441102756892,80.0,80.0,MOF,46.954243
608.2706766917294,80.0,80.0,MOF,46.953144
608.8972431077694,80.0,80.0,MOF,46.952045
609.5238095238095,80.0,80.0,MOF,46.95095
610.1503759398496,80.0,80.0,MOF,46.949856
610.7769423558897,80.0,80.0,MOF,46.948757
611.4035087719299,80.0,80.0,MOF,46.947666
612.0300751879699,80.0,80.0,MOF,46.946564
612.65664160401,80.0,80.0,MOF,46.94547
613.2832080200501,80.0,80.0,MOF,46.94437
613.9097744360902,80.0,80.0,MOF,46.94327
614.5363408521304,80.0,80.0,MOF,46.942177
615.1629072681704,80.0,80.0,MOF,46.94109
615.7894736842105,80.0,80.0,MOF,46.939987
616.4160401002506,80.0,80.0,MOF,46.938892
617.0426065162907,80.0,80.0,MOF,46.937794
617.6691729323309,80.0,80.0,MOF,46.936695
618.295739348371,80.0,80.0,MOF,46.935596
618.922305764411,80.0,80.0,MOF,46.934498
619.5488721804511,80.0,80.0,MOF,46.933407
620.1754385964912,80.0,80.0,MOF,46.93231
620.8020050125314,80.0,80.0,MOF,46.93121
621.4285714285714,80.0,80.0,MOF,46.93011
622.0551378446115,80.0,80.0,MOF,46.92902
622.6817042606516,80.0,80.0,MOF,46.92792
623.3082706766917,80.0,80.0,MOF,46.926823
623.9348370927319,80.0,80.0,MOF,46.925724
624.561403508772,80.0,80.0,MOF,46.92463
625.187969924812,80.0,80.0,MOF,46.923534
625.8145363408521,80.0,80.0,MOF,46.922436
626.4411027568922,80.0,80.0,MOF,46.921337
627.0676691729324,80.0,80.0,MOF,46.920597
627.6942355889724,80.0,80.0,MOF,46.92002
628.3208020050125,80.0,80.0,MOF,46.919445
628.9473684210526,80.0,80.0,MOF,46.91887
629.5739348370927,80.0,80.0,MOF,46.918293
630.2005012531329,80.0,80.0,MOF,46.917713
630.827067669173,80.0,80.0,MOF,46.91714
631.453634085213,80.0,80.0,MOF,46.91656
632.0802005012531,80.0,80.0,MOF,46.91599
632.7067669172932,80.0,80.0,MOF,46.915413
633.3333333333334,80.0,80.0,MOF,46.914833
633.9598997493734,80.0,80.0,MOF,46.914257
634.5864661654135,80.0,80.0,MOF,46.91328
635.2130325814536,80.0,80.0,MOF,46.91226
635.8395989974937,80.0,80.0,MOF,46.912617
636.4661654135339,80.0,80.0,MOF,46.913166
637.092731829574,80.0,80.0,MOF,46.913715
637.719298245614,80.0,80.0,MOF,46.914257
638.3458646616541,80.0,80.0,MOF,46.914806
638.9724310776942,80.0,80.0,MOF,46.915356
639.5989974937344,80.0,80.0,MOF,46.915897
640.2255639097745,80.0,80.0,MOF,46.916447
640.8521303258145,80.0,80.0,MOF,46.917385
641.4786967418546,80.0,80.0,MOF,46.918682
642.1052631578947,80.0,80.0,MOF,46.91997
642.7318295739349,80.0,80.0,MOF,46.921265
643.358395989975,80.0,80.0,MOF,46.92256
643.984962406015,80.0,80.0,MOF,46.92385
644.6115288220551,80.0,80.0,MOF,46.92515
645.2380952380952,80.0,80.0,MOF,46.926445
645.8646616541354,80.0,80.0,MOF,46.927742
646.4912280701755,80.0,80.0,MOF,46.92903
647.1177944862155,80.0,80.0,MOF,46.93033
647.7443609022556,80.0,80.0,MOF,46.93162
648.3709273182957,80.0,80.0,MOF,46.93292
648.9974937343359,80.0,80.0,MOF,46.934208
649.624060150376,80.0,80.0,MOF,46.935505
650.250626566416,80.0,80.0,MOF,46.9368
650.8771929824561,80.0,80.0,MOF,46.934372
651.5037593984962,80.0,80.0,MOF,46.931416
652.1303258145364,80.0,80.0,MOF,46.928448
652.7568922305765,80.0,80.0,MOF,46.925526
653.3834586466165,80.0,80.0,MOF,46.922615
654.0100250626566,80.0,80.0,MOF,46.919697
654.6365914786967,80.0,80.0,MOF,46.91679
655.2631578947369,80.0,80.0,MOF,46.913876
655.889724310777,80.0,80.0,MOF,46.910965
656.516290726817,80.0,80.0,MOF,46.908054
657.1428571428571,80.0,80.0,MOF,46.905148
657.7694235588972,80.0,80.0,MOF,46.902233
658.3959899749374,80.0,80.0,MOF,46.89932
659.0225563909775,80.0,80.0,MOF,46.8964
659.6491228070175,80.0,80.0,MOF,46.893494
660.2756892230576,80.0,80.0,MOF,46.890575
660.9022556390977,80.0,80.0,MOF,46.88767
661.5288220551379,80.0,80.0,MOF,46.88475
662.155388471178,80.0,80.0,MOF,46.881836
662.781954887218,80.0,80.0,MOF,46.878925
663.4085213032581,80.0,80.0,MOF,46.87601
664.0350877192982,80.0,80.0,MOF,46.873104
664.6616541353384,80.0,80.0,MOF,46.870193
665.2882205513785,80.0,80.0,MOF,46.867283
665.9147869674185,80.0,80.0,MOF,46.86437
666.5413533834586,80.0,80.0,MOF,46.861454
667.1679197994987,80.0,80.0,MOF,46.858536
667.7944862155389,80.0,80.0,MOF,46.855633
668.421052631579,80.0,80.0,MOF,46.852715
669.047619047619,80.0,80.0,MOF,46.849808
669.6741854636591,80.0,80.0,MOF,46.846893
670.3007518796992,80.0,80.0,MOF,46.84398
670.9273182957394,80.0,80.0,MOF,46.84107
671.5538847117795,80.0,80.0,MOF,46.838154
672.1804511278195,80.0,80.0,MOF,46.83524
672.8070175438596,80.0,80.0,MOF,46.832333
673.4335839598998,80.0,80.0,MOF,46.82941
674.0601503759399,80.0,80.0,MOF,46.82651
674.68671679198,80.0,80.0,MOF,46.823593
675.31328320802,80.0,80.0,MOF,46.820675
675.9398496240601,80.0,80.0,MOF,46.817764
676.5664160401002,80.0,80.0,MOF,46.814857
677.1929824561404,80.0,80.0,MOF,46.811947
677.8195488721805,80.0,80.0,MOF,46.809032
678.4461152882205,80.0,80.0,MOF,46.80612
679.0726817042606,80.0,80.0,MOF,46.80321
679.6992481203008,80.0,80.0,MOF,46.8003
680.3258145363409,80.0,80.0,MOF,46.797386
680.952380952381,80.0,80.0,MOF,46.794476
681.578947368421,80.0,80.0,MOF,46.79156
682.2055137844611,80.0,80.0,MOF,46.788647
682.8320802005012,80.0,80.0,MOF,46.785732
683.4586466165414,80.0,80.0,MOF,46.78278
684.0852130325815,80.0,80.0,MOF,46.778614
684.7117794486215,80.0,80.0,MOF,46.774456
685.3383458646616,80.0,80.0,MOF,46.770298
685.9649122807018,80.0,80.0,MOF,46.76614
686.5914786967419,80.0,80.0,MOF,46.76198
687.218045112782,80.0,80.0,MOF,46.757824
687.844611528822,80.0,80.0,MOF,46.753662
688.4711779448621,80.0,80.0,MOF,46.7495
689.0977443609022,80.0,80.0,MOF,46.74534
689.7243107769424,80.0,80.0,MOF,46.741184
690.3508771929825,80.0,80.0,MOF,46.73702
690.9774436090225,80.0,80.0,MOF,46.732864
691.6040100250626,80.0,80.0,MOF,46.728703
692.2305764411028,80.0,80.0,MOF,46.72454
692.8571428571429,80.0,80.0,MOF,46.720387
693.483709273183,80.0,80.0,MOF,46.716217
694.110275689223,80.0,80.0,MOF,46.712063
694.7368421052631,80.0,80.0,MOF,46.7079
695.3634085213032,80.0,80.0,MOF,46.703743
695.9899749373434,80.0,80.0,MOF,46.69958
696.6165413533835,80.0,80.0,MOF,46.69542
697.2431077694235,80.0,80.0,MOF,46.690804
697.8696741854636,80.0,80.0,MOF,46.684242
698.4962406015038,80.0,80.0,MOF,46.67628
699.1228070175439,80.0,80.0,MOF,46.667515
699.749373433584,80.0,80.0,MOF,46.65875
700.375939849624,80.0,80.0,MOF,46.649967
701.0025062656641,80.0,80.0,MOF,46.6412
701.6290726817042,80.0,80.0,MOF,46.632427
702.2556390977444,80.0,80.0,MOF,46.62366
702.8822055137845,80.0,80.0,MOF,46.61488
703.5087719298245,80.0,80.0,MOF,46.606113
704.1353383458646,80.0,80.0,MOF,46.59734
704.7619047619048,80.0,80.0,MOF,46.588573
705.3884711779449,80.0,80.0,MOF,46.58007
706.015037593985,80.0,80.0,MOF,46.57257
706.641604010025,80.0,80.0,MOF,46.565067
707.2681704260651,80.0,80.0,MOF,46.557568
707.8947368421052,80.0,80.0,MOF,46.55006
708.5213032581454,80.0,80.0,MOF,46.54256
709.1478696741855,80.0,80.0,MOF,46.53506
709.7744360902255,80.0,80.0,MOF,46.52756
710.4010025062656,80.0,80.0,MOF,46.52006
711.0275689223058,80.0,80.0,MOF,46.512554
711.6541353383459,80.0,80.0,MOF,46.505054
712.280701754386,80.0,80.0,MOF,46.497555
712.907268170426,80.0,80.0,MOF,46.49005
713.5338345864661,80.0,80.0,MOF,46.482555
714.1604010025062,80.0,80.0,MOF,46.47506
714.7869674185464,80.0,80.0,MOF,46.46755
715.4135338345865,80.0,80.0,MOF,46.46005
716.0401002506266,80.0,80.0,MOF,46.45254
716.6666666666666,80.0,80.0,MOF,46.44505
717.2932330827068,80.0,80.0,MOF,46.43755
717.9197994987469,80.0,80.0,MOF,46.430042
718.546365914787,80.0,80.0,MOF,46.422543
719.172932330827,80.0,80.0,MOF,46.41504
719.7994987468671,80.0,80.0,MOF,46.407536
720.4260651629072,80.0,80.0,MOF,46.400036
721.0526315789474,80.0,80.0,MOF,46.392857
721.6791979949875,80.0,80.0,MOF,46.386883
722.3057644110276,80.0,80.0,MOF,46.38098
722.9323308270676,80.0,80.0,MOF,46.375076
723.5588972431078,80.0,80.0,MOF,46.369167
724.1854636591479,80.0,80.0,MOF,46.363247
724.812030075188,80.0,80.0,MOF,46.35735
725.438596491228,80.0,80.0,MOF,46.351437
726.0651629072681,80.0,80.0,MOF,46.34553
726.6917293233082,80.0,80.0,MOF,46.339626
727.3182957393484,80.0,80.0,MOF,46.333717
727.9448621553885,80.0,80.0,MOF,46.327805
728.5714285714286,80.0,80.0,MOF,46.321903
729.1979949874686,80.0,80.0,MOF,46.315998
729.8245614035088,80.0,80.0,MOF,46.310085
730.4511278195489,80.0,80.0,MOF,46.30418
731.077694235589,80.0,80.0,MOF,46.29827
731.704260651629,80.0,80.0,MOF,46.292362
732.3308270676691,80.0,80.0,MOF,46.286457
732.9573934837092,80.0,80.0,MOF,46.280552
733.5839598997494,80.0,80.0,MOF,46.274647
734.2105263157895,80.0,80.0,MOF,46.268738
734.8370927318296,80.0,80.0,MOF,46.26283
735.4636591478696,80.0,80.0,MOF,46.25692
736.0902255639098,80.0,80.0,MOF,46.25101
736.7167919799499,80.0,80.0,MOF,46.245106
737.34335839599,80.0,80.0,MOF,46.2392
737.9699248120301,80.0,80.0,MOF,46.233288
738.5964912280701,80.0,80.0,MOF,46.227383
739.2230576441102,80.0,80.0,MOF,46.221478
739.8496240601504,80.0,80.0,MOF,46.215565
740.4761904761905,80.0,80.0,MOF,46.20966
741.1027568922306,80.0,80.0,MOF,46.203747
741.7293233082706,80.0,80.0,MOF,46.196827
742.3558897243108,80.0,80.0,MOF,46.182003
742.9824561403509,80.0,80.0,MOF,46.16718
743.609022556391,80.0,80.0,MOF,46.152744
744.2355889724311,80.0,80.0,MOF,46.139652
744.8621553884711,80.0,80.0,MOF,46.126556
745.4887218045112,80.0,80.0,MOF,46.113453
746.1152882205514,80.0,80.0,MOF,46.100353
746.7418546365915,80.0,80.0,MOF,46.08726
747.3684210526316,80.0,80.0,MOF,46.074165
747.9949874686716,80.0,80.0,MOF,46.06107
748.6215538847118,80.0,80.0,MOF,46.049267
749.2481203007519,80.0,80.0,MOF,46.037876
749.874686716792,80.0,80.0,MOF,46.026478
750.5012531328321,80.0,80.0,MOF,46.015083
751.1278195488721,80.0,80.0,MOF,46.00369
751.7543859649122,80.0,80.0,MOF,45.9923
752.3809523809524,80.0,80.0,MOF,45.980907
753.0075187969925,80.0,80.0,MOF,45.969513
753.6340852130326,80.0,80.0,MOF,45.958126
754.2606516290726,80.0,80.0,MOF,45.946724
754.8872180451128,80.0,80.0,MOF,45.93533
755.5137844611529,80.0,80.0,MOF,45.92394
756.140350877193,80.0,80.0,MOF,45.912548
756.7669172932331,80.0,80.0,MOF,45.901146
757.3934837092731,80.0,80.0,MOF,45.890095
758.0200501253132,80.0,80.0,MOF,45.879734
758.6466165413534,80.0,80.0,MOF,45.86937
759.2731829573935,80.0,80.0,MOF,45.858997
759.8997493734336,80.0,80.0,MOF,45.848633
760.5263157894736,80.0,80.0,MOF,45.83827
761.1528822055138,80.0,80.0,MOF,45.827904
761.7794486215539,80.0,80.0,MOF,45.817543
762.406015037594,80.0,80.0,MOF,45.807175
763.0325814536341,80.0,80.0,MOF,45.79681
763.6591478696741,80.0,80.0,MOF,45.78644
764.2857142857142,80.0,80.0,MOF,45.77608
764.9122807017544,80.0,80.0,MOF,45.765717
765.5388471177945,80.0,80.0,MOF,45.755352
766.1654135338346,80.0,80.0,MOF,45.744984
766.7919799498746,80.0,80.0,MOF,45.734623
767.4185463659148,80.0,80.0,MOF,45.72426
768.0451127819549,80.0,80.0,MOF,45.713898
768.671679197995,80.0,80.0,MOF,45.703526
769.2982456140351,80.0,80.0,MOF,45.69316
769.9248120300751,80.0,80.0,MOF,45.682804
770.5513784461152,80.0,80.0,MOF,45.672436
771.1779448621554,80.0,80.0,MOF,45.662064
771.8045112781955,80.0,80.0,MOF,45.651703
772.4310776942356,80.0,80.0,MOF,45.64133
773.0576441102756,80.0,80.0,MOF,45.630974
773.6842105263158,80.0,80.0,MOF,45.61964
774.3107769423559,80.0,80.0,MOF,45.608234
774.937343358396,80.0,80.0,MOF,45.596836
775.5639097744361,80.0,80.0,MOF,45.585423
776.1904761904761,80.0,80.0,MOF,45.57446
776.8170426065162,80.0,80.0,MOF,45.563595
777.4436090225564,80.0,80.0,MOF,45.55273
778.0701754385965,80.0,80.0,MOF,45.541874
778.6967418546366,80.0,80.0,MOF,45.53101
779.3233082706766,80.0,80.0,MOF,45.520145
779.9498746867168,80.0,80.0,MOF,45.509285
780.5764411027569,80.0,80.0,MOF,45.498425
781.203007518797,80.0,80.0,MOF,45.48756
781.8295739348371,80.0,80.0,MOF,45.476704
782.4561403508771,80.0,80.0,MOF,45.465843
783.0827067669172,80.0,80.0,MOF,45.454983
783.7092731829574,80.0,80.0,MOF,45.44412
784.3358395989975,80.0,80.0,MOF,45.43326
784.9624060150376,80.0,80.0,MOF,45.422394
785.5889724310777,80.0,80.0,MOF,45.41154
786.2155388471178,80.0,80.0,MOF,45.400677
786.8421052631579,80.0,80.0,MOF,45.389816
787.468671679198,80.0,80.0,MOF,45.378956
788.0952380952381,80.0,80.0,MOF,45.3681
788.7218045112782,80.0,80.0,MOF,45.35899
789.3483709273182,80.0,80.0,MOF,45.350384
789.9749373433584,80.0,80.0,MOF,45.34177
790.6015037593985,80.0,80.0,MOF,45.333164
791.2280701754386,80.0,80.0,MOF,45.32455
791.8546365914787,80.0,80.0,MOF,45.315952
792.4812030075188,80.0,80.0,MOF,45.307346
793.1077694235589,80.0,80.0,MOF,45.298737
793.734335839599,80.0,80.0,MOF,45.290127
794.3609022556391,80.0,80.0,MOF,45.281525
794.9874686716792,80.0,80.0,MOF,45.272915
795.6140350877192,80.0,80.0,MOF,45.264313
796.2406015037594,80.0,80.0,MOF,45.255703
796.8671679197995,80.0,80.0,MOF,45.247093
797.4937343358396,80.0,80.0,MOF,45.238487
798.1203007518797,80.0,80.0,MOF,45.229877
798.7468671679198,80.0,80.0,MOF,45.22128
799.3734335839599,80.0,80.0,MOF,45.212673
800.0,80.0,80.0,MOF,45.204067
